<!-- Created with clker.com Auto tracing tool http://www.clker.com) --> 
<svg 
   xmlns='http://www.w3.org/2000/svg'
   width='813.000000'
   height='1230.000000'>
<path style='opacity:1;fill:#A75D14;fill-rule:evenodd;stroke:#A75D14;stroke-width:1px;stroke-linecap:butt;stroke-linejoin:miter;stroke-opacity:1;' d='M 444 280 L 445 280 L 446 283 Q 447 286 445 286 Q 443 286 442 287 Q 442 288 441 289 Q 440 289 440 291 L 440 293 L 439 293 L 439 294 L 439 294 L 438 294 L 438 294 L 438 294 L 438 295 L 438 295 L 437 295 L 437 295 L 435 295 Q 433 296 420 297 L 408 299 L 408 299 Q 408 298 404 298 Q 400 297 400 296 Q 400 295 405 294 L 410 292 L 410 290 Q 410 287 408 286 L 406 284 L 406 284 L 406 284 L 406 283 L 406 283 L 405 282 L 405 281 L 405 281 L 406 281 L 406 281 L 406 282 L 406 282 L 406 282 L 407 282 L 407 282 L 417 282 Q 427 282 435 281 Q 443 280 444 280 z 
'/>
<path style='opacity:1;fill:#443C1C;fill-rule:evenodd;stroke:#443C1C;stroke-width:1px;stroke-linecap:butt;stroke-linejoin:miter;stroke-opacity:1;' d='M 195 314 L 197 309 L 200 311 Q 204 312 206 312 Q 208 310 209 311 Q 210 312 212 316 Q 212 319 213 321 L 214 323 L 214 323 L 214 323 L 214 323 Q 214 324 210 325 Q 207 326 207 325 Q 207 324 204 325 Q 200 326 198 328 L 197 330 L 197 330 L 196 330 L 196 330 L 196 330 L 196 331 L 196 331 L 195 331 L 195 332 L 195 332 L 194 332 L 194 331 L 194 330 L 194 329 L 194 328 L 194 325 L 194 322 L 193 322 L 192 322 L 192 321 L 192 321 L 191 321 L 191 320 L 191 320 L 191 320 L 192 320 L 192 320 L 192 319 Q 192 319 195 314 z 
'/>
<path style='opacity:1;fill:#603517;fill-rule:evenodd;stroke:#603517;stroke-width:1px;stroke-linecap:butt;stroke-linejoin:miter;stroke-opacity:1;' d='M 120 942 L 121 942 L 121 942 L 122 942 L 122 944 L 122 946 L 123 946 L 123 946 L 124 947 L 125 947 L 125 947 L 125 948 L 125 948 L 124 948 L 124 950 L 124 951 L 126 951 L 127 951 L 127 952 L 128 953 L 128 953 L 128 952 L 129 952 L 130 952 L 130 951 L 130 951 L 131 951 L 131 950 L 131 950 L 132 950 L 132 950 L 132 950 L 130 956 Q 128 962 127 964 Q 126 967 125 968 L 125 968 L 125 968 L 124 968 L 124 968 L 124 969 L 123 969 L 122 970 L 122 970 L 122 970 L 121 970 L 121 970 L 120 970 L 118 970 L 118 970 L 118 970 L 117 968 L 116 967 L 116 962 Q 116 957 118 950 Q 119 942 120 942 z 
'/>
<path style='opacity:1;fill:#322E16;fill-rule:evenodd;stroke:#322E16;stroke-width:1px;stroke-linecap:butt;stroke-linejoin:miter;stroke-opacity:1;' d='M 645 336 L 652 336 L 654 335 L 655 335 L 656 336 Q 657 338 661 339 Q 665 340 670 342 Q 675 344 676 346 Q 677 346 679 347 Q 682 347 682 353 L 682 359 L 681 360 L 681 362 L 682 362 L 684 362 L 684 363 L 684 363 L 685 363 L 685 362 L 685 362 L 686 362 L 687 359 Q 689 356 695 356 Q 700 356 701 358 Q 702 360 703 360 Q 704 360 704 358 Q 704 357 706 359 Q 707 360 708 360 Q 709 360 710 360 L 712 360 L 712 359 L 712 359 L 713 360 L 713 360 L 713 360 L 713 360 L 714 361 L 714 361 L 714 364 L 714 366 L 713 366 L 713 366 L 713 367 L 712 367 L 712 367 L 712 366 L 711 366 L 710 366 L 709 368 Q 708 370 708 369 Q 707 368 706 369 Q 705 369 704 370 Q 704 372 700 373 Q 696 374 698 378 Q 700 382 699 383 Q 698 383 698 389 Q 698 395 696 396 Q 693 396 693 397 L 693 398 L 694 398 L 696 398 L 695 399 L 694 400 L 694 400 L 694 400 L 694 400 Q 694 401 694 401 L 694 402 L 693 402 Q 692 402 688 403 Q 683 404 683 405 Q 683 406 682 406 Q 681 406 681 407 Q 682 408 680 410 Q 678 411 678 412 L 677 414 L 677 414 Q 676 414 676 412 Q 676 411 675 411 Q 674 410 673 412 Q 672 414 671 412 Q 670 411 665 413 Q 660 415 658 416 L 656 416 L 655 416 Q 655 416 654 414 L 654 412 L 654 411 L 654 410 L 653 410 L 653 410 L 653 409 L 652 409 L 652 408 L 652 407 L 650 407 L 649 408 L 649 408 L 648 408 L 648 408 L 648 408 L 648 409 L 648 409 L 647 409 Q 647 410 646 410 Q 645 410 644 412 Q 644 414 642 413 Q 641 412 638 411 Q 636 410 633 413 Q 630 416 626 416 Q 622 416 622 415 Q 622 414 620 414 Q 619 414 614 412 Q 608 410 607 411 Q 606 412 604 412 Q 601 411 601 410 Q 601 409 598 408 Q 595 406 590 405 Q 586 403 586 402 Q 586 401 584 401 Q 584 401 582 401 Q 580 401 580 403 L 579 404 L 579 405 L 578 405 L 578 404 L 578 403 L 577 403 L 576 403 L 576 399 Q 576 395 577 395 Q 578 395 579 390 Q 580 385 582 386 Q 583 386 583 385 Q 583 384 588 384 Q 592 383 594 379 Q 596 374 598 374 Q 600 374 598 373 Q 596 372 596 371 Q 596 370 599 368 Q 602 366 604 366 Q 605 367 606 365 Q 606 364 608 364 Q 610 366 609 363 Q 608 361 609 360 Q 609 359 611 359 Q 613 359 613 360 Q 613 361 614 360 Q 616 359 616 354 Q 617 350 618 350 Q 620 351 620 349 Q 621 348 623 346 Q 624 345 624 344 L 624 342 L 625 342 L 625 342 L 626 341 L 627 341 L 627 340 L 628 339 L 628 338 L 628 338 L 627 338 L 627 338 L 628 338 Q 630 338 632 338 Q 635 336 636 336 Q 638 336 645 336 z 
'/>
<path style='opacity:1;fill:#68521D;fill-rule:evenodd;stroke:#68521D;stroke-width:1px;stroke-linecap:butt;stroke-linejoin:miter;stroke-opacity:1;' d='M 218 283 L 220 283 L 220 283 L 220 284 L 221 284 L 222 284 L 222 285 L 222 286 L 223 286 L 223 287 L 223 289 Q 223 291 224 292 Q 226 292 226 295 Q 228 298 228 300 L 228 302 L 227 304 Q 226 307 225 309 Q 224 310 223 310 Q 222 310 221 311 Q 220 313 221 314 Q 221 316 220 316 Q 219 316 219 319 L 218 322 L 218 323 L 218 324 L 217 324 L 217 324 L 216 325 L 215 325 L 215 324 L 214 323 L 214 323 L 214 323 L 214 323 L 214 323 L 213 321 Q 212 319 212 316 Q 210 312 209 311 Q 208 310 206 312 Q 204 312 200 311 L 197 309 L 196 309 L 194 310 L 194 310 L 194 310 L 193 310 L 193 310 L 193 311 L 192 311 L 192 309 L 192 307 L 192 306 L 192 305 L 192 304 L 192 303 L 192 303 L 192 303 L 193 303 L 193 304 L 193 304 L 194 304 L 194 304 L 194 304 L 196 305 L 197 305 L 197 304 Q 198 302 199 302 Q 200 301 203 299 Q 205 296 208 291 L 212 286 L 212 284 Q 213 282 215 283 Q 217 284 218 283 z 
'/>
<path style='opacity:1;fill:#9B651E;fill-rule:evenodd;stroke:#9B651E;stroke-width:1px;stroke-linecap:butt;stroke-linejoin:miter;stroke-opacity:1;' d='M 149 898 L 149 899 L 149 899 Q 148 899 148 900 L 148 900 L 147 900 Q 146 900 146 902 Q 146 905 143 906 Q 140 906 140 907 Q 140 908 139 908 Q 138 908 136 911 Q 134 914 130 916 Q 126 920 124 920 Q 122 922 122 922 L 121 922 L 121 922 Q 120 921 120 921 L 120 921 L 120 920 L 120 920 L 120 919 L 120 918 L 120 918 L 120 918 L 120 917 L 120 917 L 121 917 L 121 916 L 121 916 L 122 916 L 122 916 L 122 916 L 122 915 L 122 915 L 123 915 L 123 914 L 123 914 L 124 914 L 124 914 Q 124 914 125 913 Q 126 913 126 912 Q 126 910 127 908 L 128 905 L 128 905 L 129 905 L 129 904 Q 130 903 132 902 Q 134 901 134 902 Q 134 904 137 902 Q 140 900 144 899 Q 149 897 149 898 z 
'/>
<path style='opacity:1;fill:#7F4710;fill-rule:evenodd;stroke:#7F4710;stroke-width:1px;stroke-linecap:butt;stroke-linejoin:miter;stroke-opacity:1;' d='M 422 990 L 422 988 L 424 988 Q 425 988 428 989 L 430 989 L 436 990 Q 442 990 444 991 L 445 991 L 445 992 L 445 993 L 446 993 L 447 994 L 450 994 Q 452 994 452 995 L 452 995 L 451 996 Q 450 996 450 997 Q 450 998 451 998 Q 452 998 452 999 L 452 999 L 449 1000 Q 446 1000 447 1001 Q 448 1002 446 1002 Q 445 1002 445 1004 L 445 1007 L 444 1007 Q 444 1006 442 1005 Q 441 1004 434 1000 L 426 998 L 426 997 L 426 997 L 425 997 L 425 996 L 425 996 Q 424 996 424 996 L 424 996 L 424 994 L 424 993 L 423 992 Q 422 991 422 990 z 
'/>
<path style='opacity:1;fill:#180D0A;fill-rule:evenodd;stroke:#180D0A;stroke-width:1px;stroke-linecap:butt;stroke-linejoin:miter;stroke-opacity:1;' d='M 304 681 L 304 680 L 305 680 Q 305 680 306 681 L 306 681 L 304 688 Q 302 694 301 696 Q 300 698 301 701 Q 302 704 302 704 Q 302 703 302 708 L 302 712 L 302 712 L 302 713 L 302 715 Q 302 717 304 717 Q 305 717 303 724 Q 300 732 300 733 Q 300 734 299 738 L 299 743 L 300 743 L 301 744 L 302 744 Q 303 744 303 743 Q 303 742 306 742 Q 309 742 310 740 L 312 738 L 312 738 L 312 738 L 313 738 L 313 738 L 314 737 Q 314 736 316 740 Q 317 745 316 746 Q 314 746 314 750 Q 314 753 315 753 Q 316 753 316 752 L 316 751 L 316 751 Q 316 751 317 752 L 317 754 L 319 754 L 321 754 L 321 755 L 320 755 L 321 757 Q 321 760 322 759 L 323 759 L 323 760 Q 323 761 322 761 Q 321 761 321 762 Q 321 763 320 764 Q 320 764 319 766 Q 318 769 319 771 Q 320 773 318 775 Q 316 777 316 779 Q 316 781 317 781 Q 318 781 317 782 Q 316 784 316 790 Q 316 795 315 795 L 315 796 L 315 796 L 314 796 L 314 796 L 314 796 L 314 797 L 314 797 L 313 797 L 313 798 L 313 798 L 312 798 L 312 800 L 312 802 L 313 802 L 314 802 L 314 802 L 315 802 L 315 802 L 316 802 L 316 802 L 316 802 L 316 801 L 316 801 L 316 800 Q 316 798 317 797 L 318 796 L 318 796 L 318 796 L 319 796 L 319 796 L 319 795 L 320 795 L 320 798 L 320 802 L 322 802 L 323 802 L 323 803 L 323 804 L 322 804 Q 320 804 321 805 L 322 806 L 319 806 Q 316 808 315 807 Q 314 807 314 809 Q 314 811 314 814 L 314 816 L 314 818 L 314 821 L 314 823 L 314 825 L 315 824 L 316 823 L 316 822 L 316 821 L 317 821 Q 318 822 318 822 Q 319 822 320 820 L 320 818 L 321 818 L 322 818 L 323 817 L 324 816 L 324 816 L 324 816 L 325 816 L 325 816 L 326 815 L 327 815 L 327 816 L 327 817 L 326 817 L 325 817 L 325 821 L 324 825 L 324 825 L 324 826 L 323 826 L 322 826 L 322 828 Q 322 829 321 828 Q 320 827 318 827 Q 316 826 315 829 Q 314 831 312 831 Q 310 831 310 833 Q 310 835 308 835 Q 306 834 305 833 L 304 831 L 304 833 L 304 835 L 303 840 Q 303 846 302 846 L 300 846 L 301 847 L 302 847 L 302 848 L 302 849 L 301 849 L 301 850 L 298 850 L 296 850 L 296 851 L 295 851 L 295 850 L 294 850 L 294 848 Q 294 846 295 842 L 295 838 L 294 838 L 293 838 L 293 839 L 292 839 L 292 839 L 292 840 L 292 840 L 292 840 L 291 840 L 291 840 L 288 840 Q 285 840 285 840 Q 284 840 282 840 Q 280 840 280 842 Q 280 845 278 845 Q 276 845 276 844 Q 276 843 274 842 L 273 842 L 273 858 Q 272 873 272 872 Q 272 871 271 872 L 271 874 L 270 874 L 269 874 L 269 877 L 268 880 L 268 880 L 268 880 L 268 880 L 268 879 L 267 879 L 267 880 L 267 880 L 266 880 L 266 878 L 266 876 L 265 876 Q 265 876 265 875 Q 264 875 264 871 L 264 867 L 264 867 L 264 866 L 262 866 L 261 866 L 261 868 Q 260 869 257 870 Q 254 870 252 869 Q 250 868 249 867 Q 248 866 247 864 L 246 861 L 244 863 Q 241 864 239 865 L 237 865 L 237 862 Q 236 859 236 856 L 236 854 L 237 854 L 237 854 L 237 853 L 236 853 L 236 852 L 236 851 L 234 852 Q 232 852 232 854 L 232 855 L 231 853 L 230 851 L 230 851 L 230 850 L 230 850 L 230 850 L 231 848 Q 232 847 232 846 Q 232 845 234 844 Q 235 844 236 844 Q 236 845 237 845 Q 238 845 238 838 Q 238 831 235 824 Q 233 818 232 815 L 231 812 L 231 812 L 232 812 L 232 812 L 232 812 L 232 813 L 232 813 L 233 813 L 233 814 L 233 814 L 234 814 L 234 813 L 234 812 L 235 812 L 235 812 L 238 811 L 240 811 L 240 809 L 240 807 L 240 806 L 240 806 L 241 805 L 242 804 L 242 803 L 242 802 L 243 804 L 243 806 L 244 806 L 245 806 L 246 806 L 246 806 L 246 806 L 246 806 L 246 804 Q 246 801 246 800 L 246 798 L 246 797 L 246 796 L 246 796 L 246 796 L 247 797 L 248 797 L 248 798 Q 248 800 249 801 L 249 802 L 250 802 L 252 802 L 252 801 L 252 801 L 253 800 L 254 798 L 254 798 L 254 798 L 254 797 Q 254 797 256 788 Q 256 779 260 767 Q 262 755 268 735 Q 272 715 274 709 Q 276 703 279 698 L 282 692 L 282 692 L 282 692 L 282 691 L 282 691 L 282 690 L 282 690 L 283 693 L 284 696 L 284 696 L 284 696 L 285 695 L 286 694 L 286 694 L 286 694 L 287 696 L 288 698 L 288 698 L 288 698 L 288 697 L 288 697 L 289 696 Q 290 695 291 692 Q 292 690 294 690 Q 295 690 295 688 L 296 687 L 296 687 L 296 686 L 296 686 L 296 686 L 297 687 Q 298 688 297 690 Q 297 691 298 691 L 299 690 L 300 690 L 302 690 L 302 688 Q 302 687 302 685 Q 302 683 303 682 Q 304 682 304 681 z 
'/>
<path style='opacity:1;fill:#E9A832;fill-rule:evenodd;stroke:#E9A832;stroke-width:1px;stroke-linecap:butt;stroke-linejoin:miter;stroke-opacity:1;' d='M 442 649 L 445 649 L 444 652 Q 443 654 441 655 Q 440 656 439 658 L 439 660 L 438 660 L 437 660 L 437 661 L 436 661 L 436 662 L 436 662 L 436 662 Q 436 662 432 664 Q 428 666 414 667 L 400 668 L 400 667 L 400 667 L 400 666 L 400 666 L 399 666 L 399 666 L 399 666 L 399 666 L 398 665 L 397 664 L 397 664 L 398 664 L 398 664 L 398 664 L 398 663 L 398 663 L 400 663 L 403 662 L 410 660 Q 416 657 418 655 Q 420 653 422 652 Q 424 652 424 651 Q 424 650 428 650 Q 432 650 432 649 Q 432 648 435 648 Q 438 648 442 649 z 
'/>
<path style='opacity:1;fill:#A0893B;fill-rule:evenodd;stroke:#A0893B;stroke-width:1px;stroke-linecap:butt;stroke-linejoin:miter;stroke-opacity:1;' d='M 23 110 L 23 107 L 24 107 Q 25 107 26 108 Q 26 110 28 109 Q 30 109 30 108 Q 30 107 31 107 Q 32 107 32 108 Q 32 109 33 109 Q 34 109 34 113 Q 34 117 36 120 Q 36 124 38 126 Q 38 127 39 130 L 39 133 L 40 133 L 41 132 L 41 132 L 42 132 L 42 132 L 42 132 L 42 131 L 42 131 L 43 131 L 43 130 L 43 130 L 44 130 L 44 131 L 44 132 L 45 134 Q 46 135 46 135 L 46 136 L 45 136 Q 44 138 45 138 Q 46 138 46 139 Q 46 140 44 141 Q 42 142 42 144 Q 41 146 40 147 Q 38 147 38 149 Q 38 151 36 151 Q 33 151 32 156 Q 32 160 30 162 Q 28 162 27 163 L 26 163 L 24 164 Q 22 164 22 165 Q 21 166 18 167 Q 15 168 14 167 L 13 167 L 13 168 L 12 170 L 12 170 L 12 170 L 12 170 L 12 170 L 11 169 L 10 168 L 10 168 L 10 168 L 9 167 L 9 166 L 10 166 Q 11 166 10 160 Q 10 154 9 154 Q 8 154 7 147 Q 6 140 4 136 L 2 131 L 2 131 L 2 130 L 3 130 L 4 130 L 4 131 L 4 131 L 5 130 L 6 128 L 6 127 Q 6 126 7 126 Q 7 126 8 125 Q 9 124 11 124 Q 13 124 14 122 Q 16 120 17 120 Q 18 121 18 119 Q 19 118 20 118 Q 21 118 22 116 Q 24 114 23 110 z 
'/>
<path style='opacity:1;fill:#A0802E;fill-rule:evenodd;stroke:#A0802E;stroke-width:1px;stroke-linecap:butt;stroke-linejoin:miter;stroke-opacity:1;' d='M 210 286 L 212 286 L 209 291 Q 206 296 205 298 Q 205 299 203 299 Q 202 299 201 300 Q 200 301 199 302 Q 198 302 197 304 L 197 305 L 196 305 L 194 304 L 194 304 L 194 304 L 193 304 L 193 304 L 193 303 L 192 303 L 192 303 L 192 303 L 192 302 Q 192 302 191 300 L 190 298 L 188 299 Q 186 299 185 300 Q 184 301 184 302 L 184 304 L 183 304 L 182 304 L 182 298 L 182 293 L 182 292 L 182 291 L 182 291 L 182 291 L 183 292 L 183 293 L 184 293 L 185 292 L 185 292 L 186 292 L 186 292 L 186 292 L 186 291 L 186 291 L 187 291 L 187 290 L 190 290 Q 194 290 201 289 Q 208 289 208 288 Q 209 286 210 286 z 
'/>
<path style='opacity:1;fill:#573817;fill-rule:evenodd;stroke:#573817;stroke-width:1px;stroke-linecap:butt;stroke-linejoin:miter;stroke-opacity:1;' d='M 329 685 L 329 686 L 329 686 L 329 687 L 329 690 Q 330 692 329 694 L 328 695 L 328 696 L 328 697 L 327 704 Q 326 711 325 711 L 325 711 L 325 711 Q 324 711 324 712 Q 324 713 322 713 L 321 712 L 320 712 L 319 712 L 318 713 L 317 713 L 317 711 Q 318 709 318 708 L 318 706 L 319 704 Q 320 701 319 699 L 319 697 L 319 696 Q 320 696 323 690 L 327 685 L 328 685 Q 328 684 328 684 L 328 684 L 329 683 Q 330 682 330 683 Q 330 684 329 685 z 
'/>
<path style='opacity:1;fill:#422A12;fill-rule:evenodd;stroke:#422A12;stroke-width:1px;stroke-linecap:butt;stroke-linejoin:miter;stroke-opacity:1;' d='M 29 543 L 30 543 L 30 543 L 30 544 L 30 544 L 31 544 L 31 543 L 32 543 L 32 543 L 32 543 L 34 546 Q 37 550 37 549 Q 38 549 38 549 L 38 549 L 37 557 Q 36 566 36 565 Q 36 565 35 570 L 34 574 L 34 576 L 34 579 L 33 580 L 32 581 L 32 578 L 32 575 L 31 575 L 31 575 L 31 574 L 32 574 L 32 572 Q 32 570 31 563 Q 30 556 30 553 Q 28 550 28 547 L 28 544 L 28 544 L 29 544 L 29 543 z 
'/>
<path style='opacity:1;fill:#964311;fill-rule:evenodd;stroke:#964311;stroke-width:1px;stroke-linecap:butt;stroke-linejoin:miter;stroke-opacity:1;' d='M 390 1026 L 387 1020 L 400 1032 Q 413 1044 413 1045 Q 413 1046 419 1051 Q 425 1056 426 1057 L 427 1058 L 427 1058 L 428 1058 L 428 1058 L 428 1058 L 428 1059 L 428 1059 L 429 1059 L 429 1060 L 429 1060 L 430 1060 L 430 1060 Q 430 1060 430 1061 L 431 1061 L 431 1061 Q 431 1062 432 1062 L 432 1062 L 434 1064 Q 436 1065 440 1069 Q 442 1073 444 1076 Q 446 1078 446 1078 L 446 1078 L 446 1079 L 446 1079 L 447 1080 L 447 1080 L 447 1083 L 447 1086 L 446 1086 L 445 1086 L 445 1087 L 445 1088 L 444 1088 L 442 1088 L 441 1087 L 440 1086 L 439 1086 Q 438 1086 432 1084 Q 427 1082 422 1077 Q 418 1073 412 1070 L 406 1068 L 406 1068 Q 405 1068 402 1064 Q 400 1060 390 1052 L 380 1044 L 380 1043 L 380 1043 L 380 1042 L 380 1042 L 379 1042 L 379 1042 L 379 1041 L 378 1041 L 378 1041 L 378 1040 L 378 1040 L 378 1040 L 377 1040 L 377 1040 L 377 1039 L 378 1039 L 378 1038 L 378 1037 L 377 1036 L 377 1035 L 379 1035 L 381 1036 L 382 1036 L 382 1036 L 384 1036 Q 385 1036 387 1037 L 389 1038 L 390 1038 L 392 1038 L 392 1037 L 392 1036 L 393 1036 L 393 1036 L 394 1036 L 394 1036 L 395 1036 L 396 1036 L 396 1035 L 396 1034 L 395 1034 L 395 1034 L 395 1033 L 394 1033 L 394 1033 L 394 1032 L 394 1032 L 394 1032 L 393 1032 Q 393 1032 390 1026 z 
'/>
<path style='opacity:1;fill:#6B2F10;fill-rule:evenodd;stroke:#6B2F10;stroke-width:1px;stroke-linecap:butt;stroke-linejoin:miter;stroke-opacity:1;' d='M 383 998 L 386 998 L 386 998 Q 387 998 388 999 L 388 999 L 388 1000 L 388 1001 L 389 1001 L 390 1002 L 390 1002 L 390 1002 L 391 1003 Q 392 1004 391 1004 L 390 1004 L 390 1005 Q 390 1005 391 1006 L 391 1006 L 386 1006 Q 380 1005 380 1008 Q 380 1010 381 1011 Q 382 1012 380 1012 L 379 1012 L 378 1012 Q 377 1012 373 1007 L 370 1003 L 369 1003 L 369 1002 L 368 1000 Q 366 998 367 997 Q 367 996 373 996 Q 379 996 380 997 Q 380 998 383 998 z 
'/>
<path style='opacity:1;fill:#342110;fill-rule:evenodd;stroke:#342110;stroke-width:1px;stroke-linecap:butt;stroke-linejoin:miter;stroke-opacity:1;' d='M 418 717 L 418 717 L 418 722 Q 417 726 421 726 Q 425 726 425 728 L 425 729 L 422 732 Q 419 734 414 738 Q 410 741 409 742 Q 409 743 408 743 L 407 744 L 407 744 L 406 744 L 406 744 L 406 745 L 404 748 Q 401 750 399 751 Q 396 752 393 754 Q 390 756 389 757 Q 389 758 386 759 Q 382 760 382 761 L 382 761 L 381 761 L 381 762 L 381 762 L 380 762 L 380 762 L 380 762 L 380 763 L 380 763 L 379 763 L 379 764 L 379 764 L 378 764 L 378 764 L 378 764 L 378 765 L 378 765 L 377 765 L 377 766 L 377 766 L 376 766 L 376 766 L 376 766 L 376 767 L 376 767 L 376 766 L 376 765 L 376 764 L 376 762 L 377 762 L 377 762 L 377 761 L 378 761 L 378 761 L 378 760 L 378 760 L 378 760 L 379 760 L 379 760 L 379 759 L 380 759 L 380 759 L 380 758 L 380 758 Q 380 758 382 756 Q 384 753 386 752 Q 388 752 392 744 Q 396 738 394 737 Q 392 736 394 732 L 395 728 L 396 728 Q 397 728 398 726 L 399 725 L 399 725 Q 400 725 401 724 L 402 722 L 404 722 L 405 722 L 406 722 Q 407 722 408 722 L 409 722 L 410 722 Q 410 722 410 722 L 410 722 L 411 722 L 411 722 L 411 721 L 412 721 L 412 721 L 412 721 L 412 721 Q 413 720 413 720 L 413 720 L 413 720 L 413 719 L 413 718 L 414 718 L 414 718 L 414 718 L 415 718 Q 416 718 417 718 L 417 718 L 418 718 Q 418 718 418 717 z 
M 414 725 L 414 725 L 415 725 Q 415 726 414 726 L 414 726 L 414 725 z 
'/>
<path style='opacity:1;fill:#5E3011;fill-rule:evenodd;stroke:#5E3011;stroke-width:1px;stroke-linecap:butt;stroke-linejoin:miter;stroke-opacity:1;' d='M 256 611 L 257 606 L 258 606 L 260 606 L 260 608 L 260 611 L 261 611 L 261 611 L 262 614 Q 262 618 265 620 Q 267 621 268 624 Q 269 628 273 631 Q 277 634 278 635 L 278 635 L 277 637 Q 276 639 276 640 Q 276 640 275 641 L 274 642 L 274 642 L 274 642 L 274 643 L 274 643 L 273 643 L 273 644 L 274 644 L 275 644 L 274 646 Q 273 648 274 649 Q 275 650 275 650 L 275 650 L 273 651 Q 270 652 270 654 L 270 655 L 269 655 L 269 654 L 269 654 L 268 654 L 268 654 Q 268 654 266 654 L 265 654 L 265 652 Q 264 651 264 650 Q 264 649 263 651 Q 262 653 260 652 Q 258 650 256 650 Q 253 650 253 651 L 252 652 L 252 652 L 252 652 L 251 652 L 250 652 L 250 652 L 250 652 L 249 652 L 249 652 L 249 651 L 248 651 L 248 651 L 248 651 L 248 650 L 248 648 L 247 648 L 247 648 L 247 647 L 248 647 L 248 647 Q 248 646 249 645 Q 250 644 251 644 Q 252 645 252 642 Q 252 638 251 637 Q 250 636 252 626 Q 252 617 254 617 Q 256 616 256 611 z 
'/>
<path style='opacity:1;fill:#462C0C;fill-rule:evenodd;stroke:#462C0C;stroke-width:1px;stroke-linecap:butt;stroke-linejoin:miter;stroke-opacity:1;' d='M 748 592 L 748 589 L 749 589 L 750 589 L 754 591 Q 758 592 759 593 Q 760 593 761 594 Q 762 594 764 594 Q 765 593 765 594 Q 765 596 768 595 Q 770 594 771 593 L 772 593 L 772 594 L 772 596 L 771 597 L 770 598 L 770 599 Q 770 600 771 600 L 772 600 L 772 602 L 772 603 L 771 603 Q 770 604 770 605 Q 769 606 767 607 L 766 608 L 766 609 L 766 610 L 766 610 L 766 610 L 764 611 L 762 611 L 762 612 L 762 613 L 760 613 L 759 613 L 759 614 L 760 615 L 760 615 L 760 616 L 760 616 L 760 616 L 761 616 L 761 617 L 760 617 L 759 616 L 758 616 Q 757 616 753 614 Q 749 613 749 612 Q 749 611 748 611 Q 747 611 747 608 Q 747 606 746 606 L 744 606 L 741 606 L 738 606 L 738 605 L 738 604 L 736 604 L 735 604 L 735 603 L 734 603 L 734 602 L 734 601 L 736 601 L 737 600 L 737 600 L 738 600 L 738 600 L 738 599 L 737 599 L 737 598 L 740 598 Q 743 596 745 596 L 747 596 L 747 595 L 748 595 L 748 592 z 
'/>
<path style='opacity:1;fill:#61571A;fill-rule:evenodd;stroke:#61571A;stroke-width:1px;stroke-linecap:butt;stroke-linejoin:miter;stroke-opacity:1;' d='M 769 321 L 771 321 L 771 321 L 771 322 L 771 322 L 772 322 L 772 322 L 772 322 L 772 323 L 772 323 L 773 324 L 773 324 L 772 324 L 771 324 L 772 325 Q 773 325 773 326 Q 773 327 774 327 Q 775 327 775 328 Q 775 330 774 330 Q 774 331 773 332 Q 772 334 771 334 Q 770 335 771 336 Q 772 336 772 336 L 772 337 L 770 337 Q 769 336 768 336 Q 768 336 765 336 Q 762 338 760 338 Q 758 339 758 340 Q 759 340 756 344 Q 753 346 752 349 Q 750 352 751 352 Q 752 352 752 355 L 751 358 L 750 358 L 750 358 L 749 358 Q 748 358 748 357 L 748 356 L 747 357 L 747 358 L 746 358 Q 744 358 743 360 L 742 363 L 742 363 Q 742 362 742 361 Q 741 360 739 360 Q 737 359 737 360 Q 737 362 736 362 Q 735 362 735 358 Q 734 355 734 354 Q 732 353 731 353 L 729 353 L 728 353 Q 727 354 726 354 L 726 354 L 726 354 L 726 354 L 726 353 Q 726 352 726 350 Q 728 347 727 346 L 726 346 L 726 344 L 726 343 L 726 342 Q 726 340 726 340 L 726 339 L 729 338 Q 732 336 737 334 Q 742 331 745 327 Q 747 324 753 324 Q 759 324 763 322 Q 767 322 769 321 z 
'/>
<path style='opacity:1;fill:#B2671B;fill-rule:evenodd;stroke:#B2671B;stroke-width:1px;stroke-linecap:butt;stroke-linejoin:miter;stroke-opacity:1;' d='M 264 1032 L 264 1032 L 265 1032 L 265 1032 L 265 1033 L 266 1033 L 267 1035 Q 269 1036 270 1037 L 270 1037 L 270 1037 Q 270 1038 270 1038 L 271 1038 L 271 1039 L 272 1040 L 272 1040 L 272 1040 L 274 1042 Q 276 1043 278 1050 Q 280 1058 281 1060 Q 281 1062 280 1065 Q 280 1069 276 1070 Q 273 1072 265 1078 Q 257 1084 256 1084 Q 255 1084 255 1085 L 255 1086 L 250 1088 Q 246 1091 246 1092 Q 246 1093 245 1093 Q 244 1093 244 1094 Q 244 1095 243 1096 Q 242 1096 241 1097 Q 241 1098 236 1102 Q 232 1105 231 1105 L 231 1106 L 231 1106 L 230 1106 L 230 1106 L 230 1106 L 229 1107 L 228 1108 L 228 1108 L 227 1108 L 227 1108 L 226 1108 L 226 1108 L 226 1108 L 224 1109 L 223 1109 L 223 1108 L 222 1107 L 222 1106 L 222 1104 L 223 1104 L 223 1104 L 223 1103 L 224 1103 L 224 1102 L 224 1101 L 225 1100 Q 226 1098 228 1096 Q 230 1093 233 1090 Q 236 1087 236 1086 L 237 1084 L 237 1084 L 238 1084 L 238 1083 L 238 1082 L 239 1080 L 240 1078 L 240 1078 L 240 1078 L 240 1077 L 240 1077 L 239 1077 L 239 1076 L 238 1076 L 237 1076 L 234 1077 Q 232 1077 232 1078 Q 232 1079 231 1080 Q 230 1080 229 1081 L 228 1082 L 228 1082 L 228 1082 L 228 1083 L 228 1083 L 227 1083 L 227 1084 L 227 1084 L 226 1084 L 226 1083 L 226 1082 L 225 1080 L 224 1078 L 224 1076 L 224 1075 L 224 1074 Q 224 1073 226 1070 L 228 1067 L 229 1065 L 230 1063 L 230 1063 L 230 1062 L 230 1062 L 230 1062 L 229 1062 L 229 1062 L 229 1061 L 230 1061 L 230 1061 L 230 1060 L 229 1060 L 228 1060 L 223 1060 Q 218 1060 214 1062 Q 209 1064 205 1066 Q 201 1068 201 1069 L 200 1070 L 200 1070 L 200 1070 L 198 1070 L 197 1070 L 196 1070 L 195 1070 L 194 1070 L 192 1070 L 192 1070 L 192 1070 L 193 1069 L 194 1068 L 194 1068 L 194 1068 L 194 1067 L 194 1067 L 195 1067 L 195 1066 L 195 1066 L 196 1066 L 196 1065 L 196 1064 L 197 1064 Q 197 1064 200 1060 Q 202 1057 213 1046 Q 224 1036 225 1032 L 226 1029 L 226 1029 L 227 1028 L 227 1028 L 228 1028 L 228 1027 L 228 1026 L 229 1026 L 229 1026 L 231 1022 Q 233 1018 236 1016 Q 239 1016 243 1016 Q 248 1017 250 1020 Q 254 1023 254 1024 Q 254 1025 258 1027 Q 262 1029 262 1030 Q 262 1031 263 1031 Q 264 1032 264 1032 z 
'/>
<path style='opacity:1;fill:#572B0D;fill-rule:evenodd;stroke:#572B0D;stroke-width:1px;stroke-linecap:butt;stroke-linejoin:miter;stroke-opacity:1;' d='M 449 1000 L 452 999 L 453 999 L 454 1000 L 454 1000 L 454 1000 L 455 1000 L 455 1000 L 455 1001 L 456 1001 L 456 1001 L 456 1002 L 463 1004 Q 470 1006 472 1007 L 474 1007 L 474 1007 L 474 1008 L 474 1008 L 474 1008 L 475 1008 L 475 1008 L 475 1009 L 476 1009 L 476 1009 L 476 1010 L 476 1010 L 476 1010 L 477 1010 L 477 1010 L 478 1011 L 479 1012 L 479 1012 L 480 1012 L 482 1014 Q 484 1015 486 1019 Q 487 1024 488 1024 Q 488 1025 489 1026 Q 490 1026 489 1031 Q 488 1036 490 1039 Q 490 1042 491 1046 L 491 1049 L 491 1049 L 491 1050 L 491 1050 L 490 1050 L 490 1050 L 490 1050 L 490 1050 L 489 1050 L 488 1050 L 486 1050 L 486 1048 L 486 1047 L 484 1047 Q 481 1046 476 1046 Q 472 1044 470 1040 Q 468 1036 466 1036 L 465 1035 L 465 1035 Q 464 1035 462 1032 Q 460 1028 460 1027 Q 460 1025 457 1021 Q 454 1017 453 1016 Q 451 1014 449 1011 Q 446 1008 446 1008 L 445 1007 L 445 1004 Q 445 1002 446 1002 Q 448 1002 447 1001 Q 446 1000 449 1000 z 
'/>
<path style='opacity:1;fill:#A88825;fill-rule:evenodd;stroke:#A88825;stroke-width:1px;stroke-linecap:butt;stroke-linejoin:miter;stroke-opacity:1;' d='M 810 165 L 811 164 L 811 164 L 812 164 L 812 164 L 812 164 L 812 165 L 813 165 L 813 206 L 813 246 L 812 246 L 812 246 L 812 247 Q 812 247 810 249 Q 808 250 806 250 Q 805 250 802 250 Q 799 250 797 255 Q 795 261 790 261 L 784 261 L 783 261 Q 782 262 781 260 Q 780 259 779 260 Q 778 260 775 259 Q 772 258 771 254 L 770 251 L 769 252 Q 768 253 768 252 Q 767 252 766 253 Q 766 254 762 254 Q 758 254 758 252 Q 757 250 756 251 Q 756 252 754 251 Q 752 250 752 248 L 751 247 L 751 246 Q 750 245 750 244 Q 750 242 748 242 L 747 243 L 747 242 L 748 241 L 750 240 Q 754 238 755 234 Q 756 230 758 230 Q 760 229 760 226 Q 758 223 761 218 Q 763 214 764 214 Q 766 213 765 211 Q 764 209 766 208 Q 766 207 768 201 Q 768 195 768 194 Q 768 192 769 193 Q 769 194 770 194 Q 772 194 772 192 Q 772 189 773 190 Q 774 190 775 186 Q 776 181 778 180 Q 780 178 781 175 Q 782 172 788 170 Q 794 168 794 165 Q 795 163 797 164 Q 798 165 799 164 Q 799 163 801 163 Q 804 163 804 162 Q 804 161 806 162 Q 808 162 808 164 Q 809 166 810 165 z 
'/>
<path style='opacity:1;fill:#2E2815;fill-rule:evenodd;stroke:#2E2815;stroke-width:1px;stroke-linecap:butt;stroke-linejoin:miter;stroke-opacity:1;' d='M 83 397 L 86 396 L 86 396 Q 86 396 86 397 L 87 397 L 89 398 Q 91 398 90 399 Q 90 400 90 401 L 89 401 L 89 402 L 89 402 L 89 402 Q 89 402 88 403 Q 87 403 87 402 Q 87 401 86 401 L 85 402 L 85 402 L 84 402 L 84 402 L 84 402 L 84 402 L 83 402 L 83 402 L 82 402 L 82 403 L 82 404 L 81 404 L 81 404 L 81 405 L 82 405 L 82 405 L 82 406 L 82 406 L 82 406 L 84 408 Q 86 411 86 412 Q 86 412 85 413 Q 84 413 85 417 Q 86 421 86 423 Q 86 425 88 424 Q 90 424 90 427 Q 90 430 88 430 Q 85 431 84 438 Q 82 444 82 443 Q 82 442 81 442 Q 80 442 78 447 Q 76 452 76 452 L 76 452 L 75 452 Q 74 452 73 452 Q 72 453 71 454 L 70 455 L 70 455 L 70 456 L 68 456 Q 66 456 66 454 Q 67 452 65 452 Q 63 452 62 449 L 61 446 L 60 446 L 59 446 L 59 447 L 59 448 L 58 448 Q 56 449 56 450 Q 56 452 55 453 L 54 454 L 54 454 L 54 454 L 52 454 L 51 454 L 50 454 L 50 454 L 50 453 L 50 453 L 49 453 L 49 453 L 49 452 L 50 450 L 50 448 Q 50 447 51 447 Q 52 447 51 444 Q 50 441 48 441 Q 47 440 48 440 Q 49 440 50 434 Q 51 429 50 429 Q 48 430 48 428 Q 48 427 47 424 Q 46 421 45 421 Q 43 420 43 415 L 42 409 L 43 409 L 43 408 L 43 408 L 43 408 L 43 408 L 43 407 L 44 407 Q 44 406 45 406 L 46 406 L 47 407 L 48 408 L 49 408 Q 50 408 51 408 Q 52 408 52 404 Q 52 401 55 401 Q 58 401 58 400 Q 58 399 60 400 Q 61 400 61 399 Q 61 398 60 398 Q 59 398 60 398 Q 62 398 66 400 Q 70 402 71 400 Q 72 399 74 399 Q 75 400 77 399 Q 80 398 83 397 z 
'/>
<path style='opacity:1;fill:#534A20;fill-rule:evenodd;stroke:#534A20;stroke-width:1px;stroke-linecap:butt;stroke-linejoin:miter;stroke-opacity:1;' d='M 110 302 L 112 303 L 112 304 L 112 305 L 112 308 Q 112 310 114 314 Q 115 319 116 319 Q 117 319 118 322 Q 118 324 118 326 L 118 327 L 119 327 L 120 328 L 120 328 L 121 328 L 122 327 L 123 326 L 123 326 L 124 326 L 124 326 L 124 326 L 125 324 Q 126 323 127 324 L 127 325 L 127 325 L 127 326 L 126 326 L 126 326 L 126 326 L 126 326 L 128 329 Q 130 331 130 331 L 130 332 L 130 332 Q 130 332 129 333 Q 129 334 131 334 Q 133 333 133 332 L 134 330 L 134 332 L 134 333 L 135 334 L 135 334 L 135 334 L 135 334 L 135 335 L 136 335 L 136 338 Q 136 341 134 342 Q 132 342 131 346 Q 131 350 131 350 L 132 350 L 132 350 L 132 350 L 131 351 Q 130 352 130 352 L 130 352 L 129 352 L 129 352 L 125 353 Q 121 353 121 352 Q 120 351 119 349 Q 117 348 112 348 L 108 348 L 108 347 L 108 347 L 107 347 L 107 346 L 107 346 L 106 346 L 106 346 L 106 346 L 106 346 Q 106 346 104 344 Q 103 341 102 341 Q 100 342 96 340 L 91 338 L 91 338 L 92 338 L 92 336 Q 92 334 93 332 Q 95 330 95 326 Q 94 322 94 322 Q 93 322 92 320 Q 91 320 90 318 Q 88 317 87 317 L 86 318 L 86 317 L 86 317 L 87 316 L 88 315 L 88 314 L 88 313 L 87 313 L 87 312 L 87 312 L 88 312 L 88 312 L 88 312 L 92 312 Q 95 312 95 310 Q 95 308 97 308 Q 99 308 103 305 Q 107 302 110 302 z 
'/>
<path style='opacity:1;fill:#C06816;fill-rule:evenodd;stroke:#C06816;stroke-width:1px;stroke-linecap:butt;stroke-linejoin:miter;stroke-opacity:1;' d='M 340 1028 L 341 1028 L 341 1028 L 341 1028 L 346 1032 Q 350 1036 351 1036 L 352 1036 L 352 1037 L 352 1037 L 353 1037 L 353 1038 L 353 1038 L 354 1038 L 354 1038 L 354 1038 L 355 1039 L 356 1039 L 356 1039 Q 356 1040 356 1040 L 357 1040 L 357 1040 Q 357 1040 358 1041 L 358 1041 L 364 1046 Q 369 1050 370 1051 L 370 1051 L 374 1056 Q 378 1060 378 1061 L 378 1061 L 378 1063 L 378 1065 L 378 1066 L 378 1067 L 377 1067 L 376 1067 L 376 1069 L 376 1071 L 372 1071 Q 369 1072 368 1072 Q 366 1072 362 1069 L 358 1067 L 358 1066 L 358 1066 L 357 1066 L 357 1066 L 357 1065 L 356 1065 L 356 1065 L 356 1064 L 356 1064 L 356 1064 L 355 1064 L 355 1064 L 355 1063 L 354 1063 L 354 1062 L 354 1061 L 353 1061 L 353 1060 L 353 1060 L 352 1060 L 352 1060 Q 352 1060 350 1057 Q 348 1054 340 1045 L 331 1036 L 331 1036 L 330 1036 L 330 1035 L 330 1034 L 329 1032 L 329 1031 L 330 1031 L 331 1030 L 334 1030 Q 338 1028 340 1028 z 
'/>
<path style='opacity:1;fill:#1D110B;fill-rule:evenodd;stroke:#1D110B;stroke-width:1px;stroke-linecap:butt;stroke-linejoin:miter;stroke-opacity:1;' d='M 351 815 L 354 811 L 355 811 L 356 812 L 356 812 L 357 812 L 358 811 L 359 811 L 359 812 L 360 813 L 360 813 L 360 814 L 360 814 L 360 814 L 361 813 L 361 812 L 362 812 L 363 812 L 361 816 Q 358 819 358 820 L 358 822 L 360 822 L 361 822 L 361 823 L 362 824 L 362 823 L 362 822 L 364 821 Q 366 820 366 820 Q 366 818 366 820 Q 367 821 370 820 Q 373 820 374 820 L 375 820 L 369 827 Q 364 834 364 835 Q 364 836 361 840 Q 358 844 356 846 Q 354 847 354 851 Q 353 855 351 856 Q 348 856 348 859 Q 347 862 344 863 Q 341 863 341 862 Q 341 861 340 861 Q 339 861 336 864 Q 334 868 333 870 Q 333 871 330 872 Q 326 872 326 871 Q 325 870 324 872 Q 324 874 318 875 Q 313 876 313 875 Q 313 874 312 874 Q 312 873 312 872 Q 313 870 310 870 L 307 870 L 307 869 L 306 869 L 306 869 L 306 868 L 306 868 L 306 868 L 305 868 L 305 868 L 305 868 L 304 867 L 304 867 L 304 866 L 304 866 L 304 866 L 305 866 L 305 866 L 307 865 Q 309 865 309 864 Q 310 862 311 861 Q 313 860 313 859 Q 314 858 316 857 Q 319 856 320 855 Q 320 853 323 852 Q 326 851 326 850 Q 327 848 328 845 Q 329 841 330 841 Q 331 841 330 836 Q 330 831 334 831 Q 338 831 339 829 Q 340 827 342 825 Q 344 823 344 822 Q 344 821 345 821 Q 346 821 346 820 Q 346 819 347 819 Q 348 818 351 815 z 
'/>
<path style='opacity:1;fill:#815116;fill-rule:evenodd;stroke:#815116;stroke-width:1px;stroke-linecap:butt;stroke-linejoin:miter;stroke-opacity:1;' d='M 124 745 L 124 746 L 124 747 Q 122 748 122 749 L 122 750 L 119 754 Q 116 759 116 760 L 116 762 L 113 766 Q 110 770 109 770 Q 108 770 108 771 Q 107 772 103 772 Q 99 772 99 773 Q 98 774 98 772 Q 98 770 97 770 Q 96 770 96 771 Q 95 772 93 772 Q 90 773 90 774 L 90 775 L 89 774 L 89 773 L 88 773 L 87 773 L 87 774 L 86 775 L 86 775 L 86 775 L 86 772 L 86 770 L 86 769 L 86 768 L 86 768 Q 86 768 88 767 Q 89 766 89 762 Q 89 759 90 759 Q 91 759 91 757 Q 90 755 92 754 Q 94 754 93 745 Q 92 737 93 736 Q 94 736 94 735 L 93 734 L 94 733 Q 95 732 98 732 Q 100 732 101 733 Q 102 734 103 733 Q 103 732 108 733 Q 114 734 114 735 Q 114 736 115 736 Q 116 735 118 739 Q 119 744 122 744 Q 124 744 124 745 z 
'/>
<path style='opacity:1;fill:#AA8E31;fill-rule:evenodd;stroke:#AA8E31;stroke-width:1px;stroke-linecap:butt;stroke-linejoin:miter;stroke-opacity:1;' d='M 758 62 L 759 62 L 760 63 Q 762 64 762 66 Q 762 67 763 66 Q 764 66 765 68 Q 765 70 766 72 Q 766 74 768 74 Q 770 75 770 76 Q 770 77 772 77 Q 773 77 773 79 Q 773 82 775 80 Q 777 80 778 82 Q 779 84 782 85 Q 786 87 786 88 Q 786 88 785 89 Q 784 90 786 91 Q 788 92 789 93 Q 789 94 791 94 Q 793 93 794 98 Q 796 102 797 103 Q 799 104 802 104 Q 805 105 806 107 Q 806 110 806 110 L 806 110 L 807 110 L 807 110 L 807 111 L 808 111 L 808 111 L 808 110 L 809 109 Q 810 107 811 108 Q 811 110 812 110 L 813 110 L 813 138 L 813 165 L 812 165 L 812 164 L 812 164 L 812 164 L 811 164 L 811 164 L 810 165 Q 809 166 808 164 Q 808 162 806 162 Q 804 161 804 162 Q 804 163 801 163 Q 799 163 798 165 Q 796 166 795 167 Q 794 168 788 170 Q 782 172 781 175 Q 780 178 778 180 Q 776 181 775 186 Q 774 190 773 190 Q 772 189 772 192 Q 772 194 770 194 Q 768 194 769 198 Q 770 202 768 202 Q 767 202 767 204 Q 766 207 766 208 Q 764 209 765 211 Q 766 213 764 214 Q 763 214 761 218 Q 758 223 760 226 Q 760 229 758 230 Q 756 230 755 234 Q 754 238 750 240 L 748 241 L 747 242 L 747 243 L 748 242 Q 750 242 750 244 Q 750 245 751 246 L 751 247 L 751 250 L 751 254 L 750 254 L 749 254 L 747 254 Q 745 254 736 254 Q 728 254 726 255 Q 723 256 723 254 Q 723 253 720 253 Q 717 252 715 253 Q 714 254 712 254 Q 710 254 707 253 Q 704 252 704 254 Q 704 255 701 254 L 698 254 L 698 253 L 698 252 L 697 252 L 697 252 L 697 251 L 696 251 L 696 251 L 696 251 L 696 250 L 696 250 L 696 249 L 696 248 L 696 248 L 696 248 L 696 247 L 696 247 L 697 248 L 698 249 L 698 249 Q 698 248 698 248 Q 699 248 701 244 Q 702 239 705 237 Q 707 235 707 234 Q 708 233 708 226 Q 708 218 706 217 Q 705 216 704 213 Q 704 211 702 211 Q 701 212 700 209 Q 700 207 699 207 Q 698 208 698 207 Q 697 206 696 206 Q 694 206 694 202 Q 693 197 690 197 Q 686 197 686 195 Q 686 193 685 193 Q 684 193 684 190 Q 684 188 683 188 Q 682 189 680 189 Q 678 189 678 186 Q 678 184 677 184 Q 676 184 676 182 Q 676 181 678 180 Q 681 180 679 173 L 678 166 L 677 165 L 676 164 L 676 164 L 676 164 L 676 165 L 676 165 L 675 164 L 674 163 L 674 163 L 674 162 L 674 162 L 674 162 L 673 164 Q 672 165 672 166 Q 670 167 668 167 Q 665 167 665 168 Q 665 170 664 170 Q 663 170 662 168 Q 662 167 660 168 L 658 168 L 657 168 L 657 168 L 656 169 L 655 169 L 655 168 Q 655 166 654 166 L 653 166 L 653 164 L 653 163 L 653 163 L 653 162 L 653 162 L 654 162 L 654 162 L 654 161 L 653 159 Q 653 157 654 156 Q 656 156 655 155 Q 654 154 655 153 Q 655 152 653 151 Q 651 150 652 149 Q 653 149 654 146 Q 655 142 654 142 Q 654 141 655 140 Q 657 139 658 135 Q 658 130 659 131 Q 660 132 660 128 Q 660 125 662 126 Q 663 126 664 125 Q 665 124 664 123 Q 663 122 666 121 Q 668 119 670 114 Q 672 110 673 110 Q 674 110 674 109 Q 674 108 675 106 L 675 105 L 674 105 L 673 104 L 673 104 L 673 104 L 674 104 L 675 104 L 675 103 L 676 103 L 676 104 Q 676 106 677 106 Q 678 106 678 107 Q 678 108 680 108 Q 682 107 686 106 Q 690 106 691 105 Q 692 104 693 105 Q 694 105 694 104 Q 694 103 695 102 Q 696 102 697 101 Q 697 100 698 100 Q 700 99 700 100 Q 701 100 702 100 Q 703 100 705 99 Q 706 99 706 97 Q 706 95 709 94 Q 712 94 713 93 Q 715 92 717 91 Q 719 91 720 90 Q 720 88 724 88 Q 728 86 729 86 Q 730 85 731 84 Q 732 82 732 81 L 732 80 L 733 82 Q 734 83 734 84 L 734 86 L 735 86 L 736 86 L 736 85 L 736 85 L 737 84 Q 737 83 736 83 L 735 82 L 738 80 Q 741 78 742 74 Q 744 72 745 71 Q 746 71 746 70 Q 746 69 748 69 Q 749 69 748 67 Q 748 65 752 65 Q 756 65 757 64 Q 758 62 758 62 z 
M 760 67 Q 760 67 760 68 Q 761 68 760 67 Q 760 66 760 67 z 
M 795 164 Q 795 164 795 163 Q 796 163 796 164 Q 796 164 795 164 z 
M 767 192 Q 767 192 767 191 Q 768 191 768 192 Q 768 192 767 192 z 
'/>
<path style='opacity:1;fill:#B89739;fill-rule:evenodd;stroke:#B89739;stroke-width:1px;stroke-linecap:butt;stroke-linejoin:miter;stroke-opacity:1;' d='M 115 222 L 115 222 L 115 222 L 116 222 L 115 224 Q 114 226 116 226 L 118 226 L 118 225 L 118 225 L 119 226 Q 120 228 120 228 L 120 228 L 120 229 L 120 229 L 121 226 Q 121 224 122 224 Q 123 224 124 225 Q 124 226 124 225 Q 125 224 126 224 Q 127 224 128 225 Q 128 226 132 224 Q 135 223 135 224 Q 135 225 138 224 Q 140 224 140 225 Q 139 226 140 228 Q 140 230 142 232 Q 143 235 145 236 Q 147 236 149 240 Q 152 244 152 248 L 152 252 L 154 252 L 157 252 L 157 252 L 157 252 L 156 253 L 155 254 L 154 254 L 153 254 L 153 254 L 152 254 L 152 254 L 152 255 L 152 255 L 152 255 L 151 256 L 151 256 L 150 256 L 150 256 L 150 255 L 150 255 L 149 255 L 149 254 L 149 254 Q 148 254 148 253 L 146 252 L 146 250 L 146 249 L 145 249 Q 144 249 144 250 Q 144 251 143 249 L 142 247 L 141 247 Q 140 247 139 250 Q 138 253 137 253 Q 136 253 135 251 Q 134 249 133 252 Q 131 254 130 254 Q 128 254 128 255 Q 128 256 126 256 Q 125 257 125 256 Q 124 254 123 256 Q 122 259 116 257 Q 110 255 110 254 Q 110 253 109 253 Q 108 254 108 253 Q 107 252 106 252 Q 105 252 104 252 Q 102 250 101 251 Q 100 252 98 252 Q 96 252 95 250 L 94 248 L 94 248 L 93 248 L 93 247 L 92 247 L 92 246 L 92 245 L 91 245 L 90 244 L 89 244 L 88 244 L 88 243 L 88 243 L 89 243 L 89 242 L 89 242 L 89 242 L 89 240 Q 90 239 92 239 Q 94 239 94 234 L 94 230 L 95 230 Q 96 230 96 231 Q 96 232 98 232 Q 101 233 102 231 Q 102 228 105 227 Q 108 226 108 224 Q 108 222 111 222 Q 114 222 114 222 Q 114 222 115 222 z 
'/>
<path style='opacity:1;fill:#B06B1A;fill-rule:evenodd;stroke:#B06B1A;stroke-width:1px;stroke-linecap:butt;stroke-linejoin:miter;stroke-opacity:1;' d='M 371 462 L 372 462 L 372 462 L 372 462 L 378 466 Q 384 469 386 470 Q 388 470 388 470 L 388 470 L 391 472 Q 394 473 394 475 Q 395 477 401 480 Q 407 482 408 485 Q 409 488 426 490 Q 442 492 445 490 Q 448 490 449 490 L 450 490 L 450 490 L 450 490 L 452 491 Q 454 492 454 493 Q 454 494 455 494 L 455 494 L 455 495 L 456 495 L 456 495 L 456 496 L 457 496 L 458 496 L 458 497 L 458 498 L 459 498 L 459 498 L 459 499 L 460 499 L 460 499 L 460 500 L 460 500 L 460 500 L 461 502 L 461 503 L 460 503 L 458 504 L 456 504 Q 455 504 454 505 Q 452 505 452 506 Q 452 508 450 507 Q 447 506 446 508 Q 446 509 443 509 Q 440 509 438 511 Q 437 514 434 514 Q 432 514 432 515 Q 431 516 430 516 Q 430 515 429 516 Q 428 518 426 518 Q 423 518 422 519 Q 422 520 417 522 Q 412 524 408 524 Q 405 523 405 524 Q 405 525 402 525 L 399 526 L 398 526 L 398 526 L 398 525 L 398 525 L 397 525 L 397 525 L 397 525 Q 397 524 396 524 Q 395 524 395 521 Q 396 519 394 519 Q 392 518 392 517 Q 391 516 389 516 Q 387 516 387 514 L 386 511 L 386 511 Q 386 512 386 514 Q 385 516 384 515 Q 382 514 381 515 Q 380 516 378 516 Q 376 516 375 514 Q 374 512 369 511 Q 364 510 363 511 L 362 512 L 361 512 L 361 512 L 360 512 L 360 512 L 358 512 L 357 512 L 357 511 L 357 510 L 359 510 L 361 510 L 361 508 Q 362 505 362 504 Q 362 502 367 500 Q 372 499 372 496 Q 372 494 370 490 L 368 487 L 368 484 Q 368 480 367 478 L 367 477 L 367 472 Q 368 466 368 465 L 369 464 L 369 464 L 370 464 L 370 464 L 370 464 L 370 463 L 370 463 L 371 463 L 371 462 L 371 462 z 
'/>
<path style='opacity:1;fill:#623B15;fill-rule:evenodd;stroke:#623B15;stroke-width:1px;stroke-linecap:butt;stroke-linejoin:miter;stroke-opacity:1;' d='M 337 675 L 338 675 L 338 676 L 338 677 L 342 678 Q 346 678 346 680 Q 346 681 347 681 L 347 681 L 345 682 Q 343 684 342 684 Q 340 686 338 690 Q 336 694 336 693 Q 336 692 335 692 L 334 692 L 334 694 L 334 695 L 332 695 L 331 696 L 331 696 L 330 696 L 330 696 L 330 696 L 329 697 L 328 697 L 328 696 L 328 695 L 329 694 Q 330 692 329 690 L 329 687 L 329 686 L 329 686 L 329 685 Q 330 684 330 683 Q 330 682 329 683 L 328 684 L 328 684 Q 328 684 327 684 L 327 685 L 327 685 Q 326 685 327 682 L 327 680 L 328 678 Q 328 675 331 676 Q 334 676 335 676 Q 336 676 337 675 z 
'/>
<path style='opacity:1;fill:#21110F;fill-rule:evenodd;stroke:#21110F;stroke-width:1px;stroke-linecap:butt;stroke-linejoin:miter;stroke-opacity:1;' d='M 2 614 L 3 614 L 3 614 Q 3 614 4 615 L 4 615 L 5 616 Q 6 618 5 621 Q 4 624 5 624 Q 6 625 7 634 Q 8 642 10 643 Q 12 644 12 646 Q 12 649 12 650 L 12 651 L 11 651 L 11 652 L 11 652 L 10 652 L 10 654 L 10 656 L 12 656 L 13 656 L 14 657 L 14 657 L 16 664 Q 18 670 16 670 Q 15 671 15 674 Q 16 677 18 678 Q 21 679 22 683 Q 24 688 26 689 Q 28 690 29 691 Q 29 692 32 692 Q 34 691 36 694 Q 37 696 38 696 L 38 696 L 38 696 L 38 696 L 39 696 L 39 696 L 39 695 L 39 695 L 40 695 L 40 695 L 40 696 L 40 697 L 38 701 Q 37 704 34 705 Q 32 705 31 716 Q 30 728 30 732 Q 28 735 28 736 L 28 737 L 27 737 L 27 738 L 27 738 L 26 738 L 26 738 L 26 738 L 26 739 L 26 739 L 25 740 L 25 740 L 22 746 Q 18 753 15 759 Q 12 766 11 766 L 10 766 L 10 767 L 10 767 L 8 767 L 5 768 L 5 768 L 4 768 L 4 768 L 4 768 L 4 769 L 4 769 L 3 769 L 3 770 L 2 770 L 0 770 L 0 694 L 0 617 L 0 617 L 0 617 L 1 616 Q 1 614 2 614 z 
'/>
<path style='opacity:1;fill:#57240D;fill-rule:evenodd;stroke:#57240D;stroke-width:1px;stroke-linecap:butt;stroke-linejoin:miter;stroke-opacity:1;' d='M 528 544 L 529 544 L 529 545 L 530 546 L 530 546 L 530 546 L 531 546 L 532 546 L 534 546 L 535 546 L 535 547 L 536 547 L 536 546 L 536 545 L 537 545 L 537 545 L 537 546 L 538 548 L 538 548 L 538 548 L 538 547 L 538 547 L 539 547 L 539 548 L 539 548 L 540 548 L 540 550 L 540 551 L 540 555 Q 540 559 540 574 L 540 590 L 542 590 L 543 590 L 543 591 L 542 592 L 542 592 L 542 592 L 542 593 L 542 593 L 541 593 L 541 594 L 541 594 L 540 594 L 540 596 Q 540 597 541 598 L 541 598 L 541 598 Q 540 598 540 598 L 540 599 L 538 599 Q 536 600 535 598 Q 534 597 531 599 Q 528 602 525 603 Q 522 605 519 606 L 517 608 L 516 608 L 515 608 L 515 608 L 515 608 L 514 608 L 513 608 L 513 607 L 512 607 L 512 607 L 512 606 L 510 606 L 509 606 L 509 605 L 508 605 L 508 605 L 508 604 L 508 604 L 508 604 L 507 604 L 507 604 L 507 603 L 508 603 L 508 600 Q 508 598 509 597 Q 510 596 511 594 Q 512 592 510 592 Q 508 591 508 590 Q 508 589 510 589 Q 511 589 511 588 Q 512 586 511 582 Q 510 579 508 579 Q 507 579 507 578 Q 507 577 506 577 Q 505 576 504 575 Q 504 573 502 574 L 501 574 L 501 572 L 500 571 L 500 570 L 500 568 L 502 568 L 503 568 L 504 567 L 505 566 L 505 566 L 506 566 L 506 566 L 506 566 L 506 565 L 506 565 L 507 562 Q 508 560 514 558 Q 519 556 521 555 Q 524 554 525 552 Q 526 550 527 551 L 528 551 L 528 550 Q 528 548 528 546 Q 528 545 528 544 z 
'/>
<path style='opacity:1;fill:#85742E;fill-rule:evenodd;stroke:#85742E;stroke-width:1px;stroke-linecap:butt;stroke-linejoin:miter;stroke-opacity:1;' d='M 247 1 L 247 0 L 333 0 L 419 0 L 419 0 Q 419 0 412 1 Q 406 1 406 2 Q 406 3 402 4 Q 398 4 398 5 Q 398 6 396 6 Q 395 6 394 9 Q 394 12 392 13 Q 391 14 392 19 Q 394 24 395 24 Q 397 24 397 28 Q 396 31 398 32 Q 399 32 397 39 Q 396 45 393 47 Q 390 48 390 50 Q 389 51 386 51 L 382 51 L 382 51 L 382 52 L 381 52 L 380 52 L 381 53 L 382 54 L 382 54 L 382 54 L 381 54 L 381 54 L 381 55 L 380 55 L 380 56 L 380 57 L 381 57 L 381 56 L 381 56 L 382 56 L 382 56 L 382 56 L 384 55 L 385 55 L 385 58 Q 385 60 386 60 Q 387 60 388 61 L 390 61 L 390 60 L 390 59 L 391 59 L 391 58 L 391 58 L 392 58 L 392 58 L 392 58 L 392 57 L 392 57 L 393 57 L 393 56 L 394 56 L 395 56 L 395 57 L 394 58 L 394 58 L 394 58 L 394 59 L 394 59 L 393 59 L 393 60 L 393 60 L 392 60 L 392 60 L 392 60 L 392 61 L 392 61 L 391 62 L 390 63 L 390 63 L 390 64 L 388 64 Q 386 64 382 66 Q 379 70 377 70 Q 374 70 373 74 Q 372 78 369 79 Q 367 80 366 81 Q 364 82 362 82 Q 360 82 360 81 Q 359 80 358 80 Q 357 80 357 81 Q 357 82 356 82 Q 355 82 352 82 L 349 82 L 349 82 L 348 82 L 348 82 L 348 82 L 348 83 L 348 83 L 347 83 L 347 84 L 347 84 L 346 84 L 346 84 L 346 84 L 345 83 L 344 82 L 343 82 L 342 82 L 342 83 L 342 84 L 342 84 Q 342 84 341 85 Q 341 86 337 86 Q 333 86 332 84 Q 332 83 326 82 Q 321 82 321 83 Q 321 84 319 85 Q 317 86 315 90 L 313 94 L 312 94 Q 310 94 308 94 Q 307 94 307 93 Q 306 92 303 92 Q 299 92 298 92 L 298 93 L 297 93 Q 297 92 297 92 Q 296 92 296 89 Q 296 86 296 85 Q 295 84 294 82 Q 294 80 292 80 Q 291 78 289 79 Q 287 80 287 78 Q 286 77 286 78 Q 286 80 284 80 Q 283 80 282 80 Q 282 81 281 81 Q 280 81 280 80 Q 280 79 278 79 Q 277 78 276 80 Q 274 80 271 81 Q 268 81 268 82 Q 267 82 266 83 Q 266 84 263 85 Q 260 86 258 87 Q 256 88 254 88 Q 253 88 251 88 Q 250 89 247 86 Q 244 84 237 84 Q 230 85 230 84 Q 230 82 229 82 Q 228 82 228 82 Q 227 81 226 82 L 224 82 L 224 82 Q 224 82 223 81 Q 222 81 222 79 Q 222 77 222 76 Q 223 76 223 75 Q 222 74 223 70 L 224 66 L 224 66 Q 224 66 225 65 L 225 64 L 226 63 Q 226 62 228 61 Q 229 61 229 59 Q 229 58 230 56 Q 232 56 236 55 Q 239 54 238 54 Q 237 54 237 53 Q 237 52 239 52 Q 242 51 242 49 Q 242 48 244 46 Q 245 44 246 44 Q 248 44 248 43 Q 247 42 246 43 Q 245 43 245 42 Q 245 41 246 41 Q 247 41 248 40 Q 248 40 249 37 Q 250 35 249 35 Q 248 35 247 31 Q 246 27 246 26 Q 246 25 247 24 Q 248 24 246 18 Q 244 13 244 10 Q 244 6 246 5 Q 248 4 247 3 Q 246 2 247 1 z 
M 234 82 Q 235 82 236 82 Q 236 82 235 82 Q 233 82 234 82 z 
'/>
<path style='opacity:1;fill:#A9903A;fill-rule:evenodd;stroke:#A9903A;stroke-width:1px;stroke-linecap:butt;stroke-linejoin:miter;stroke-opacity:1;' d='M 24 164 L 26 163 L 25 165 Q 24 167 25 167 Q 26 167 26 168 Q 26 170 26 172 Q 27 174 30 175 Q 33 176 33 179 Q 33 182 35 183 Q 38 183 38 189 Q 38 195 39 196 Q 40 198 41 199 Q 42 200 42 202 Q 42 203 40 203 Q 39 203 39 208 Q 40 212 39 213 L 39 214 L 40 218 Q 40 222 40 223 Q 41 225 39 226 Q 36 226 36 227 Q 36 228 37 228 Q 38 228 37 229 Q 36 230 33 230 Q 30 230 30 232 Q 30 233 28 233 Q 26 232 26 233 L 26 233 L 25 233 L 25 234 L 24 234 L 24 234 L 23 233 L 22 232 L 22 232 L 22 232 L 21 232 L 21 233 L 20 232 Q 18 232 16 234 Q 15 236 13 237 Q 12 237 11 237 Q 11 238 11 238 L 10 238 L 10 238 L 10 238 L 9 238 L 8 238 L 8 238 L 8 238 L 7 237 Q 6 236 6 232 Q 5 229 3 228 L 2 228 L 1 228 Q 1 228 0 229 L 0 229 L 0 208 L 0 187 L 0 187 L 0 187 L 1 187 L 1 188 L 2 188 L 2 188 L 2 187 L 2 187 L 3 187 L 3 186 L 4 186 L 6 186 L 6 185 L 6 184 L 7 184 L 8 184 L 8 183 L 8 182 L 9 181 Q 10 180 11 175 L 12 170 L 12 170 L 12 170 L 13 168 L 13 167 L 14 167 Q 15 168 18 167 Q 21 166 22 165 Q 22 164 24 164 z 
'/>
<path style='opacity:1;fill:#A38A34;fill-rule:evenodd;stroke:#A38A34;stroke-width:1px;stroke-linecap:butt;stroke-linejoin:miter;stroke-opacity:1;' d='M 250 244 L 252 244 L 251 248 Q 250 252 250 259 L 250 266 L 251 276 Q 252 286 252 287 L 252 288 L 250 292 Q 248 296 245 301 Q 242 306 240 306 Q 238 307 237 307 L 237 307 L 237 304 L 237 302 L 237 302 Q 236 301 236 301 L 236 301 L 236 298 L 236 294 L 235 292 L 234 289 L 234 288 L 234 287 L 233 287 Q 232 287 231 289 Q 230 290 229 289 Q 228 287 226 287 L 224 288 L 224 287 L 224 287 L 223 287 L 223 287 L 223 286 L 222 286 L 222 286 L 222 286 L 222 285 L 222 285 L 221 285 L 221 284 L 221 284 L 220 284 L 220 284 L 220 284 L 220 283 L 220 283 L 222 283 L 223 283 L 223 284 L 223 285 L 224 285 Q 225 284 226 284 Q 228 283 228 282 Q 228 281 230 281 Q 232 281 232 276 Q 232 272 235 267 Q 238 262 240 261 Q 243 260 244 259 Q 244 257 245 256 Q 246 256 248 250 Q 249 245 250 244 z 
'/>
<path style='opacity:1;fill:#9D5716;fill-rule:evenodd;stroke:#9D5716;stroke-width:1px;stroke-linecap:butt;stroke-linejoin:miter;stroke-opacity:1;' d='M 439 661 L 440 661 L 440 662 Q 440 664 441 664 L 441 665 L 441 665 Q 440 665 440 666 L 440 666 L 434 672 Q 428 677 427 677 L 427 678 L 427 678 L 426 678 L 426 678 L 426 678 L 426 679 L 426 679 L 425 679 L 425 680 L 424 680 L 423 680 L 423 681 L 422 681 L 422 681 L 422 682 L 422 682 L 422 682 L 421 682 L 421 683 L 421 683 Q 420 683 420 684 L 420 684 L 418 684 Q 416 684 417 680 Q 418 676 418 677 Q 419 678 420 678 Q 421 678 422 676 Q 422 674 423 674 L 424 674 L 424 673 L 424 673 L 423 673 L 423 672 L 421 672 L 419 672 L 418 672 Q 417 672 408 670 L 400 670 L 400 669 L 400 669 L 399 669 L 399 668 L 399 668 L 398 668 L 398 668 L 398 668 L 398 667 L 398 667 L 398 666 L 398 666 L 399 666 L 399 666 L 399 666 L 399 666 L 400 667 L 400 667 L 400 667 L 400 668 L 414 667 Q 428 666 432 664 Q 436 662 436 662 L 436 662 L 436 662 L 436 662 L 437 662 L 437 662 L 438 662 L 438 662 L 438 662 L 438 662 L 439 662 L 439 662 L 439 661 z 
'/>
<path style='opacity:1;fill:#673611;fill-rule:evenodd;stroke:#673611;stroke-width:1px;stroke-linecap:butt;stroke-linejoin:miter;stroke-opacity:1;' d='M 550 980 L 551 980 L 553 983 Q 555 986 557 986 Q 560 987 560 988 L 560 988 L 559 988 L 558 988 L 558 989 L 558 989 L 559 990 L 559 992 L 560 992 L 561 992 L 563 994 Q 566 995 566 996 L 566 998 L 567 998 Q 568 999 568 1000 L 568 1001 L 568 1001 Q 567 1000 566 1000 Q 565 998 564 999 L 564 1000 L 563 1000 L 563 1000 L 562 1000 Q 560 1000 558 1000 L 557 1000 L 556 1000 L 554 1000 L 554 1000 L 554 1000 L 555 1000 L 555 1000 L 554 1001 L 553 1002 L 552 1002 L 551 1002 L 550 1002 Q 550 1002 546 1001 Q 541 1000 539 999 L 537 998 L 537 998 Q 536 997 536 996 Q 536 996 529 992 Q 523 989 523 988 L 523 987 L 522 987 L 520 986 L 520 986 L 520 986 L 519 986 L 519 986 L 520 985 L 522 985 L 522 984 Q 522 983 524 981 L 525 979 L 537 979 Q 549 980 550 980 z 
'/>
<path style='opacity:1;fill:#AC5915;fill-rule:evenodd;stroke:#AC5915;stroke-width:1px;stroke-linecap:butt;stroke-linejoin:miter;stroke-opacity:1;' d='M 375 957 L 374 956 L 376 956 L 377 956 L 388 960 Q 399 964 400 966 Q 402 966 402 967 L 403 967 L 403 967 Q 403 968 404 968 L 404 968 L 406 971 Q 408 974 407 976 Q 407 978 405 978 L 403 978 L 403 979 L 404 979 L 404 979 L 404 980 L 404 980 L 404 980 L 405 981 L 405 982 L 404 982 L 403 982 L 403 981 L 403 980 L 402 980 Q 401 980 399 979 L 397 978 L 397 978 Q 397 978 389 973 Q 381 969 380 967 L 379 965 L 379 964 L 378 964 L 378 964 L 378 964 L 378 963 L 378 963 L 377 961 L 376 959 L 376 959 L 376 958 L 376 958 Q 376 958 375 957 z 
'/>
<path style='opacity:1;fill:#9E5C19;fill-rule:evenodd;stroke:#9E5C19;stroke-width:1px;stroke-linecap:butt;stroke-linejoin:miter;stroke-opacity:1;' d='M 329 162 L 330 162 L 330 163 Q 330 164 329 164 Q 328 165 327 167 L 326 170 L 325 170 L 324 170 L 324 171 L 324 171 L 324 172 L 324 172 L 324 173 L 324 174 L 327 174 L 330 174 L 330 175 L 330 175 L 329 175 L 329 176 L 329 176 L 328 176 L 328 176 L 328 176 L 328 176 Q 327 176 326 177 L 326 177 L 325 177 Q 324 178 320 180 Q 316 182 314 183 Q 311 184 311 186 Q 311 187 309 188 Q 307 188 306 191 L 304 194 L 304 194 L 304 194 L 304 195 L 304 195 L 304 195 L 304 195 L 303 197 L 303 199 L 302 199 L 301 200 L 301 200 L 300 200 L 300 197 L 300 194 L 299 194 L 299 194 L 299 193 L 299 193 L 299 190 Q 300 187 300 186 Q 300 186 301 184 L 301 182 L 302 180 Q 302 178 306 174 Q 310 171 316 168 Q 322 164 325 164 Q 328 162 329 162 z 
'/>
<path style='opacity:1;fill:#894513;fill-rule:evenodd;stroke:#894513;stroke-width:1px;stroke-linecap:butt;stroke-linejoin:miter;stroke-opacity:1;' d='M 385 348 L 386 349 L 386 348 L 386 347 L 387 346 L 387 346 L 388 352 Q 388 358 389 358 Q 390 358 390 360 L 390 361 L 390 361 L 390 362 L 390 362 L 390 362 L 391 362 L 391 362 L 397 364 Q 402 366 403 366 L 403 366 L 404 367 L 406 368 L 406 368 L 406 368 L 405 369 L 404 370 L 404 372 L 404 373 L 403 373 L 403 374 L 403 374 L 402 374 L 402 374 L 402 374 L 401 375 Q 400 375 400 376 Q 399 378 396 378 Q 394 378 393 379 Q 392 380 375 382 L 359 384 L 359 384 L 359 384 L 358 384 Q 356 384 351 382 L 346 382 L 346 381 L 346 381 L 345 381 L 345 381 L 345 381 L 345 380 L 346 380 L 348 380 L 348 379 L 348 378 L 347 378 L 347 378 L 347 377 L 347 377 L 352 377 L 356 376 L 356 376 L 356 376 L 357 376 L 357 376 L 357 375 L 358 375 L 358 375 L 358 374 L 358 374 L 358 374 L 358 373 L 358 372 L 358 372 L 358 372 L 357 371 L 356 370 L 356 370 L 356 370 L 355 370 Q 355 370 355 369 Q 354 369 353 366 L 352 362 L 351 362 L 350 362 L 350 361 L 350 360 L 351 360 L 352 360 L 353 361 L 354 362 L 354 362 L 354 362 L 355 362 L 355 362 L 356 364 Q 357 364 363 364 Q 369 364 376 360 Q 383 356 384 352 Q 384 348 382 348 Q 381 348 381 347 L 381 347 L 383 346 Q 385 346 385 348 z 
'/>
<path style='opacity:1;fill:#803A12;fill-rule:evenodd;stroke:#803A12;stroke-width:1px;stroke-linecap:butt;stroke-linejoin:miter;stroke-opacity:1;' d='M 336 375 L 337 376 L 339 376 L 341 376 L 341 375 L 341 375 L 344 376 Q 346 376 346 377 L 347 377 L 347 377 L 347 378 L 347 378 L 348 378 L 348 379 L 348 380 L 346 380 L 345 380 L 345 381 L 345 381 L 343 381 L 341 381 L 341 381 L 341 380 L 336 380 L 331 380 L 331 379 L 330 379 L 330 378 L 330 376 L 329 376 L 329 376 L 331 375 L 333 374 L 334 374 Q 334 374 336 375 z 
'/>
<path style='opacity:1;fill:#37130C;fill-rule:evenodd;stroke:#37130C;stroke-width:1px;stroke-linecap:butt;stroke-linejoin:miter;stroke-opacity:1;' d='M 508 466 L 508 462 L 510 462 L 511 462 L 511 463 L 512 463 L 512 463 L 512 462 L 513 462 L 514 462 L 514 463 L 514 463 L 515 465 Q 515 467 516 467 Q 517 467 518 470 Q 518 474 519 474 Q 520 474 521 476 Q 522 477 522 476 Q 522 474 523 474 Q 524 474 524 475 Q 524 476 525 482 L 525 488 L 526 488 L 528 488 L 528 489 L 528 489 L 529 489 L 529 488 L 529 488 L 530 488 L 530 488 L 530 488 L 530 487 L 530 487 L 531 487 L 531 486 L 531 486 L 532 486 L 532 486 L 532 485 L 534 484 Q 536 484 536 486 L 536 489 L 537 489 L 537 489 L 537 489 L 537 490 L 536 490 L 535 490 L 535 488 L 535 487 L 534 487 L 533 487 L 532 490 Q 531 494 529 494 Q 526 495 527 498 Q 527 500 524 500 Q 522 499 522 500 Q 522 501 520 502 Q 518 503 518 508 Q 518 513 518 514 L 518 516 L 518 516 L 518 516 L 518 516 L 518 516 L 516 516 L 515 516 L 513 516 L 511 516 L 510 516 Q 508 516 507 516 Q 506 516 504 514 Q 502 512 500 510 L 499 508 L 499 508 Q 498 507 498 507 Q 497 506 496 502 Q 495 498 494 498 Q 493 498 493 499 Q 492 500 491 494 Q 490 488 489 488 Q 488 488 487 484 Q 486 480 485 480 L 484 480 L 484 480 Q 483 480 485 475 L 487 471 L 487 471 L 488 471 L 488 471 L 488 470 L 488 470 L 488 470 L 489 469 L 490 468 L 490 466 L 490 464 L 495 466 Q 500 467 501 468 Q 503 469 503 470 L 504 471 L 504 471 L 504 470 L 504 470 L 504 470 L 505 470 L 505 470 L 506 469 Q 507 469 508 466 z 
'/>
<path style='opacity:1;fill:#524320;fill-rule:evenodd;stroke:#524320;stroke-width:1px;stroke-linecap:butt;stroke-linejoin:miter;stroke-opacity:1;' d='M 242 416 L 243 413 L 244 415 Q 244 417 247 418 Q 250 418 250 420 L 250 423 L 250 424 L 250 425 L 249 426 Q 248 426 246 426 Q 244 425 246 432 Q 247 440 248 440 Q 249 440 249 444 Q 250 448 250 449 L 250 450 L 250 451 Q 249 452 248 452 Q 246 452 246 453 L 245 453 L 245 453 Q 245 452 244 452 L 243 452 L 243 451 L 242 451 L 242 451 L 242 450 L 242 450 Q 242 450 242 448 Q 241 445 238 444 Q 235 443 235 442 Q 234 441 233 440 Q 231 440 231 441 Q 230 442 230 441 Q 230 440 224 439 L 218 438 L 218 438 L 218 438 L 217 438 L 217 438 L 217 438 L 216 437 L 216 437 L 216 437 L 216 434 L 216 432 L 215 430 L 215 429 L 216 429 L 216 428 L 216 428 L 216 428 L 218 428 Q 219 428 226 426 Q 232 426 231 425 Q 230 425 230 423 Q 229 421 231 421 Q 233 421 233 420 Q 232 419 234 418 Q 235 418 236 418 Q 236 419 239 418 Q 241 418 242 416 z 
'/>
<path style='opacity:1;fill:#5F2B0E;fill-rule:evenodd;stroke:#5F2B0E;stroke-width:1px;stroke-linecap:butt;stroke-linejoin:miter;stroke-opacity:1;' d='M 568 1001 L 568 1001 L 571 1007 Q 574 1013 576 1014 Q 578 1016 580 1020 Q 580 1023 580 1026 L 580 1030 L 580 1032 L 580 1034 L 578 1034 L 577 1034 L 575 1034 L 573 1034 L 572 1033 Q 571 1032 568 1030 Q 566 1028 560 1025 Q 555 1023 555 1022 Q 555 1021 554 1021 L 553 1021 L 553 1021 L 553 1020 L 554 1020 L 556 1020 L 556 1018 Q 556 1017 556 1015 Q 556 1013 554 1012 Q 552 1010 552 1007 L 552 1004 L 552 1004 L 552 1004 L 552 1003 L 552 1003 L 551 1003 L 551 1002 L 551 1002 L 551 1002 L 552 1002 L 553 1002 L 554 1001 L 555 1000 L 555 1000 L 554 1000 L 554 1000 L 554 1000 L 556 1000 L 557 1000 L 558 1000 Q 560 1000 562 1000 L 563 1000 L 563 1000 L 564 1000 L 564 999 Q 565 998 566 1000 Q 567 1000 568 1001 z 
'/>
<path style='opacity:1;fill:#3E1F10;fill-rule:evenodd;stroke:#3E1F10;stroke-width:1px;stroke-linecap:butt;stroke-linejoin:miter;stroke-opacity:1;' d='M 174 881 L 174 880 L 180 881 Q 186 882 187 883 Q 189 884 190 884 L 191 884 L 192 885 L 194 886 L 194 886 L 194 886 L 195 886 L 195 886 L 195 887 L 196 887 L 196 887 L 196 888 L 196 888 L 196 888 L 197 889 L 197 890 L 194 890 L 190 890 L 190 891 L 190 891 L 189 891 L 189 892 L 188 892 L 187 892 L 187 892 Q 186 892 183 893 Q 179 894 176 894 L 172 894 L 172 894 Q 172 894 173 893 Q 174 892 176 888 Q 178 885 176 884 Q 173 882 174 882 Q 175 882 174 881 z 
'/>
<path style='opacity:1;fill:#481C0C;fill-rule:evenodd;stroke:#481C0C;stroke-width:1px;stroke-linecap:butt;stroke-linejoin:miter;stroke-opacity:1;' d='M 422 107 L 421 104 L 427 105 Q 433 106 435 106 L 437 106 L 438 107 L 438 107 L 448 109 Q 458 110 470 116 Q 482 122 486 124 Q 490 126 490 127 L 490 128 L 489 128 Q 488 128 488 128 L 487 128 L 486 128 L 484 128 L 482 127 L 481 126 L 480 126 L 479 126 L 479 127 L 480 127 L 480 127 L 480 128 L 480 128 L 480 128 L 481 128 L 481 128 L 481 129 L 482 129 L 482 129 L 482 130 L 484 131 Q 486 133 486 135 Q 486 137 485 138 L 484 139 L 484 140 L 484 141 L 484 142 L 484 144 L 484 144 L 484 144 L 482 144 L 481 144 L 480 144 L 478 144 L 476 143 Q 474 143 474 142 Q 474 140 472 140 Q 470 139 467 138 Q 464 136 460 134 Q 455 132 446 127 Q 438 123 432 121 Q 426 119 426 118 Q 426 116 425 116 Q 424 115 423 114 L 422 114 L 422 113 L 422 112 L 421 111 Q 421 110 422 110 Q 423 110 422 107 z 
'/>
<path style='opacity:1;fill:#504523;fill-rule:evenodd;stroke:#504523;stroke-width:1px;stroke-linecap:butt;stroke-linejoin:miter;stroke-opacity:1;' d='M 237 482 L 237 482 L 238 484 Q 238 485 239 485 Q 240 485 240 491 Q 240 497 239 496 Q 238 496 237 496 L 237 497 L 236 497 L 234 496 L 232 496 L 231 496 L 231 496 Q 231 496 230 495 Q 229 494 228 492 L 228 490 L 228 490 Q 228 489 227 489 L 227 489 L 227 488 Q 226 488 226 486 L 225 485 L 231 484 Q 237 482 237 482 z 
'/>
<path style='opacity:1;fill:#773712;fill-rule:evenodd;stroke:#773712;stroke-width:1px;stroke-linecap:butt;stroke-linejoin:miter;stroke-opacity:1;' d='M 372 116 L 373 116 L 374 117 L 376 117 L 376 118 L 376 120 L 376 120 L 376 121 L 376 124 Q 374 126 374 140 Q 374 153 376 154 Q 379 154 379 155 Q 379 156 380 156 Q 381 156 381 157 L 381 158 L 380 158 Q 379 158 374 156 Q 368 156 365 155 L 362 155 L 361 155 Q 360 155 360 154 Q 360 153 359 153 Q 358 153 358 154 Q 358 155 357 154 L 356 154 L 356 154 L 356 154 L 355 154 L 355 154 L 354 155 L 353 155 L 353 154 L 354 153 L 354 153 L 354 152 L 354 152 L 354 152 L 355 152 L 355 152 L 355 151 Q 356 151 357 146 Q 358 141 360 131 L 362 121 L 364 121 Q 366 121 366 120 Q 366 118 368 117 Q 370 116 372 116 z 
'/>
<path style='opacity:1;fill:#65380C;fill-rule:evenodd;stroke:#65380C;stroke-width:1px;stroke-linecap:butt;stroke-linejoin:miter;stroke-opacity:1;' d='M 458 988 L 459 988 L 461 987 L 463 987 L 463 988 L 462 989 L 462 990 L 462 991 L 463 991 L 463 992 L 463 992 L 464 992 L 464 993 L 464 994 L 465 994 L 466 994 L 467 996 Q 468 996 468 997 L 469 997 L 469 998 Q 468 1000 466 999 L 464 998 L 462 998 Q 460 998 456 996 L 452 995 L 452 995 Q 452 994 450 994 L 447 994 L 446 993 L 445 993 L 445 992 L 445 991 L 450 990 Q 456 988 458 988 z 
'/>
<path style='opacity:1;fill:#B06219;fill-rule:evenodd;stroke:#B06219;stroke-width:1px;stroke-linecap:butt;stroke-linejoin:miter;stroke-opacity:1;' d='M 417 270 L 417 270 L 416 270 Q 415 270 410 272 L 404 272 L 404 273 L 404 273 L 403 273 L 403 273 L 403 273 L 403 272 L 402 272 Q 400 272 397 274 L 394 274 L 392 275 L 390 275 L 390 274 L 390 272 L 391 271 L 392 270 L 392 270 L 392 270 L 392 269 L 392 269 L 393 269 L 393 268 L 394 268 L 395 268 L 396 267 L 397 266 L 406 266 Q 416 266 416 268 Q 417 270 417 270 z 
'/>
<path style='opacity:1;fill:#9C4F14;fill-rule:evenodd;stroke:#9C4F14;stroke-width:1px;stroke-linecap:butt;stroke-linejoin:miter;stroke-opacity:1;' d='M 254 975 L 255 974 L 257 975 Q 260 976 260 976 Q 262 976 262 977 Q 262 978 263 978 L 264 978 L 265 978 L 266 978 L 266 978 L 266 978 L 267 978 L 267 978 L 269 979 L 271 979 L 275 983 Q 279 986 281 987 Q 282 988 283 989 Q 284 990 287 993 Q 290 996 292 998 Q 293 1000 299 1002 Q 304 1004 305 1005 Q 306 1006 310 1005 Q 314 1004 314 1003 Q 315 1001 318 1001 Q 320 1001 321 1000 Q 321 999 322 999 Q 323 999 323 997 Q 323 994 324 994 Q 325 994 325 995 Q 325 996 328 997 Q 332 998 337 1002 Q 342 1007 342 1008 L 342 1009 L 343 1009 L 343 1010 L 343 1010 L 344 1010 L 344 1010 L 344 1010 L 346 1011 L 348 1012 L 348 1012 L 348 1012 L 344 1012 Q 340 1012 338 1014 L 336 1016 L 335 1018 L 334 1019 L 334 1019 L 334 1020 L 334 1020 L 334 1020 L 335 1021 Q 335 1022 336 1022 Q 337 1022 338 1024 Q 338 1026 339 1026 L 339 1026 L 340 1027 L 341 1028 L 341 1028 L 341 1028 L 341 1028 L 341 1028 L 340 1028 Q 338 1028 334 1030 L 331 1030 L 330 1031 L 329 1031 L 329 1032 L 330 1034 L 330 1035 L 330 1036 L 331 1036 L 331 1036 L 340 1045 Q 348 1054 350 1057 Q 352 1060 352 1060 L 352 1060 L 353 1060 L 353 1060 L 353 1061 L 354 1061 L 354 1062 L 354 1063 L 355 1063 L 355 1064 L 355 1064 L 356 1064 L 356 1064 L 356 1064 L 356 1065 L 356 1065 L 357 1065 L 357 1066 L 357 1066 L 358 1066 L 358 1066 L 358 1067 L 357 1067 L 356 1066 L 356 1066 L 356 1066 L 355 1066 L 355 1066 L 355 1065 L 354 1065 L 354 1065 L 354 1064 L 352 1064 L 350 1064 L 350 1064 L 349 1064 L 349 1063 Q 348 1063 345 1060 Q 342 1056 340 1056 Q 339 1056 339 1055 Q 338 1054 336 1053 Q 333 1052 332 1051 L 330 1049 L 328 1049 L 326 1048 L 325 1048 L 324 1048 L 324 1047 L 324 1047 L 323 1047 L 323 1048 L 323 1048 L 322 1048 L 322 1050 L 322 1051 L 323 1052 L 324 1054 L 326 1059 Q 329 1064 329 1065 L 330 1065 L 330 1068 L 330 1070 L 328 1070 L 326 1070 L 326 1071 L 326 1071 L 325 1071 L 325 1072 L 324 1072 L 323 1072 L 322 1073 L 321 1073 L 320 1073 L 320 1072 L 319 1072 Q 318 1072 311 1064 Q 304 1058 298 1051 Q 292 1044 290 1044 Q 288 1043 288 1042 Q 288 1041 281 1038 Q 274 1034 273 1036 Q 272 1038 272 1038 L 271 1037 L 270 1037 L 270 1037 L 270 1036 Q 270 1035 269 1034 Q 268 1032 267 1028 Q 266 1024 264 1018 Q 262 1014 260 1011 Q 259 1008 258 1008 Q 256 1008 255 1006 Q 254 1004 253 1000 L 252 995 L 252 994 L 252 994 L 252 993 L 252 992 L 252 992 L 252 992 L 252 991 L 252 991 L 251 991 L 251 990 L 251 990 L 250 990 L 250 989 Q 250 988 248 987 L 248 986 L 247 986 L 247 986 L 247 985 L 246 985 L 246 985 L 246 984 L 246 984 L 246 984 L 245 984 L 245 984 L 245 983 L 244 983 L 244 983 L 244 982 L 244 982 L 244 982 L 247 983 Q 250 984 250 984 L 250 984 L 251 984 L 251 984 L 252 984 L 252 984 L 253 984 L 254 984 L 254 983 L 254 982 L 254 981 Q 254 980 254 980 Q 254 979 254 978 L 253 976 L 253 976 L 252 976 L 252 976 L 252 976 L 254 975 z 
'/>
<path style='opacity:1;fill:#553815;fill-rule:evenodd;stroke:#553815;stroke-width:1px;stroke-linecap:butt;stroke-linejoin:miter;stroke-opacity:1;' d='M 349 681 L 349 682 L 349 684 Q 349 686 350 688 Q 350 689 351 689 Q 352 689 352 692 Q 352 694 351 694 Q 350 694 350 696 L 350 697 L 350 702 Q 350 708 348 712 Q 346 715 345 714 Q 344 712 343 714 Q 342 716 342 717 L 341 717 L 341 716 Q 340 715 340 714 Q 340 712 338 713 L 336 714 L 334 718 Q 332 721 332 723 L 332 725 L 331 726 L 331 728 L 331 728 L 330 728 L 330 726 L 330 725 L 329 725 L 329 724 L 329 724 L 328 724 L 328 724 L 328 724 L 327 725 L 326 726 L 326 726 L 326 726 L 325 724 L 324 722 L 324 718 Q 324 715 325 713 L 325 711 L 325 711 Q 326 711 327 704 L 328 697 L 329 697 L 330 696 L 330 696 L 330 696 L 331 696 L 331 696 L 332 695 L 334 695 L 334 694 L 334 692 L 335 692 Q 336 692 336 693 Q 336 694 338 690 Q 340 686 342 684 Q 343 684 345 682 L 347 681 L 348 680 Q 348 680 349 681 z 
'/>
<path style='opacity:1;fill:#897632;fill-rule:evenodd;stroke:#897632;stroke-width:1px;stroke-linecap:butt;stroke-linejoin:miter;stroke-opacity:1;' d='M 29 0 L 28 0 L 51 0 L 74 0 L 75 0 Q 76 1 78 8 Q 80 16 81 16 Q 82 16 82 21 Q 82 26 84 26 Q 86 26 86 28 Q 87 30 86 31 Q 84 32 84 32 L 84 32 L 85 32 L 85 32 L 86 33 L 88 33 L 88 34 L 88 35 L 87 35 L 86 36 L 88 36 L 90 36 L 90 36 L 90 36 L 90 37 Q 90 38 88 38 Q 86 38 86 40 Q 86 42 87 43 Q 88 43 88 44 Q 87 46 86 45 Q 86 44 84 48 Q 82 51 82 52 L 82 53 L 82 53 Q 81 54 78 53 Q 76 52 76 54 Q 76 55 75 54 Q 74 52 72 52 Q 70 51 70 53 Q 69 55 68 55 Q 67 55 67 54 Q 67 52 64 52 Q 60 51 59 51 Q 57 51 57 50 Q 56 48 52 47 Q 48 46 46 48 Q 45 50 44 50 L 42 50 L 42 50 Q 41 50 40 47 Q 38 45 38 46 Q 38 47 36 44 Q 35 40 32 40 L 30 39 L 30 39 Q 30 38 31 38 L 32 38 L 32 36 Q 32 34 31 32 Q 31 30 32 30 Q 33 30 34 28 Q 34 26 34 23 Q 33 20 34 20 Q 36 20 36 19 Q 35 18 34 12 Q 32 6 31 6 Q 29 7 30 4 Q 30 1 29 0 z 
M 33 37 Q 33 36 34 36 Q 35 36 35 37 Q 35 38 34 38 Q 33 38 33 37 z 
'/>
<path style='opacity:1;fill:#2A1812;fill-rule:evenodd;stroke:#2A1812;stroke-width:1px;stroke-linecap:butt;stroke-linejoin:miter;stroke-opacity:1;' d='M 81 923 L 84 922 L 85 922 L 86 922 L 86 923 L 86 923 L 86 923 L 86 924 L 86 924 L 86 924 L 87 924 L 87 924 L 90 925 Q 93 925 94 927 Q 94 930 95 929 Q 96 928 96 935 Q 95 942 96 942 Q 97 942 97 946 L 97 949 L 98 949 L 100 948 L 100 948 L 100 948 L 101 948 L 101 948 L 102 947 L 103 947 L 103 947 L 103 948 L 103 948 L 102 948 L 102 949 L 102 950 L 101 950 L 101 950 L 98 957 Q 95 964 96 965 Q 96 966 97 966 Q 98 966 98 968 Q 98 969 97 971 L 96 973 L 96 973 L 96 974 L 94 974 Q 93 974 92 972 L 92 970 L 92 973 Q 92 976 91 978 L 91 979 L 90 979 L 89 979 L 89 981 L 88 983 L 88 983 L 88 983 L 88 980 L 88 978 L 88 976 L 88 975 L 87 974 Q 86 973 85 972 Q 84 972 82 972 Q 81 972 80 969 Q 79 966 77 962 Q 76 957 76 955 Q 77 953 75 953 Q 73 952 72 951 Q 72 950 72 938 L 73 926 L 73 928 Q 74 929 75 929 Q 77 928 78 926 Q 78 924 81 923 z 
'/>
<path style='opacity:1;fill:#9A8135;fill-rule:evenodd;stroke:#9A8135;stroke-width:1px;stroke-linecap:butt;stroke-linejoin:miter;stroke-opacity:1;' d='M 176 0 L 176 0 L 188 0 L 200 0 L 202 0 Q 204 1 203 4 Q 202 8 201 8 Q 200 8 200 9 Q 199 10 199 13 Q 200 16 200 16 Q 202 16 202 19 Q 202 22 200 22 Q 198 22 200 25 Q 202 28 202 29 Q 202 30 201 30 Q 200 31 201 33 Q 201 36 204 37 Q 206 38 205 40 Q 204 42 204 44 Q 204 44 204 45 Q 205 46 205 46 L 206 46 L 207 47 Q 208 48 211 48 Q 214 48 214 50 Q 215 52 216 53 Q 218 54 218 56 Q 218 57 220 58 Q 222 58 222 60 Q 222 61 221 62 L 221 63 L 222 63 L 223 63 L 224 64 Q 224 64 224 64 L 225 64 L 225 66 Q 225 67 224 67 Q 223 67 223 72 Q 223 76 222 76 Q 222 77 222 79 Q 222 81 223 81 Q 224 82 224 82 L 224 82 L 224 82 Q 224 82 224 83 L 224 84 L 224 84 L 224 84 L 223 84 L 222 84 L 221 84 Q 220 84 220 86 Q 219 87 218 87 Q 217 87 217 86 Q 217 85 216 85 Q 215 85 215 86 Q 215 88 213 90 Q 212 91 210 90 Q 209 90 209 91 Q 210 92 208 92 Q 207 92 204 94 Q 202 96 201 94 Q 200 93 199 94 Q 197 95 196 97 Q 196 99 194 97 Q 193 96 192 96 Q 192 97 192 100 Q 192 104 191 103 Q 190 102 189 103 Q 188 105 188 106 Q 189 106 189 107 Q 189 108 187 108 Q 185 108 184 110 Q 182 112 181 114 Q 180 116 179 119 Q 178 122 177 122 Q 176 122 176 124 Q 176 126 175 124 Q 174 122 174 124 Q 174 127 172 127 Q 171 127 171 128 Q 170 130 170 129 Q 170 128 166 128 Q 163 128 162 130 Q 162 133 161 132 Q 160 130 159 136 Q 158 141 157 140 Q 157 139 156 139 Q 154 140 153 141 Q 152 143 152 141 Q 150 139 150 140 Q 150 141 147 141 Q 145 141 145 142 Q 145 143 144 143 L 143 143 L 143 142 Q 142 141 142 141 L 142 141 L 142 142 Q 142 142 141 142 L 141 142 L 140 142 L 140 142 L 140 141 L 140 141 L 139 141 L 139 140 L 139 140 L 138 140 L 138 139 Q 138 138 138 134 Q 138 131 139 130 Q 140 130 139 126 Q 138 122 137 122 Q 136 121 136 120 Q 136 118 133 117 Q 130 116 130 114 Q 130 112 128 112 Q 127 112 127 110 Q 126 108 125 108 Q 124 109 124 105 Q 124 101 123 101 Q 121 101 121 102 Q 120 103 120 99 Q 118 95 118 90 Q 116 84 116 84 Q 115 83 115 82 Q 115 81 114 81 Q 112 81 112 82 Q 112 83 111 83 L 110 83 L 110 82 Q 110 82 108 82 Q 107 81 107 79 L 106 77 L 106 77 L 106 78 L 105 78 L 104 78 L 104 76 L 104 74 L 104 74 L 104 74 L 105 74 L 105 73 L 107 74 Q 109 74 110 73 Q 112 72 111 70 Q 110 67 111 66 Q 111 65 114 64 Q 118 64 118 62 Q 118 60 119 59 Q 120 58 120 56 Q 119 55 122 55 Q 124 55 125 55 Q 125 54 125 54 L 126 54 L 126 54 L 126 54 L 126 55 L 127 55 L 127 56 Q 128 57 129 55 Q 130 54 135 53 Q 140 52 140 51 Q 139 50 142 50 Q 144 51 145 50 Q 145 48 147 48 Q 148 48 149 49 Q 149 50 150 50 L 152 50 L 152 48 Q 152 47 151 47 Q 150 47 150 46 Q 150 45 151 46 Q 152 46 153 44 Q 153 42 156 42 Q 159 41 160 36 Q 162 30 163 30 Q 164 29 164 28 Q 164 26 166 26 Q 168 26 171 21 Q 175 16 173 16 Q 171 15 172 11 Q 172 7 174 6 Q 176 5 175 4 Q 175 3 176 3 Q 177 3 176 2 Q 176 0 176 0 z 
'/>
<path style='opacity:1;fill:#4C3416;fill-rule:evenodd;stroke:#4C3416;stroke-width:1px;stroke-linecap:butt;stroke-linejoin:miter;stroke-opacity:1;' d='M 434 698 L 435 698 L 436 698 L 438 698 L 440 698 L 441 698 L 441 699 L 440 699 L 440 699 L 440 700 L 439 700 L 438 700 L 438 701 L 438 701 L 437 701 L 437 702 L 437 702 L 436 702 L 436 702 L 436 702 L 432 706 Q 429 708 427 709 Q 424 710 424 711 Q 424 712 421 714 Q 418 716 418 716 L 418 717 L 418 717 Q 418 717 417 718 L 417 718 L 416 718 L 414 718 L 414 718 L 414 718 L 413 718 L 413 719 L 413 720 L 413 720 L 413 720 L 412 720 L 412 720 L 412 721 L 412 721 L 412 721 L 411 721 L 411 722 L 411 722 L 410 722 L 410 723 L 410 724 L 409 724 L 408 724 L 408 723 L 408 723 L 408 722 L 408 722 L 409 722 L 409 722 L 409 721 L 410 720 L 410 720 L 410 720 L 410 719 L 410 719 L 411 719 L 411 718 L 411 718 L 412 718 L 412 718 L 412 718 L 412 717 L 412 717 L 413 716 Q 414 715 420 708 L 427 702 L 428 702 L 428 702 L 429 701 L 430 700 L 431 700 Q 432 700 432 699 Q 432 698 434 698 z 
'/>
<path style='opacity:1;fill:#B3933A;fill-rule:evenodd;stroke:#B3933A;stroke-width:1px;stroke-linecap:butt;stroke-linejoin:miter;stroke-opacity:1;' d='M 297 93 L 298 93 L 298 92 Q 299 92 302 92 Q 304 92 306 91 Q 308 90 308 92 Q 307 94 308 94 Q 310 94 312 94 L 313 94 L 315 90 Q 317 86 319 85 Q 321 84 321 83 Q 321 82 326 82 Q 332 83 332 84 Q 333 86 337 86 Q 341 86 341 85 Q 342 84 342 84 L 342 84 L 342 84 L 342 84 L 344 85 L 346 86 L 347 86 Q 348 86 348 85 Q 348 84 349 85 Q 350 86 352 86 Q 355 86 356 91 Q 358 96 359 96 Q 360 97 360 99 Q 360 102 359 102 Q 358 103 358 104 Q 358 106 359 106 Q 360 107 360 107 Q 360 108 360 108 L 360 108 L 361 108 L 361 108 L 361 109 L 362 109 L 362 110 L 362 111 L 361 111 Q 360 112 360 112 L 360 112 L 359 112 L 359 112 L 356 113 L 354 114 L 354 114 L 354 114 L 353 114 L 353 114 L 353 115 L 353 115 L 352 115 Q 352 116 349 117 Q 346 118 343 120 L 339 121 L 338 121 Q 338 122 338 122 L 338 122 L 336 122 Q 333 122 330 124 Q 326 124 322 128 Q 319 132 318 132 Q 317 132 314 136 Q 311 140 308 146 L 306 152 L 305 152 L 305 152 L 305 153 L 304 153 L 304 153 L 304 154 L 304 154 L 304 154 L 303 155 L 303 156 L 302 156 L 302 156 L 302 157 L 302 157 L 302 158 L 302 158 L 302 158 Q 302 158 297 166 L 293 173 L 292 173 Q 292 174 292 174 L 292 174 L 292 174 Q 292 174 291 173 Q 291 172 288 174 Q 285 176 284 179 Q 282 182 280 183 Q 278 184 276 191 L 274 198 L 274 199 L 274 200 L 274 202 L 274 203 L 273 204 L 273 205 L 266 213 Q 260 222 260 222 L 260 222 L 258 222 L 257 222 L 256 222 Q 254 222 252 222 Q 251 222 250 222 Q 250 221 247 220 Q 244 220 243 220 Q 242 221 241 220 Q 240 218 239 222 Q 238 224 238 223 Q 237 221 236 221 Q 235 221 235 225 L 235 229 L 234 229 L 233 229 L 233 227 Q 232 225 230 226 Q 228 226 228 229 Q 227 232 224 232 Q 221 232 220 232 L 219 232 L 218 233 L 216 234 L 216 234 L 216 234 L 215 232 Q 215 230 214 230 Q 212 230 212 223 Q 212 216 211 216 Q 210 216 210 214 Q 210 213 208 212 Q 207 212 207 208 L 206 203 L 206 203 L 206 204 L 205 204 L 204 204 L 204 205 L 204 206 L 202 206 Q 201 206 200 209 Q 198 212 196 212 Q 195 212 195 211 Q 196 210 192 210 Q 188 211 188 213 Q 188 215 184 216 Q 182 217 180 216 L 178 216 L 178 215 L 178 214 L 177 214 L 177 214 L 177 213 Q 176 213 176 213 Q 176 214 176 213 Q 175 212 174 212 L 172 212 L 173 211 Q 174 210 176 210 Q 177 209 177 207 Q 176 205 176 206 Q 176 207 175 207 Q 174 206 174 203 Q 174 200 170 200 Q 165 200 164 198 Q 162 196 160 197 Q 159 199 158 199 L 157 199 L 157 198 L 156 196 L 156 192 L 156 187 L 154 190 Q 154 193 153 192 Q 152 190 152 191 L 152 192 L 151 192 L 151 192 L 149 191 L 147 191 L 147 190 L 148 189 L 148 189 L 148 188 L 148 188 L 148 188 L 147 188 L 147 188 L 147 187 L 146 187 L 146 187 L 146 186 L 146 186 L 146 186 L 146 184 L 146 182 L 146 182 L 146 182 L 146 183 L 146 183 L 145 183 L 145 184 L 145 184 L 144 184 L 144 184 Q 144 184 144 185 Q 144 185 141 184 Q 138 184 138 185 L 139 186 L 139 187 L 138 187 L 138 187 L 138 188 L 138 188 L 137 188 L 137 187 L 136 187 L 136 185 Q 136 183 135 183 Q 134 182 134 179 Q 134 176 133 176 Q 132 176 132 175 Q 132 174 131 176 Q 130 177 131 175 Q 131 172 131 170 Q 132 167 133 166 Q 134 165 134 164 Q 134 162 136 162 Q 138 162 136 161 Q 135 160 135 156 Q 135 153 136 152 Q 136 152 138 150 Q 139 148 140 145 L 141 142 L 141 142 Q 142 142 142 142 L 142 141 L 146 141 Q 150 141 150 140 Q 150 139 152 141 Q 152 143 153 141 Q 154 140 156 139 Q 157 139 157 140 Q 158 141 159 136 Q 160 130 161 132 Q 162 133 162 130 Q 163 128 166 128 Q 170 128 170 129 Q 170 130 171 128 Q 171 127 172 127 Q 174 127 174 124 Q 174 122 175 124 Q 176 126 176 124 Q 176 122 177 122 Q 178 122 179 119 Q 180 116 181 114 Q 182 112 184 110 Q 187 108 188 105 Q 190 102 191 103 Q 192 104 192 100 Q 192 97 192 96 Q 193 96 194 97 Q 196 99 196 97 Q 197 95 199 94 Q 200 93 201 94 Q 202 96 204 94 Q 207 92 208 92 Q 210 92 209 91 Q 209 90 210 90 Q 212 91 213 90 Q 215 88 215 86 Q 215 85 216 85 Q 217 85 217 86 Q 217 87 218 87 Q 219 87 220 86 Q 220 84 221 84 L 222 84 L 223 84 L 224 84 L 224 84 L 224 84 L 224 83 Q 224 82 224 82 L 224 82 L 226 82 Q 227 81 228 82 Q 228 82 229 82 Q 230 82 230 84 Q 230 85 232 84 Q 235 84 234 83 Q 233 82 234 82 Q 236 82 236 83 Q 237 84 241 84 Q 245 84 247 87 Q 250 89 251 88 Q 253 88 254 88 Q 256 88 258 87 Q 260 86 263 85 Q 266 84 266 83 Q 267 82 268 82 Q 268 81 271 81 Q 274 80 276 80 Q 277 78 278 79 Q 280 79 280 80 Q 280 81 281 81 Q 282 81 282 80 Q 283 80 284 80 Q 286 80 286 78 Q 286 77 287 78 Q 287 80 289 79 Q 291 78 292 80 Q 294 80 294 82 Q 295 84 296 85 Q 296 86 296 89 Q 296 92 297 92 Q 297 92 297 93 z 
'/>
<path style='opacity:1;fill:#463213;fill-rule:evenodd;stroke:#463213;stroke-width:1px;stroke-linecap:butt;stroke-linejoin:miter;stroke-opacity:1;' d='M 134 493 L 135 494 L 136 495 Q 136 496 136 497 L 136 497 L 137 497 L 137 498 L 138 498 L 139 498 L 139 497 L 140 497 L 140 497 L 140 498 L 140 498 L 141 498 L 141 497 L 142 497 L 142 497 Q 142 496 143 496 L 144 496 L 144 498 Q 144 500 145 500 Q 146 500 147 505 Q 148 510 148 516 Q 150 521 149 525 Q 149 529 148 529 L 147 530 L 147 530 L 147 530 L 146 532 Q 144 534 144 534 L 144 535 L 143 535 Q 142 535 142 536 L 142 538 L 141 538 L 140 538 L 138 538 L 137 538 L 137 538 L 136 538 L 136 538 L 136 538 L 136 537 L 136 537 L 137 537 L 137 536 L 137 536 L 138 536 L 138 534 Q 138 533 134 534 L 130 535 L 130 534 Q 130 533 131 530 Q 132 527 131 528 Q 130 529 130 528 Q 129 526 128 520 Q 128 514 125 514 Q 123 514 124 513 L 124 512 L 124 512 Q 125 512 126 510 Q 126 509 126 508 Q 126 506 129 506 Q 132 505 132 501 Q 132 497 132 494 Q 134 492 134 493 z 
'/>
<path style='opacity:1;fill:#9F8535;fill-rule:evenodd;stroke:#9F8535;stroke-width:1px;stroke-linecap:butt;stroke-linejoin:miter;stroke-opacity:1;' d='M 395 56 L 395 56 L 403 58 Q 411 60 412 60 Q 413 60 416 60 Q 420 61 420 62 Q 421 62 424 63 Q 428 63 429 66 Q 430 68 431 68 Q 432 68 432 69 Q 433 70 434 71 Q 435 71 435 70 Q 435 69 438 70 Q 442 72 443 72 L 444 72 L 444 72 Q 444 72 444 73 L 445 73 L 445 75 Q 445 77 447 77 Q 449 78 451 78 L 453 78 L 453 79 L 452 79 L 452 82 Q 452 85 450 86 Q 448 87 448 88 Q 448 90 446 90 Q 444 91 443 92 Q 442 94 443 95 Q 444 96 442 97 Q 440 98 439 99 L 438 100 L 438 100 L 438 100 L 437 100 L 437 100 L 437 101 L 436 101 L 436 101 L 436 102 L 437 102 L 438 102 L 438 103 L 438 104 L 438 104 L 438 105 L 438 106 L 438 107 L 438 107 L 437 106 L 435 106 Q 433 106 427 105 L 421 104 L 411 104 Q 401 104 396 104 Q 390 104 376 108 L 363 110 L 363 111 L 362 111 L 362 111 L 362 111 L 362 110 L 362 109 L 361 109 L 361 108 L 361 108 L 360 108 L 360 108 Q 360 108 360 107 Q 360 107 359 106 Q 358 106 358 104 Q 358 103 359 102 Q 360 102 360 99 Q 360 97 358 96 Q 356 96 356 95 Q 356 94 356 90 Q 355 86 352 86 Q 350 86 349 85 Q 348 84 348 85 Q 348 86 347 86 L 346 86 L 344 85 L 342 84 L 342 84 L 342 84 L 342 83 L 342 82 L 343 82 L 344 82 L 345 83 L 346 84 L 346 84 L 346 84 L 347 84 L 347 84 L 347 83 L 348 83 L 348 83 L 348 82 L 348 82 L 348 82 L 349 82 L 349 82 L 352 82 Q 355 82 356 82 Q 357 82 357 81 Q 357 80 358 80 Q 359 80 360 81 Q 360 82 362 82 Q 364 82 366 81 Q 367 80 369 79 Q 372 78 373 74 Q 374 70 377 70 Q 379 70 382 66 Q 386 64 388 64 L 390 64 L 390 63 L 390 63 L 391 62 L 391 60 L 391 60 Q 392 60 392 60 L 392 59 L 392 59 Q 392 59 393 58 L 393 58 L 393 58 Q 394 58 394 58 L 394 57 L 394 57 Q 394 57 395 56 z 
'/>
<path style='opacity:1;fill:#24180A;fill-rule:evenodd;stroke:#24180A;stroke-width:1px;stroke-linecap:butt;stroke-linejoin:miter;stroke-opacity:1;' d='M 170 490 L 170 491 L 170 492 L 170 493 L 171 494 L 172 495 L 172 496 Q 173 498 175 498 Q 176 498 177 498 L 177 499 L 177 499 L 177 500 L 177 500 L 178 500 L 178 500 L 178 500 L 178 501 L 178 501 L 177 501 L 177 502 L 177 502 L 178 502 L 178 502 L 178 502 L 178 503 L 178 503 L 178 514 Q 178 526 177 526 Q 176 526 176 531 Q 176 536 177 537 Q 178 537 179 539 L 179 541 L 179 541 L 179 542 L 179 542 L 178 542 L 178 542 L 178 542 L 178 543 L 178 543 L 177 544 L 177 546 L 176 546 L 175 546 L 175 544 L 174 543 L 174 542 L 174 541 L 173 540 Q 172 538 170 532 Q 168 525 167 526 Q 166 528 166 527 L 165 526 L 165 524 Q 166 523 163 514 Q 160 506 160 502 Q 160 497 158 497 Q 157 496 157 494 L 158 492 L 157 491 L 157 490 L 158 490 Q 160 490 160 489 Q 160 488 162 488 Q 163 488 166 489 Q 170 490 170 490 z 
'/>
<path style='opacity:1;fill:#482815;fill-rule:evenodd;stroke:#482815;stroke-width:1px;stroke-linecap:butt;stroke-linejoin:miter;stroke-opacity:1;' d='M 633 573 L 633 575 L 632 575 Q 632 576 632 577 Q 631 578 630 578 Q 628 578 628 580 Q 628 582 626 582 Q 625 582 625 584 Q 626 585 622 586 Q 618 586 618 587 Q 619 588 618 588 Q 617 588 617 589 Q 617 590 616 591 L 614 592 L 614 592 L 614 592 L 613 592 L 613 592 L 613 593 L 612 593 L 612 592 L 612 591 L 611 591 L 611 591 L 611 590 Q 611 589 610 589 Q 609 589 608 588 L 608 587 L 606 587 Q 603 586 590 588 L 577 589 L 577 588 L 578 588 L 578 587 L 578 586 L 577 586 L 577 586 L 577 585 L 576 585 L 576 585 L 576 584 L 576 584 L 576 584 L 577 584 L 577 584 L 577 583 L 576 583 L 576 583 L 576 582 L 576 582 L 576 582 L 577 582 Q 577 582 580 581 L 583 580 L 583 580 L 584 580 L 584 579 L 584 578 L 584 578 L 584 577 L 584 577 L 584 576 L 583 576 Q 582 576 580 577 L 579 578 L 579 578 L 579 578 L 579 577 L 580 577 L 580 576 L 580 575 L 581 575 L 581 574 L 584 571 Q 586 567 590 566 Q 593 566 594 563 Q 595 560 597 560 Q 600 561 600 558 Q 602 554 602 556 Q 602 558 604 557 Q 607 556 610 558 Q 612 558 614 558 Q 617 558 618 561 Q 619 564 624 566 Q 629 568 630 569 Q 632 569 632 570 Q 632 571 633 573 z 
'/>
<path style='opacity:1;fill:#3C2318;fill-rule:evenodd;stroke:#3C2318;stroke-width:1px;stroke-linecap:butt;stroke-linejoin:miter;stroke-opacity:1;' d='M 83 903 L 83 903 L 83 907 Q 82 911 82 912 Q 82 914 82 916 Q 84 919 84 920 L 84 922 L 81 923 Q 78 924 78 926 Q 77 928 75 929 Q 74 929 73 928 L 73 926 L 73 926 L 73 925 L 73 924 L 74 923 L 74 922 L 74 920 L 75 919 Q 76 918 78 912 L 81 905 L 82 905 Q 82 904 82 904 L 82 904 L 82 904 Q 83 904 83 903 z 
'/>
<path style='opacity:1;fill:#8F4916;fill-rule:evenodd;stroke:#8F4916;stroke-width:1px;stroke-linecap:butt;stroke-linejoin:miter;stroke-opacity:1;' d='M 98 676 L 102 676 L 110 676 Q 117 676 117 678 Q 117 678 120 679 Q 124 680 128 680 L 133 680 L 134 681 L 135 681 L 135 682 L 136 683 L 136 684 L 136 685 L 135 686 L 135 687 L 135 690 L 134 693 L 134 693 L 134 694 L 128 694 Q 122 694 116 695 Q 109 695 109 696 Q 108 697 103 698 Q 97 698 88 700 Q 79 700 75 699 L 70 697 L 70 697 L 70 696 L 70 696 L 70 696 L 69 696 L 69 696 L 69 695 L 68 695 L 68 696 L 68 696 L 67 696 L 66 696 L 66 695 L 66 695 L 65 695 L 65 694 L 65 694 L 65 694 L 65 694 L 66 694 L 66 693 L 66 692 L 67 692 L 68 692 L 68 690 L 68 689 L 69 689 L 69 688 L 68 688 Q 66 688 65 685 L 64 682 L 64 682 L 64 682 L 65 682 L 66 682 L 66 682 L 67 682 L 67 681 Q 68 681 68 680 L 68 678 L 74 678 Q 80 677 81 676 Q 82 675 82 676 Q 82 677 85 677 Q 88 677 88 676 Q 88 675 89 675 Q 90 675 90 676 Q 90 677 92 677 Q 93 676 98 676 z 
'/>
<path style='opacity:1;fill:#4D2B13;fill-rule:evenodd;stroke:#4D2B13;stroke-width:1px;stroke-linecap:butt;stroke-linejoin:miter;stroke-opacity:1;' d='M 270 301 L 270 302 L 270 302 L 270 302 L 272 300 Q 272 298 273 299 Q 273 300 274 300 L 276 300 L 276 304 Q 276 307 275 308 Q 274 308 274 312 Q 274 315 274 316 L 274 317 L 274 317 Q 273 316 273 316 L 272 316 L 270 320 Q 267 324 266 324 Q 265 324 265 326 Q 266 328 266 329 L 266 330 L 265 330 L 265 330 L 265 329 L 264 329 L 264 329 Q 264 330 260 329 L 255 328 L 255 329 L 254 329 L 254 330 L 254 330 L 253 330 Q 252 330 250 331 L 249 332 L 248 332 Q 248 332 246 331 L 244 330 L 244 330 Q 244 330 242 322 Q 240 314 239 313 Q 238 312 238 310 L 237 307 L 237 307 Q 238 307 240 306 Q 242 306 245 301 Q 248 296 250 292 L 252 288 L 254 288 Q 255 287 256 288 Q 256 290 257 290 Q 258 290 258 291 Q 259 292 260 292 Q 260 291 261 292 Q 261 293 262 293 Q 263 293 264 296 Q 266 300 266 299 Q 268 298 268 300 Q 270 301 270 301 z 
'/>
<path style='opacity:1;fill:#857427;fill-rule:evenodd;stroke:#857427;stroke-width:1px;stroke-linecap:butt;stroke-linejoin:miter;stroke-opacity:1;' d='M 664 240 L 664 240 L 664 242 Q 665 245 666 245 Q 667 245 668 248 Q 668 250 670 251 Q 671 251 671 252 Q 671 253 673 253 Q 675 253 677 256 Q 678 258 680 264 Q 680 269 681 270 L 682 272 L 682 273 L 682 274 L 683 274 L 683 274 L 684 274 Q 685 274 684 284 Q 684 295 684 296 L 684 297 L 684 298 L 684 299 L 684 300 L 684 300 L 684 300 L 683 300 L 683 301 L 682 301 L 682 301 L 682 300 L 681 300 L 680 300 L 679 299 L 678 299 L 678 300 L 678 301 L 677 301 L 676 300 L 675 300 Q 674 300 673 296 Q 672 293 670 291 L 668 289 L 668 289 Q 667 288 664 288 Q 662 287 662 285 Q 662 283 661 282 Q 659 280 660 279 Q 660 278 658 276 Q 656 274 656 271 L 656 268 L 656 268 L 656 267 L 656 267 L 656 266 L 656 266 L 656 266 L 655 266 L 655 266 L 655 267 L 654 267 L 654 267 Q 654 268 652 268 L 650 269 L 649 269 L 649 270 L 649 270 L 648 270 L 648 270 L 648 270 L 647 269 L 646 268 L 646 268 L 646 268 L 646 268 L 646 268 L 647 268 L 647 268 L 647 267 L 648 267 L 648 266 Q 648 265 649 265 Q 650 265 650 264 Q 650 263 651 253 L 652 243 L 654 242 Q 656 241 656 243 Q 657 244 658 245 Q 659 245 659 244 Q 659 242 660 242 Q 662 242 662 240 Q 663 238 663 239 Q 664 239 664 240 z 
'/>
<path style='opacity:1;fill:#AF952D;fill-rule:evenodd;stroke:#AF952D;stroke-width:1px;stroke-linecap:butt;stroke-linejoin:miter;stroke-opacity:1;' d='M 751 250 L 751 247 L 752 248 Q 754 248 755 250 Q 756 252 756 251 Q 757 250 758 252 Q 758 254 762 254 Q 766 254 766 253 Q 767 252 768 252 Q 768 253 769 252 L 770 251 L 771 254 Q 772 258 775 259 Q 778 260 779 260 Q 780 259 781 260 Q 782 262 783 261 L 784 261 L 782 272 Q 780 284 779 285 Q 778 286 777 296 Q 776 306 775 314 Q 774 321 772 321 L 771 321 L 769 321 Q 767 322 763 322 Q 759 324 753 324 Q 747 324 745 327 Q 742 331 737 334 Q 732 336 729 338 L 726 339 L 726 339 Q 726 338 724 339 Q 723 340 714 338 Q 704 337 702 337 Q 700 337 699 335 Q 698 333 697 334 Q 696 334 696 333 Q 696 332 695 332 Q 694 332 694 330 Q 694 328 695 328 Q 696 328 696 327 Q 696 326 697 324 Q 698 322 696 322 L 695 321 L 695 320 Q 694 318 692 316 Q 690 314 688 308 Q 686 302 685 301 L 684 300 L 684 300 L 684 299 L 684 298 L 684 297 L 684 296 Q 684 295 684 284 Q 685 274 684 274 L 683 274 L 683 272 L 683 271 L 684 271 L 686 270 L 686 270 L 686 270 L 686 268 Q 686 266 686 268 Q 686 269 687 269 Q 688 269 688 266 Q 687 264 686 264 Q 685 264 685 262 Q 685 259 686 259 Q 687 259 687 256 L 688 254 L 688 254 L 688 254 L 688 253 L 688 253 L 689 253 L 689 252 L 690 252 L 691 252 L 691 251 L 692 251 L 692 252 Q 692 252 693 254 L 694 256 L 694 254 Q 695 252 696 251 L 696 251 L 696 251 L 696 251 L 697 251 L 697 252 L 697 252 L 698 252 L 698 253 L 698 254 L 701 254 Q 704 255 704 254 Q 704 252 707 253 Q 710 254 712 254 Q 714 254 715 253 Q 717 252 722 254 Q 726 254 728 253 Q 730 252 730 253 Q 730 254 734 253 Q 737 252 736 253 Q 736 254 740 254 Q 745 254 747 254 L 749 254 L 750 254 L 751 254 L 751 250 z 
'/>
<path style='opacity:1;fill:#241D09;fill-rule:evenodd;stroke:#241D09;stroke-width:1px;stroke-linecap:butt;stroke-linejoin:miter;stroke-opacity:1;' d='M 813 359 L 813 359 L 813 390 L 813 420 L 812 420 Q 812 420 808 420 Q 804 420 801 417 Q 798 413 797 414 Q 796 416 794 417 L 791 418 L 791 418 L 790 417 L 790 417 L 790 416 L 790 416 Q 790 416 791 414 Q 791 412 790 412 Q 788 412 787 410 Q 786 407 784 406 Q 781 406 781 404 Q 781 403 780 403 Q 779 403 779 402 Q 778 401 778 402 L 778 402 L 777 402 Q 777 402 777 401 L 777 401 L 778 399 Q 778 398 779 397 Q 780 397 782 393 Q 784 389 787 386 Q 790 384 790 380 L 790 377 L 790 376 Q 791 374 794 373 Q 796 372 797 370 Q 797 368 798 368 Q 799 368 800 366 Q 800 365 801 366 Q 801 367 803 366 Q 806 366 807 366 Q 808 366 810 362 Q 812 359 813 359 z 
'/>
<path style='opacity:1;fill:#7B4E17;fill-rule:evenodd;stroke:#7B4E17;stroke-width:1px;stroke-linecap:butt;stroke-linejoin:miter;stroke-opacity:1;' d='M 70 724 L 74 724 L 74 724 L 74 724 L 80 728 Q 86 731 86 732 Q 86 733 89 733 Q 92 734 92 734 L 93 734 L 94 735 Q 94 736 93 736 Q 92 737 93 745 Q 94 754 92 754 Q 90 755 91 757 Q 91 759 90 759 Q 89 759 89 762 Q 89 766 88 767 Q 86 768 86 768 L 86 768 L 86 769 L 86 770 L 86 772 L 86 775 L 86 775 Q 86 775 78 775 Q 70 774 54 776 L 37 777 L 35 777 Q 33 776 26 776 Q 18 776 16 775 L 13 774 L 13 773 L 12 772 L 12 772 L 12 772 L 12 771 L 12 771 L 11 771 L 11 770 L 11 770 L 10 770 L 10 769 L 10 768 L 11 768 L 11 768 L 11 767 L 10 767 L 10 767 L 10 767 L 10 767 L 10 766 L 11 766 Q 12 766 15 759 Q 18 753 22 746 L 25 740 L 26 740 L 28 740 L 30 740 L 31 740 L 32 740 L 32 740 L 32 739 L 32 739 L 33 739 L 33 738 L 36 738 Q 38 738 40 737 Q 42 736 44 734 Q 46 731 49 730 Q 52 730 56 728 Q 59 726 62 726 Q 65 724 70 724 z 
'/>
<path style='opacity:1;fill:#4E1F0F;fill-rule:evenodd;stroke:#4E1F0F;stroke-width:1px;stroke-linecap:butt;stroke-linejoin:miter;stroke-opacity:1;' d='M 379 1043 L 380 1043 L 380 1043 L 380 1044 L 390 1052 Q 400 1060 402 1064 Q 405 1068 406 1068 L 406 1068 L 406 1068 L 406 1068 L 406 1069 L 406 1069 L 407 1070 L 408 1071 L 408 1071 L 408 1072 L 408 1072 L 408 1072 L 409 1072 L 409 1072 L 409 1073 L 410 1073 L 410 1073 L 410 1074 L 410 1074 L 410 1074 L 411 1074 L 411 1074 L 410 1075 L 410 1075 L 409 1075 L 408 1074 L 407 1074 L 406 1074 L 404 1074 L 401 1074 L 400 1074 Q 399 1074 399 1073 Q 398 1072 396 1071 Q 394 1070 393 1067 Q 392 1064 388 1063 Q 385 1062 382 1059 L 378 1055 L 378 1054 Q 378 1054 376 1052 Q 376 1051 374 1048 L 374 1046 L 373 1046 L 373 1046 L 373 1045 L 372 1045 L 372 1045 Q 372 1044 372 1044 Q 372 1043 371 1042 L 370 1040 L 372 1040 Q 373 1040 376 1041 Q 378 1042 379 1043 z 
'/>
<path style='opacity:1;fill:#D68B25;fill-rule:evenodd;stroke:#D68B25;stroke-width:1px;stroke-linecap:butt;stroke-linejoin:miter;stroke-opacity:1;' d='M 278 603 L 279 596 L 280 596 L 280 596 L 280 596 Q 280 596 280 597 L 281 597 L 281 597 Q 281 598 282 598 L 282 598 L 284 600 Q 286 602 286 606 Q 286 611 286 612 Q 285 614 284 614 L 283 614 L 282 613 L 281 613 L 281 614 L 282 615 L 282 616 Q 282 616 283 616 L 283 617 L 282 617 L 281 617 L 281 617 L 280 617 L 280 618 L 280 619 L 279 619 L 279 619 L 279 618 L 278 618 L 278 614 Q 278 610 278 603 z 
M 279 604 Q 280 604 280 604 Q 280 604 280 604 Q 279 604 279 604 z 
'/>
<path style='opacity:1;fill:#5E5820;fill-rule:evenodd;stroke:#5E5820;stroke-width:1px;stroke-linecap:butt;stroke-linejoin:miter;stroke-opacity:1;' d='M 668 296 L 668 289 L 670 291 Q 672 293 673 296 Q 674 300 675 300 L 676 300 L 677 301 L 678 301 L 678 300 L 678 299 L 679 299 L 680 300 L 681 300 L 682 300 L 682 301 L 682 301 L 683 301 L 683 300 L 684 300 L 684 300 L 685 301 Q 686 302 688 308 Q 690 314 692 316 Q 694 318 695 320 L 695 321 L 695 322 L 694 324 L 694 324 L 694 324 L 693 325 L 692 326 L 686 326 Q 679 326 666 325 L 654 325 L 654 325 L 654 324 L 655 324 L 656 324 L 656 323 L 656 323 L 657 322 L 657 321 L 656 321 L 654 320 L 654 320 L 654 320 L 653 320 L 653 320 L 653 319 L 654 319 L 654 319 L 654 318 L 654 318 L 654 318 L 655 318 L 655 318 L 656 317 Q 657 316 658 316 Q 660 316 660 315 Q 660 314 664 312 Q 668 311 668 310 Q 668 309 669 309 Q 670 309 670 308 Q 670 307 669 306 Q 667 305 667 304 Q 668 303 668 296 z 
'/>
<path style='opacity:1;fill:#906514;fill-rule:evenodd;stroke:#906514;stroke-width:1px;stroke-linecap:butt;stroke-linejoin:miter;stroke-opacity:1;' d='M 789 610 L 789 609 L 790 609 Q 791 609 791 610 Q 791 611 794 611 Q 796 610 798 612 Q 800 614 800 616 Q 801 618 804 620 Q 808 621 807 622 Q 807 624 807 624 L 807 624 L 807 625 Q 806 626 807 626 L 807 627 L 807 627 Q 807 628 802 630 L 797 632 L 795 632 L 793 632 L 792 632 Q 790 632 787 630 L 784 628 L 783 627 L 782 627 L 782 626 L 782 625 L 781 625 L 781 624 L 782 624 L 782 624 L 783 624 Q 784 624 785 623 Q 786 622 786 621 Q 785 620 784 620 Q 782 619 786 618 Q 789 617 790 614 L 790 611 L 790 611 L 789 610 L 789 610 L 789 610 L 789 610 z 
'/>
<path style='opacity:1;fill:#D18A27;fill-rule:evenodd;stroke:#D18A27;stroke-width:1px;stroke-linecap:butt;stroke-linejoin:miter;stroke-opacity:1;' d='M 310 556 L 310 557 L 312 556 Q 313 556 313 555 Q 313 554 314 554 Q 315 554 315 555 Q 315 556 318 556 Q 322 557 322 558 Q 322 559 323 559 Q 324 560 324 560 L 324 560 L 323 560 Q 322 560 321 562 Q 321 564 320 564 Q 318 563 318 566 Q 317 568 318 568 Q 318 569 316 570 Q 314 571 314 572 Q 314 574 315 574 Q 316 574 315 575 Q 314 576 312 579 Q 310 582 310 583 L 310 583 L 309 584 L 309 584 L 307 584 L 305 584 L 304 584 L 303 584 L 303 584 L 302 584 L 302 584 L 302 584 L 300 585 L 299 585 L 299 584 L 298 584 L 298 580 Q 298 577 299 573 Q 300 568 300 566 Q 301 564 302 564 Q 303 564 304 561 Q 305 558 306 558 Q 307 558 308 556 L 308 555 L 309 555 Q 310 555 310 556 z 
'/>
<path style='opacity:1;fill:#4D2710;fill-rule:evenodd;stroke:#4D2710;stroke-width:1px;stroke-linecap:butt;stroke-linejoin:miter;stroke-opacity:1;' d='M 196 902 L 199 900 L 204 900 L 210 900 L 210 901 L 210 902 L 212 902 L 213 902 L 213 903 L 214 903 L 214 903 L 214 904 L 214 904 L 214 904 L 209 909 Q 204 914 204 914 L 204 915 L 203 915 Q 202 915 201 916 Q 200 918 199 918 L 198 918 L 200 913 Q 203 908 201 908 Q 200 909 199 910 Q 198 912 192 916 Q 186 920 184 922 Q 183 924 182 924 L 182 924 L 182 924 L 182 923 L 181 923 L 181 922 L 181 922 L 180 922 L 180 922 L 180 922 L 180 922 L 180 921 L 181 921 L 181 920 L 181 920 L 182 920 L 182 920 L 182 920 L 182 919 L 182 919 L 183 918 L 184 917 L 184 917 L 184 916 L 184 916 L 184 916 L 185 916 Q 185 916 189 911 Q 192 907 193 906 L 193 904 L 193 904 Q 194 903 196 902 z 
'/>
<path style='opacity:1;fill:#332C18;fill-rule:evenodd;stroke:#332C18;stroke-width:1px;stroke-linecap:butt;stroke-linejoin:miter;stroke-opacity:1;' d='M 159 403 L 159 405 L 160 406 Q 161 406 159 407 Q 158 408 158 409 Q 160 410 160 415 Q 161 420 161 422 Q 161 424 163 424 Q 164 423 165 422 Q 165 421 166 421 Q 167 421 166 424 Q 166 426 167 427 Q 168 428 168 428 L 168 429 L 168 429 L 168 429 L 167 429 L 167 430 L 167 430 L 168 430 L 168 431 L 168 432 L 169 432 L 169 432 L 170 433 Q 171 433 171 436 Q 172 438 172 439 L 172 440 L 170 440 Q 168 440 167 442 Q 167 445 164 446 Q 161 446 162 448 Q 162 449 158 449 Q 155 448 154 448 L 153 448 L 153 447 L 152 447 L 152 450 L 152 452 L 151 452 Q 150 453 150 454 Q 150 454 147 454 Q 144 454 144 455 Q 144 456 143 458 L 142 460 L 142 460 Q 142 459 141 460 L 141 461 L 140 461 L 139 461 L 139 460 L 138 460 L 138 460 L 138 460 L 138 459 L 138 459 L 137 459 L 137 458 L 137 458 L 136 458 L 136 458 Q 136 458 135 459 Q 134 459 134 456 Q 134 454 133 453 Q 132 452 132 450 Q 132 449 130 450 Q 130 452 128 452 Q 127 452 124 451 Q 122 451 120 450 Q 118 450 116 450 Q 114 449 112 448 Q 110 448 110 450 Q 110 451 109 452 Q 108 452 108 451 Q 107 450 104 451 Q 102 452 100 453 Q 99 454 98 455 Q 98 457 97 458 Q 96 458 93 457 L 90 456 L 90 456 L 90 456 L 89 456 L 89 456 L 89 457 L 88 457 L 88 458 L 88 459 L 87 459 L 86 459 L 85 460 Q 84 460 84 460 L 84 460 L 84 461 L 83 461 L 83 460 L 82 460 L 82 460 L 82 460 L 82 459 L 82 459 L 81 458 Q 80 457 80 455 L 78 453 L 78 453 L 78 454 L 78 454 L 78 454 L 77 454 L 77 454 L 77 455 L 76 455 L 76 455 L 76 456 L 76 456 L 76 456 L 76 455 L 76 454 L 76 453 L 76 452 L 76 452 Q 76 452 78 447 Q 80 442 81 442 Q 82 442 82 443 Q 82 444 84 438 Q 85 431 88 430 Q 90 430 90 427 Q 90 424 88 424 Q 86 425 86 423 Q 86 421 85 417 Q 84 413 85 413 Q 86 412 86 412 Q 86 411 84 408 L 82 406 L 82 406 L 82 406 L 82 405 L 82 405 L 81 405 L 81 404 L 81 404 L 82 404 L 82 403 L 82 402 L 83 402 L 83 402 L 84 402 L 84 402 L 84 402 L 84 402 L 85 402 L 85 402 L 87 401 L 89 401 L 89 402 L 89 402 L 93 402 Q 98 403 99 404 Q 100 404 100 405 Q 101 406 102 407 Q 103 408 103 407 Q 104 407 104 408 L 104 410 L 107 408 Q 110 407 113 405 Q 116 402 118 402 Q 119 402 119 403 Q 120 404 120 403 Q 121 402 122 403 Q 122 404 124 401 Q 126 398 130 398 Q 134 398 134 398 Q 135 399 138 400 Q 140 401 143 402 Q 145 402 148 402 Q 152 402 154 403 Q 156 403 157 402 Q 158 400 158 401 Q 158 401 159 403 z 
M 157 411 Q 158 411 158 411 Q 158 412 158 412 Q 157 412 157 411 z 
'/>
<path style='opacity:1;fill:#563911;fill-rule:evenodd;stroke:#563911;stroke-width:1px;stroke-linecap:butt;stroke-linejoin:miter;stroke-opacity:1;' d='M 126 552 L 127 551 L 128 552 Q 128 554 128 556 L 128 559 L 128 559 L 128 560 L 128 560 L 128 560 L 127 562 L 126 564 L 126 564 Q 126 564 126 563 L 125 563 L 125 562 Q 124 562 124 562 L 124 562 L 124 562 Q 124 561 123 561 L 123 561 L 123 560 Q 122 560 122 560 L 122 560 L 122 560 Q 122 559 121 559 L 121 559 L 121 556 Q 122 553 123 553 Q 125 554 126 552 z 
'/>
<path style='opacity:1;fill:#462512;fill-rule:evenodd;stroke:#462512;stroke-width:1px;stroke-linecap:butt;stroke-linejoin:miter;stroke-opacity:1;' d='M 110 884 L 111 884 L 111 885 Q 111 886 110 886 L 109 886 L 109 887 L 108 887 L 108 887 L 108 888 L 109 888 L 110 888 L 111 887 Q 112 886 115 886 L 118 886 L 118 886 L 118 886 L 117 887 L 116 888 L 116 890 Q 116 892 116 896 L 116 900 L 115 901 Q 114 902 114 902 L 114 903 L 111 904 Q 108 906 104 911 Q 101 916 99 916 Q 96 917 95 919 Q 94 920 93 922 Q 92 923 91 923 L 91 924 L 91 924 L 90 924 L 90 923 L 90 922 L 88 922 L 87 922 L 86 923 L 86 923 L 86 923 L 86 922 L 85 922 L 84 922 L 84 920 Q 84 919 82 916 Q 82 914 82 912 Q 82 911 83 908 Q 84 904 82 904 L 81 905 L 81 904 Q 82 903 87 894 Q 93 886 94 886 Q 96 885 98 884 L 101 883 L 102 883 L 102 882 L 104 882 Q 107 881 108 883 Q 109 884 110 884 z 
M 114 896 Q 114 896 115 896 L 115 896 L 114 896 Q 114 896 114 896 z 
'/>
<path style='opacity:1;fill:#251E09;fill-rule:evenodd;stroke:#251E09;stroke-width:1px;stroke-linecap:butt;stroke-linejoin:miter;stroke-opacity:1;' d='M 812 420 L 813 420 L 813 446 L 813 473 L 813 473 Q 812 473 812 472 Q 812 471 810 471 Q 810 471 808 471 Q 806 471 806 468 Q 806 464 800 466 L 795 466 L 795 467 L 795 467 L 795 468 L 795 468 L 794 468 Q 794 468 792 469 Q 790 470 790 472 Q 790 473 788 474 Q 787 474 780 474 L 774 474 L 773 474 L 772 474 L 772 474 Q 772 474 770 473 L 769 472 L 769 472 L 768 472 L 768 472 L 768 472 L 768 471 L 768 471 L 767 467 L 766 463 L 766 463 L 766 462 L 766 462 L 766 462 L 767 462 Q 768 461 767 460 Q 767 459 771 458 Q 775 458 776 457 L 778 457 L 778 456 L 778 455 L 776 455 Q 775 454 776 454 Q 776 453 775 452 Q 774 451 775 450 Q 776 448 777 442 Q 778 436 780 432 Q 782 427 784 427 Q 786 427 786 424 Q 787 422 789 422 Q 791 422 791 420 L 791 418 L 794 417 Q 796 416 797 414 Q 798 413 801 417 Q 804 420 808 420 Q 812 420 812 420 z 
'/>
<path style='opacity:1;fill:#6A4A13;fill-rule:evenodd;stroke:#6A4A13;stroke-width:1px;stroke-linecap:butt;stroke-linejoin:miter;stroke-opacity:1;' d='M 165 585 L 165 585 L 165 585 L 165 586 L 166 586 Q 166 587 167 590 Q 168 594 170 593 Q 172 592 172 595 Q 174 598 173 604 Q 172 609 174 609 L 176 610 L 177 610 L 178 610 L 178 611 L 178 611 L 177 611 L 176 612 L 176 612 L 175 612 L 174 612 L 173 612 L 173 612 L 172 612 L 172 612 L 172 612 L 168 612 Q 165 612 164 612 Q 164 612 162 611 L 159 610 L 159 610 L 158 610 L 158 610 L 158 610 L 158 611 L 158 611 L 158 616 Q 158 620 158 622 L 158 625 L 157 625 L 157 625 L 157 624 L 156 623 L 156 622 L 156 621 L 155 621 L 154 620 L 154 620 L 154 620 L 153 619 Q 153 618 152 618 Q 150 618 149 616 Q 148 615 146 614 Q 143 612 138 612 L 132 612 L 131 612 L 130 612 L 129 613 L 128 613 L 128 612 L 128 612 L 127 611 L 126 610 L 126 610 L 126 610 L 128 609 L 129 609 L 129 608 L 130 607 L 130 607 L 130 606 L 132 606 Q 134 606 133 604 Q 132 601 133 601 Q 135 601 136 598 Q 138 595 138 592 Q 138 590 139 590 Q 140 589 143 588 L 146 587 L 146 586 L 146 585 L 145 585 L 145 584 L 144 584 Q 143 584 142 584 Q 142 584 140 583 L 138 582 L 138 580 Q 138 579 138 578 L 138 578 L 138 578 Q 139 578 139 577 L 139 577 L 141 576 Q 143 576 144 576 Q 146 577 147 579 Q 148 582 149 580 Q 150 579 151 580 Q 152 580 153 580 Q 154 579 154 580 Q 154 581 155 580 Q 156 580 157 579 Q 157 578 158 578 Q 159 578 159 580 Q 159 582 162 582 Q 164 583 164 584 Q 164 585 165 585 z 
'/>
<path style='opacity:1;fill:#724013;fill-rule:evenodd;stroke:#724013;stroke-width:1px;stroke-linecap:butt;stroke-linejoin:miter;stroke-opacity:1;' d='M 576 609 L 576 609 L 582 610 Q 589 612 589 612 L 589 612 L 589 612 Q 588 612 588 612 Q 588 613 582 615 L 576 618 L 576 618 L 576 618 L 575 618 L 575 618 L 574 619 L 572 620 L 572 620 L 572 620 L 570 620 Q 569 620 568 621 Q 568 622 564 622 Q 560 623 556 624 L 552 624 L 552 624 L 552 624 L 551 624 L 551 624 L 550 625 L 549 626 L 548 626 L 546 626 L 546 626 L 546 625 L 545 625 L 545 624 L 545 624 L 544 624 L 544 623 L 544 622 L 545 622 L 545 622 L 545 621 L 545 621 L 546 621 L 548 620 L 550 620 L 551 620 L 558 616 Q 566 614 568 613 Q 571 613 571 612 Q 571 611 573 611 Q 575 610 575 610 L 575 610 L 576 610 Q 576 610 576 609 z 
'/>
<path style='opacity:1;fill:#2C0C08;fill-rule:evenodd;stroke:#2C0C08;stroke-width:1px;stroke-linecap:butt;stroke-linejoin:miter;stroke-opacity:1;' d='M 730 668 L 729 664 L 736 667 Q 742 670 744 670 Q 745 670 746 671 Q 748 672 755 674 Q 762 674 765 670 Q 768 666 769 668 Q 770 670 774 669 Q 777 668 778 668 L 778 668 L 780 670 Q 782 672 782 674 L 782 675 L 782 676 L 782 678 L 783 679 Q 783 680 784 681 L 786 682 L 786 682 L 786 682 L 786 682 L 786 682 L 782 683 L 777 684 L 777 684 L 776 684 L 776 684 L 776 684 L 776 685 L 776 685 L 775 685 L 775 686 L 776 686 L 778 686 L 779 690 Q 780 693 782 694 Q 784 694 783 697 Q 782 700 782 699 Q 782 699 781 700 L 780 702 L 780 703 Q 780 704 780 705 L 780 706 L 780 706 L 779 706 L 779 705 L 778 705 L 778 706 L 778 707 L 776 707 Q 774 707 774 705 Q 773 703 772 703 Q 771 703 770 705 Q 770 707 768 708 Q 765 708 764 706 Q 764 703 761 702 Q 758 701 758 702 Q 758 703 756 703 Q 753 704 752 704 Q 752 705 751 705 Q 750 705 750 704 Q 750 703 748 702 Q 746 702 746 704 L 745 707 L 745 707 L 744 707 L 744 706 L 744 705 L 743 705 L 743 704 L 743 704 L 742 704 L 742 702 L 742 700 L 741 700 L 741 700 L 741 699 L 740 699 L 740 702 Q 739 705 738 705 Q 737 705 737 708 L 736 710 L 736 708 L 736 706 L 735 706 L 735 706 L 735 705 L 734 705 L 734 705 L 734 704 L 734 704 Q 734 704 733 702 Q 733 700 732 700 Q 731 700 731 699 Q 731 698 730 698 Q 729 698 729 696 Q 729 693 728 693 Q 727 693 727 694 Q 726 695 726 693 Q 726 691 724 686 Q 723 680 725 680 Q 727 679 728 674 Q 730 670 730 670 Q 730 671 730 668 z 
'/>
<path style='opacity:1;fill:#28150F;fill-rule:evenodd;stroke:#28150F;stroke-width:1px;stroke-linecap:butt;stroke-linejoin:miter;stroke-opacity:1;' d='M 88 871 L 91 869 L 91 869 Q 92 869 92 870 L 92 871 L 91 871 L 91 872 L 91 872 L 90 872 L 90 872 L 90 872 L 90 873 L 90 873 L 89 873 L 89 874 L 89 874 L 88 874 L 88 876 L 88 877 L 94 877 Q 100 876 100 876 L 101 876 L 103 876 L 105 876 L 105 877 L 104 877 L 103 879 Q 102 881 101 882 L 101 883 L 98 884 Q 96 885 94 886 Q 93 886 88 894 Q 84 901 83 902 L 83 903 L 83 903 Q 82 903 82 904 L 82 904 L 82 904 Q 82 904 81 904 L 81 905 L 78 912 Q 76 918 75 919 L 74 920 L 74 922 L 74 923 L 73 924 L 73 925 L 73 925 L 72 925 L 72 922 L 72 919 L 70 919 L 69 918 L 69 918 L 68 918 L 68 917 L 68 916 L 69 915 Q 70 914 70 910 Q 72 905 74 897 Q 78 889 81 882 L 84 875 L 85 874 Q 85 873 88 871 z 
'/>
<path style='opacity:1;fill:#424017;fill-rule:evenodd;stroke:#424017;stroke-width:1px;stroke-linecap:butt;stroke-linejoin:miter;stroke-opacity:1;' d='M 742 363 L 742 363 L 743 360 Q 744 358 746 358 L 747 358 L 748 363 Q 748 368 747 370 Q 746 372 744 374 Q 743 376 742 377 Q 740 378 742 382 Q 744 386 744 386 L 744 386 L 744 386 L 744 387 L 744 387 L 744 388 L 742 388 Q 741 388 738 390 Q 736 391 732 392 Q 729 392 729 394 Q 729 395 728 395 Q 727 394 725 397 Q 724 400 722 400 Q 721 399 722 400 Q 722 402 721 405 L 720 408 L 720 409 L 720 410 L 719 410 L 719 410 L 719 408 Q 719 407 717 406 Q 715 406 715 404 L 714 402 L 714 402 L 714 402 L 714 403 Q 714 403 713 405 Q 713 407 712 407 Q 710 406 711 406 Q 712 405 711 405 Q 710 404 709 404 Q 708 403 706 403 Q 704 403 704 404 Q 704 405 703 404 Q 702 403 703 402 Q 703 400 699 400 L 695 400 L 695 400 L 694 400 L 694 400 L 694 400 L 694 400 L 694 400 L 695 399 L 696 398 L 694 398 L 693 398 L 693 397 Q 693 396 696 396 Q 698 395 698 389 Q 698 383 699 383 Q 700 382 698 378 Q 696 374 700 373 Q 704 372 704 370 Q 705 369 706 369 Q 707 368 708 369 Q 708 370 709 368 L 710 366 L 711 366 L 712 366 L 712 367 L 712 367 L 713 367 L 713 366 L 713 366 L 714 366 L 714 364 Q 714 362 713 361 L 713 360 L 720 359 Q 726 358 726 356 L 726 354 L 728 354 Q 729 354 729 353 L 729 353 L 731 353 Q 732 353 734 354 Q 734 355 735 358 Q 735 362 736 362 Q 737 362 737 360 Q 737 359 739 360 Q 741 360 742 361 Q 742 362 742 363 z 
'/>
<path style='opacity:1;fill:#41300E;fill-rule:evenodd;stroke:#41300E;stroke-width:1px;stroke-linecap:butt;stroke-linejoin:miter;stroke-opacity:1;' d='M 658 536 L 658 535 L 659 535 L 660 535 L 660 542 Q 660 548 663 548 Q 666 547 665 550 Q 664 552 666 552 Q 667 552 667 554 L 667 555 L 670 554 Q 672 553 673 553 Q 673 552 674 552 L 674 552 L 674 554 Q 675 555 676 555 Q 677 555 677 556 Q 677 557 676 558 Q 674 558 674 558 L 674 558 L 673 559 L 672 559 L 672 560 Q 672 561 670 561 L 669 562 L 666 562 L 664 562 L 664 563 L 664 563 L 663 563 Q 662 564 661 565 Q 660 566 658 568 Q 656 570 656 569 Q 656 568 654 567 Q 652 566 650 566 L 649 567 L 649 566 L 649 565 L 649 565 Q 650 565 649 564 L 649 563 L 649 563 Q 649 562 648 562 Q 647 562 646 558 Q 644 554 643 554 Q 642 554 640 552 Q 638 551 639 548 L 640 545 L 640 544 L 640 544 L 639 544 L 639 544 L 639 542 L 639 540 L 640 540 L 641 540 L 641 539 L 642 539 L 643 540 Q 644 540 649 540 Q 654 540 654 540 L 654 540 L 654 541 L 654 541 L 655 541 L 655 542 L 655 542 L 656 542 L 656 542 L 656 542 L 656 541 L 656 541 L 656 540 L 656 539 L 656 539 L 656 538 L 656 538 L 656 538 L 657 537 L 658 536 L 658 536 z 
'/>
<path style='opacity:1;fill:#46320D;fill-rule:evenodd;stroke:#46320D;stroke-width:1px;stroke-linecap:butt;stroke-linejoin:miter;stroke-opacity:1;' d='M 794 549 L 795 549 L 797 550 Q 798 550 798 552 Q 798 554 802 553 Q 805 552 805 554 Q 806 555 806 556 L 806 557 L 806 559 Q 805 560 802 562 Q 800 563 799 567 Q 799 571 800 571 Q 801 571 801 572 Q 802 574 802 575 L 802 576 L 803 576 L 803 576 L 804 577 L 805 578 L 805 578 L 804 578 L 804 578 L 804 578 L 804 579 L 804 579 L 803 579 L 803 580 L 803 580 L 802 580 L 802 580 L 802 580 L 802 578 L 802 577 L 800 577 L 799 576 L 799 576 Q 798 576 798 575 Q 798 574 794 574 L 791 574 L 790 574 Q 789 574 788 575 L 788 575 L 787 575 Q 786 574 784 574 L 783 574 L 782 574 L 782 574 L 782 573 L 782 573 L 781 572 Q 781 570 778 570 L 776 570 L 776 569 L 776 569 L 776 568 L 776 567 L 776 565 L 776 563 L 777 560 Q 777 556 779 555 Q 781 554 786 553 Q 791 552 792 552 L 792 552 L 793 551 Q 794 550 794 549 z 
'/>
<path style='opacity:1;fill:#221808;fill-rule:evenodd;stroke:#221808;stroke-width:1px;stroke-linecap:butt;stroke-linejoin:miter;stroke-opacity:1;' d='M 813 473 L 813 473 L 813 512 L 813 551 L 812 551 Q 811 551 808 554 L 806 557 L 806 556 Q 806 555 805 554 Q 805 552 802 553 Q 798 554 798 552 Q 798 550 797 550 L 795 549 L 795 546 Q 794 544 794 544 Q 794 543 794 538 L 794 534 L 793 534 Q 793 534 790 535 Q 788 536 788 535 Q 788 534 786 534 Q 784 534 781 534 Q 778 536 775 536 L 772 536 L 772 537 L 772 537 L 771 537 L 771 538 L 771 538 L 770 538 L 770 538 L 770 538 L 769 538 L 768 538 L 768 538 L 768 538 L 767 538 L 767 538 L 767 538 L 767 538 L 767 537 L 768 537 L 768 534 L 768 531 L 769 529 Q 770 527 772 526 Q 775 524 777 515 Q 779 505 780 505 Q 781 505 781 504 Q 781 503 779 504 Q 776 504 776 497 Q 776 490 775 488 L 774 487 L 774 487 L 774 486 L 774 486 L 774 486 L 775 485 L 775 484 L 780 483 Q 785 482 785 483 Q 785 484 788 484 Q 790 483 791 482 Q 792 480 792 481 Q 793 482 794 482 L 796 482 L 797 481 L 798 481 L 798 480 L 798 479 L 797 479 Q 796 478 797 478 L 798 478 L 799 477 Q 800 477 800 476 Q 800 474 798 474 Q 796 474 796 471 L 795 468 L 795 468 L 796 468 L 796 468 L 796 467 L 795 467 L 795 467 L 795 467 L 795 466 L 800 466 Q 806 464 806 468 Q 806 471 808 471 Q 810 471 810 471 Q 812 471 812 472 Q 812 473 813 473 z 
'/>
<path style='opacity:1;fill:#1E110C;fill-rule:evenodd;stroke:#1E110C;stroke-width:1px;stroke-linecap:butt;stroke-linejoin:miter;stroke-opacity:1;' d='M 282 674 L 282 674 L 280 678 Q 279 682 280 682 Q 282 682 283 682 Q 284 683 282 687 Q 282 691 282 691 L 282 691 L 282 691 L 282 692 L 282 692 L 282 692 L 279 698 Q 276 703 274 709 Q 272 715 268 735 Q 262 755 260 767 Q 256 779 256 788 Q 254 797 254 797 L 254 798 L 254 798 L 254 798 L 253 800 L 252 801 L 252 801 L 252 802 L 250 802 L 249 802 L 249 801 Q 248 800 248 798 L 248 797 L 247 797 L 246 796 L 246 796 L 246 796 L 246 797 L 246 798 L 246 800 Q 246 801 246 804 L 246 806 L 246 806 L 246 806 L 246 806 L 245 806 L 244 806 L 243 806 L 243 804 L 242 802 L 242 803 L 242 804 L 241 805 L 240 806 L 240 806 L 240 807 L 239 807 L 238 807 L 238 804 Q 238 800 238 796 Q 238 791 236 788 Q 236 785 234 785 Q 233 786 228 783 L 222 780 L 222 780 L 222 780 L 221 780 L 221 780 L 221 779 L 220 779 L 220 776 L 220 773 L 221 775 L 222 777 L 223 778 Q 224 778 226 779 L 228 779 L 228 778 L 228 777 L 228 774 Q 228 771 229 769 Q 230 767 230 766 Q 231 766 231 764 Q 230 762 229 762 Q 228 763 228 762 Q 228 761 230 754 L 230 746 L 231 744 L 232 743 L 233 745 Q 235 748 235 748 L 236 748 L 236 746 L 236 743 L 236 740 L 236 736 L 236 736 L 236 736 L 236 736 Q 235 736 234 738 Q 234 739 233 736 Q 232 734 228 734 L 225 735 L 225 734 L 226 733 L 226 733 L 226 732 L 226 732 L 226 732 L 227 732 L 227 732 L 227 732 L 227 732 L 227 733 L 228 733 L 228 732 L 228 731 L 229 731 L 229 730 L 229 730 L 230 730 L 230 730 L 230 730 L 232 729 L 233 729 L 233 728 Q 234 726 236 718 L 238 709 L 239 709 L 239 708 L 239 708 L 240 708 L 240 707 L 240 706 L 241 707 L 241 708 L 243 708 Q 244 709 245 712 L 246 715 L 246 710 Q 246 706 248 704 Q 248 701 249 701 Q 250 700 251 699 Q 252 698 253 698 Q 254 698 254 699 Q 254 700 255 700 Q 256 699 258 692 Q 260 684 262 683 L 264 682 L 264 682 L 264 682 L 265 680 L 266 679 L 268 680 Q 270 680 273 678 Q 275 677 276 674 Q 276 672 279 672 Q 281 672 281 673 Q 282 674 282 674 z 
'/>
<path style='opacity:1;fill:#4B1F10;fill-rule:evenodd;stroke:#4B1F10;stroke-width:1px;stroke-linecap:butt;stroke-linejoin:miter;stroke-opacity:1;' d='M 323 1047 L 324 1047 L 324 1047 L 324 1048 L 325 1048 L 326 1048 L 328 1049 L 330 1049 L 332 1051 Q 333 1052 336 1053 Q 338 1054 339 1055 Q 339 1056 340 1056 Q 342 1056 345 1060 Q 348 1063 349 1063 L 349 1064 L 350 1064 L 350 1064 L 350 1064 L 350 1064 L 350 1065 L 350 1065 L 351 1066 L 351 1067 L 352 1067 L 353 1067 L 353 1068 L 354 1069 L 354 1070 L 354 1071 L 358 1074 Q 362 1077 362 1078 Q 362 1079 365 1082 Q 368 1084 368 1086 Q 367 1088 368 1088 L 369 1088 L 370 1088 L 370 1088 L 370 1088 L 370 1088 L 371 1088 L 371 1088 L 371 1089 L 372 1089 L 372 1089 L 372 1090 L 372 1090 L 373 1090 L 373 1092 L 373 1094 L 368 1094 Q 364 1094 358 1092 Q 353 1092 351 1090 Q 349 1090 346 1088 L 343 1087 L 338 1087 Q 334 1086 333 1085 Q 332 1083 328 1080 Q 324 1078 323 1076 L 322 1075 L 322 1075 L 322 1074 L 322 1074 L 322 1074 L 321 1074 L 321 1074 L 321 1073 L 321 1073 L 322 1073 L 323 1072 L 324 1072 L 325 1072 L 325 1071 L 326 1071 L 326 1071 L 326 1070 L 328 1070 L 330 1070 L 330 1068 L 330 1065 L 329 1065 Q 329 1064 326 1059 L 324 1054 L 323 1052 L 322 1051 L 322 1050 L 322 1048 L 323 1048 L 323 1048 L 323 1047 z 
'/>
<path style='opacity:1;fill:#602C0E;fill-rule:evenodd;stroke:#602C0E;stroke-width:1px;stroke-linecap:butt;stroke-linejoin:miter;stroke-opacity:1;' d='M 493 997 L 495 996 L 502 1002 Q 510 1008 510 1010 Q 511 1011 514 1012 Q 516 1012 517 1013 Q 518 1014 519 1014 L 520 1014 L 521 1015 L 522 1015 L 522 1015 L 522 1015 L 523 1015 L 523 1016 L 528 1021 Q 534 1026 535 1030 Q 537 1034 539 1035 Q 540 1036 541 1038 L 542 1041 L 542 1042 L 542 1043 L 543 1046 L 543 1050 L 542 1050 L 541 1050 L 541 1049 L 540 1049 L 540 1049 L 540 1048 L 540 1048 L 540 1048 L 539 1048 L 539 1048 L 537 1047 L 535 1046 L 535 1046 Q 534 1046 533 1044 Q 532 1042 530 1042 Q 529 1042 525 1037 Q 521 1032 520 1031 Q 518 1030 512 1023 Q 505 1015 504 1015 Q 503 1014 500 1011 L 496 1007 L 496 1007 Q 496 1007 496 1005 L 496 1004 L 496 1003 L 496 1003 L 495 1003 Q 495 1002 493 1000 Q 492 998 493 997 z 
'/>
<path style='opacity:1;fill:#BA6C1C;fill-rule:evenodd;stroke:#BA6C1C;stroke-width:1px;stroke-linecap:butt;stroke-linejoin:miter;stroke-opacity:1;' d='M 350 350 L 350 350 L 350 351 L 350 352 L 349 352 L 349 352 L 350 353 L 352 354 L 350 354 L 349 354 L 349 355 L 349 355 L 349 355 L 348 355 L 349 356 Q 350 358 350 359 L 350 360 L 349 360 Q 348 360 348 359 L 348 359 L 347 358 L 347 357 L 346 357 Q 345 356 342 355 L 339 353 L 339 352 L 338 352 L 338 352 L 338 352 L 338 351 L 338 351 L 337 351 L 337 350 L 337 350 L 336 350 L 334 346 Q 331 343 332 344 Q 334 344 334 341 Q 335 338 336 337 Q 337 337 337 334 Q 337 332 338 332 Q 340 332 340 336 Q 340 340 341 344 Q 342 347 346 348 Q 349 350 350 350 z 
'/>
<path style='opacity:1;fill:#241910;fill-rule:evenodd;stroke:#241910;stroke-width:1px;stroke-linecap:butt;stroke-linejoin:miter;stroke-opacity:1;' d='M 560 323 L 560 323 L 561 325 Q 562 327 563 327 Q 564 327 564 330 L 564 332 L 563 332 L 563 332 L 564 333 L 565 333 L 566 331 Q 566 329 573 330 Q 580 330 582 330 L 583 330 L 584 331 L 586 331 L 586 330 Q 586 328 587 328 L 587 328 L 589 328 Q 592 327 593 329 Q 594 332 598 333 Q 602 334 602 335 Q 602 336 604 336 Q 606 335 606 336 Q 606 337 607 336 Q 607 335 613 336 Q 619 338 620 338 Q 621 338 622 338 L 624 338 L 626 338 L 627 338 L 627 338 L 628 338 L 628 338 L 628 339 L 627 340 L 627 341 L 626 341 L 625 342 L 625 342 L 624 342 L 624 344 Q 624 345 623 346 Q 621 348 620 349 Q 620 351 618 350 Q 617 350 616 354 Q 616 359 614 360 Q 613 361 613 360 Q 613 359 611 359 Q 609 359 609 360 Q 608 361 609 363 Q 610 366 608 364 Q 606 364 606 365 Q 605 367 604 366 Q 602 366 602 366 Q 600 366 599 370 Q 598 373 599 373 Q 600 374 598 374 Q 596 374 594 379 Q 592 383 588 384 Q 583 384 583 385 Q 583 386 582 386 Q 580 385 579 390 Q 578 395 577 395 Q 576 395 576 399 L 576 403 L 576 404 L 576 405 L 575 406 L 575 407 L 575 407 L 574 407 L 574 405 L 574 403 L 573 403 L 573 404 L 573 404 L 572 404 L 572 401 Q 572 398 571 400 Q 570 403 569 398 Q 568 393 567 393 Q 566 392 564 392 Q 562 392 562 390 Q 561 389 559 390 Q 557 390 557 392 Q 557 393 554 393 L 552 393 L 552 390 Q 552 388 553 386 Q 554 384 552 384 Q 551 384 552 381 Q 552 379 550 379 Q 549 378 548 377 Q 548 375 546 373 Q 544 372 544 372 L 543 372 L 542 372 Q 540 372 540 370 Q 539 368 537 369 Q 534 370 534 366 Q 534 361 535 361 Q 536 361 536 360 Q 536 359 534 360 L 531 361 L 531 358 L 532 355 L 532 354 L 532 354 L 531 354 L 531 354 L 533 354 L 535 354 L 535 355 Q 536 357 537 356 Q 538 356 538 356 Q 538 356 539 356 L 539 356 L 540 356 L 541 356 L 542 356 Q 543 356 542 352 Q 541 349 543 349 Q 545 350 548 350 L 550 350 L 550 349 Q 550 348 549 342 L 549 335 L 549 335 Q 549 334 548 334 Q 546 334 546 333 Q 546 332 548 332 Q 549 332 550 327 L 550 323 L 551 323 L 551 324 L 551 324 L 552 324 L 553 324 Q 555 325 556 324 Q 556 324 557 324 Q 558 324 558 323 Q 559 322 560 323 z 
'/>
<path style='opacity:1;fill:#583B0B;fill-rule:evenodd;stroke:#583B0B;stroke-width:1px;stroke-linecap:butt;stroke-linejoin:miter;stroke-opacity:1;' d='M 788 590 L 789 590 L 792 591 Q 796 592 796 596 Q 796 600 796 600 L 796 600 L 796 601 L 796 601 L 795 602 L 795 603 L 795 604 Q 794 605 794 605 L 794 606 L 793 606 L 792 606 L 791 607 L 790 608 L 790 608 L 790 608 L 789 608 L 789 608 L 788 608 Q 788 608 788 609 Q 787 610 782 610 Q 777 610 772 610 L 768 612 L 768 612 L 768 612 L 767 612 L 767 612 L 764 613 L 762 613 L 762 612 L 762 611 L 764 611 L 766 610 L 766 610 L 766 610 L 766 609 L 766 608 L 767 607 Q 769 606 770 605 Q 770 604 771 603 L 772 603 L 772 602 L 772 600 L 771 600 Q 770 600 770 599 L 770 598 L 771 597 L 772 596 L 772 594 L 772 593 L 772 593 L 772 593 L 773 593 L 773 594 L 774 596 Q 776 598 777 597 Q 778 596 780 595 Q 781 595 782 593 Q 784 592 786 591 Q 788 590 788 590 z 
'/>
<path style='opacity:1;fill:#614611;fill-rule:evenodd;stroke:#614611;stroke-width:1px;stroke-linecap:butt;stroke-linejoin:miter;stroke-opacity:1;' d='M 674 554 L 674 552 L 678 553 Q 681 554 682 555 L 682 555 L 682 555 L 682 556 L 682 556 L 682 556 L 683 557 L 684 558 L 684 558 L 684 558 L 688 559 L 693 559 L 693 559 L 693 560 L 695 560 Q 698 561 695 562 Q 692 564 693 567 Q 693 570 691 570 Q 689 570 690 573 Q 690 576 686 576 L 683 576 L 682 577 L 681 577 L 681 577 Q 681 576 678 576 Q 676 576 676 575 Q 676 574 676 570 L 676 566 L 676 566 L 676 565 L 675 565 L 675 564 L 674 564 Q 673 564 670 566 L 667 567 L 667 565 L 667 563 L 666 563 L 664 563 L 664 563 L 664 562 L 666 562 L 669 562 L 670 561 Q 672 561 672 560 L 672 559 L 673 559 L 674 558 L 674 558 Q 674 558 676 558 Q 677 557 677 556 Q 677 555 676 555 Q 675 555 674 554 z 
'/>
<path style='opacity:1;fill:#6F6228;fill-rule:evenodd;stroke:#6F6228;stroke-width:1px;stroke-linecap:butt;stroke-linejoin:miter;stroke-opacity:1;' d='M 600 318 L 601 318 L 601 318 Q 601 318 602 319 L 602 319 L 602 320 Q 602 321 606 321 Q 610 321 622 322 Q 635 324 636 324 Q 638 324 640 324 Q 642 324 642 325 L 642 325 L 642 325 L 642 326 L 642 326 L 642 326 L 643 326 L 643 326 L 644 327 L 645 328 L 645 328 L 644 328 L 644 329 L 644 330 L 645 330 L 645 330 L 645 331 L 646 331 L 646 331 L 646 332 L 645 332 L 644 332 L 649 333 L 654 334 L 654 334 L 654 334 L 655 334 L 655 335 L 654 335 L 652 336 L 645 336 Q 638 336 636 336 Q 635 336 632 338 Q 630 338 628 338 L 627 338 L 626 338 L 624 338 L 622 338 Q 621 338 620 338 Q 619 338 613 336 Q 607 335 607 336 Q 606 337 606 336 Q 606 335 604 336 Q 602 336 602 335 Q 602 334 598 333 Q 594 332 593 329 Q 592 327 589 328 L 587 328 L 587 326 L 586 325 L 586 325 L 586 324 L 585 324 L 584 324 L 584 323 L 584 323 L 583 323 L 583 322 L 590 322 L 598 322 L 599 321 L 600 320 L 600 320 L 600 320 L 599 320 L 599 320 L 600 319 Q 600 318 600 318 z 
'/>
<path style='opacity:1;fill:#785B14;fill-rule:evenodd;stroke:#785B14;stroke-width:1px;stroke-linecap:butt;stroke-linejoin:miter;stroke-opacity:1;' d='M 722 560 L 724 560 L 724 560 Q 724 560 722 561 L 721 561 L 721 562 L 721 564 L 720 564 Q 720 564 716 564 Q 712 566 711 567 Q 710 569 712 568 L 713 568 L 714 569 Q 714 570 716 570 Q 718 570 719 570 L 720 570 L 720 571 Q 720 572 719 572 L 718 572 L 718 573 L 718 573 L 719 573 L 719 574 L 719 574 L 720 574 L 721 575 Q 723 576 723 576 L 723 576 L 722 576 L 720 576 L 721 577 L 722 578 L 722 578 L 722 578 L 722 578 L 722 579 L 722 579 L 722 580 L 722 580 L 722 580 L 721 580 L 721 580 L 721 581 L 720 581 L 720 582 L 720 583 L 718 583 Q 717 584 716 585 Q 716 586 715 586 L 714 585 L 714 584 Q 714 584 713 584 L 713 585 L 707 585 L 701 585 L 701 584 L 700 584 L 700 584 L 700 584 L 699 583 L 698 582 L 698 582 L 698 582 L 697 582 L 697 582 L 694 582 Q 692 582 689 582 L 686 580 L 684 580 L 682 580 L 682 579 L 682 579 L 681 579 L 681 578 L 680 578 L 678 578 L 680 577 L 681 577 L 682 577 L 683 576 L 686 576 Q 690 576 690 573 Q 689 570 691 570 Q 693 570 693 567 Q 692 564 695 562 Q 698 561 695 560 L 693 560 L 693 559 L 693 559 L 706 559 Q 718 558 719 559 Q 720 560 722 560 z 
'/>
<path style='opacity:1;fill:#120706;fill-rule:evenodd;stroke:#120706;stroke-width:1px;stroke-linecap:butt;stroke-linejoin:miter;stroke-opacity:1;' d='M 629 743 L 629 743 L 630 744 Q 632 744 632 745 L 633 745 L 634 747 Q 634 749 630 750 Q 627 750 626 755 Q 626 760 624 761 Q 622 762 623 762 Q 624 763 624 764 Q 624 765 626 766 Q 628 767 629 768 Q 631 768 631 771 Q 631 774 632 774 Q 634 774 635 775 L 636 776 L 636 778 Q 636 780 635 780 Q 634 780 635 781 Q 636 781 635 783 Q 634 785 634 784 Q 633 782 632 785 Q 630 788 629 787 Q 628 786 627 792 Q 626 798 626 800 Q 625 802 622 803 Q 619 804 618 815 Q 618 826 615 826 Q 613 827 614 829 Q 614 830 615 831 L 616 832 L 616 832 L 616 832 L 617 832 L 617 832 L 617 833 L 616 833 L 617 836 Q 618 838 620 840 Q 623 842 626 843 Q 628 844 632 846 Q 636 847 634 850 Q 634 852 634 852 Q 634 852 636 853 L 637 854 L 637 854 L 638 854 L 638 854 L 638 854 L 639 855 Q 640 855 640 854 Q 640 853 642 853 Q 644 853 644 852 Q 644 851 648 854 Q 652 858 654 858 Q 656 859 656 860 Q 656 861 660 864 Q 664 866 665 868 Q 665 869 663 870 Q 662 871 661 876 Q 661 880 660 880 Q 658 881 659 883 Q 659 884 662 885 Q 664 885 664 886 Q 665 888 666 888 L 668 888 L 668 889 L 668 889 L 669 892 L 669 896 L 666 896 L 664 896 L 664 893 Q 664 890 659 890 L 654 890 L 654 892 L 654 894 L 655 894 L 655 894 L 657 899 Q 658 903 659 904 L 659 905 L 658 905 L 657 905 L 657 904 L 656 902 L 656 904 L 656 905 L 655 905 L 655 906 L 655 906 L 654 906 L 654 907 L 654 908 L 648 906 Q 643 904 639 905 Q 635 906 634 907 Q 634 909 632 909 Q 631 909 632 914 Q 633 918 630 920 Q 628 921 627 922 Q 626 924 628 924 Q 629 925 630 930 Q 630 934 627 934 Q 624 935 623 940 Q 622 944 624 944 Q 626 944 626 946 Q 626 948 625 951 Q 624 954 623 954 Q 622 954 622 956 L 622 958 L 625 958 Q 628 959 628 960 Q 629 960 630 962 Q 630 964 631 964 Q 632 965 632 966 Q 632 966 633 967 Q 634 967 634 970 Q 634 973 632 973 Q 631 974 630 974 L 629 974 L 629 975 L 630 976 L 630 976 L 630 976 L 632 976 Q 634 976 634 977 Q 634 978 642 979 Q 650 980 650 982 Q 650 983 652 984 Q 654 984 653 988 L 653 991 L 654 991 L 656 992 L 656 992 L 656 992 L 657 992 L 657 992 L 657 993 L 656 993 L 656 994 L 656 995 L 655 995 L 654 994 L 650 994 L 646 994 L 646 995 L 646 995 L 645 994 Q 644 992 644 990 Q 643 987 641 986 Q 639 986 639 987 Q 638 988 638 986 Q 637 984 635 984 Q 633 984 630 984 Q 626 984 625 986 Q 624 988 622 988 Q 620 988 620 986 Q 619 984 615 984 L 611 985 L 611 987 L 612 989 L 612 989 L 612 990 L 611 990 L 610 990 L 610 991 L 610 992 L 610 992 L 609 992 L 609 991 L 608 991 L 608 991 L 608 990 L 608 990 L 608 990 L 607 990 L 607 990 L 606 989 Q 605 988 604 987 L 602 986 L 601 986 Q 600 986 599 984 Q 598 982 594 980 Q 589 978 579 978 Q 569 978 568 980 L 566 982 L 563 982 Q 560 982 556 981 L 551 980 L 550 980 Q 549 980 537 979 L 525 979 L 518 979 Q 511 979 511 977 Q 510 975 506 975 L 502 974 L 502 975 L 502 975 L 502 977 Q 502 978 501 980 Q 500 981 499 983 Q 498 984 497 985 Q 496 986 495 986 L 495 986 L 494 987 L 493 988 L 492 988 L 491 988 L 491 988 Q 490 987 490 987 L 490 987 L 489 987 L 488 987 L 488 987 Q 487 986 476 986 L 465 986 L 464 986 L 464 986 L 462 985 L 460 984 L 460 984 L 460 984 L 459 984 L 459 984 L 459 983 Q 458 983 458 981 Q 457 979 455 979 Q 453 979 452 976 Q 452 974 450 974 L 449 974 L 449 973 L 448 973 L 448 971 L 448 969 L 452 969 L 456 968 L 456 968 L 456 968 L 457 966 L 457 964 L 452 964 L 448 964 L 448 962 L 448 960 L 449 960 L 449 960 L 453 959 Q 457 959 457 950 Q 457 940 460 940 L 462 939 L 462 937 L 462 935 L 460 935 Q 457 934 455 934 Q 453 934 453 930 L 453 925 L 460 924 Q 467 924 468 926 Q 468 928 469 927 Q 469 926 470 926 Q 472 925 473 920 Q 475 916 481 916 Q 488 917 488 918 Q 488 920 490 920 L 492 920 L 492 919 L 492 919 L 493 919 L 493 918 L 493 918 L 494 918 L 494 919 L 494 920 L 495 920 L 495 920 L 496 919 L 497 919 L 497 920 L 496 921 L 496 922 L 496 924 L 494 924 Q 493 924 490 925 L 488 925 L 488 926 L 488 927 L 487 927 L 487 928 L 487 928 L 488 928 L 488 928 L 488 928 L 491 929 L 494 930 L 495 930 L 496 930 L 496 932 L 496 933 L 497 933 L 497 934 L 498 934 L 498 934 L 500 934 L 502 934 L 502 934 L 503 934 L 503 933 L 504 933 L 504 929 Q 504 925 506 923 Q 506 921 506 918 Q 506 916 508 915 Q 511 914 511 900 Q 510 886 508 886 Q 505 886 505 881 Q 504 877 506 874 Q 507 871 508 871 Q 510 870 510 868 Q 511 865 512 864 Q 514 863 514 862 Q 515 860 516 858 Q 516 856 517 855 Q 518 854 521 852 Q 525 850 525 848 Q 524 846 525 843 L 526 840 L 526 842 Q 526 845 527 844 L 527 843 L 528 843 L 529 843 L 529 842 L 530 841 L 530 839 L 530 837 L 531 837 L 532 837 L 532 839 L 532 841 L 531 844 Q 530 846 531 848 L 532 851 L 532 853 L 532 855 L 533 855 L 533 856 L 534 856 L 534 856 L 534 855 L 534 855 L 534 853 L 534 851 L 534 851 L 534 850 L 534 850 L 534 850 L 533 850 L 533 850 L 533 849 L 534 849 L 534 849 L 534 848 L 534 848 L 534 848 L 533 848 L 533 848 L 533 847 Q 534 847 534 842 Q 534 837 533 836 Q 532 836 532 834 L 531 832 L 531 831 L 530 831 L 530 831 L 530 830 L 530 830 L 530 830 L 529 830 L 529 830 L 529 831 L 528 831 L 528 830 L 528 829 L 528 829 L 528 828 L 530 828 L 531 828 L 531 827 L 531 826 L 533 826 Q 535 827 535 828 Q 535 830 536 830 L 537 830 L 538 831 L 539 831 L 539 828 Q 540 826 540 824 Q 541 821 543 820 Q 545 820 546 815 Q 548 810 552 810 Q 556 810 562 806 Q 568 802 569 799 Q 570 797 569 797 Q 568 797 569 794 Q 570 790 572 790 Q 573 789 573 788 Q 574 787 576 787 Q 578 786 579 787 Q 580 788 580 785 Q 580 782 580 781 L 580 779 L 580 779 Q 581 778 581 778 L 581 778 L 582 778 Q 582 778 582 777 L 582 777 L 588 776 Q 594 776 594 774 Q 595 772 597 770 Q 598 769 599 768 Q 599 767 604 765 Q 609 763 611 760 Q 613 756 615 756 Q 616 755 621 750 Q 625 746 627 744 Q 629 744 629 743 z 
M 614 835 L 614 836 L 613 836 L 612 836 L 612 835 L 612 835 L 611 834 Q 611 832 612 832 Q 613 832 613 834 Q 614 835 614 835 z 
'/>
<path style='opacity:1;fill:#A76119;fill-rule:evenodd;stroke:#A76119;stroke-width:1px;stroke-linecap:butt;stroke-linejoin:miter;stroke-opacity:1;' d='M 309 281 L 309 280 L 310 280 L 311 280 L 309 283 Q 306 286 306 288 L 306 291 L 307 291 L 307 292 L 309 292 Q 312 293 311 294 Q 310 294 309 294 Q 308 294 308 295 L 308 295 L 309 296 L 309 296 L 308 296 Q 307 296 304 296 L 301 296 L 300 296 L 299 296 L 299 297 L 298 297 L 298 297 L 298 297 L 298 296 Q 298 295 295 295 L 293 295 L 293 296 Q 292 297 292 300 L 292 304 L 291 302 L 290 300 L 290 298 L 290 297 L 289 297 L 289 297 L 289 296 L 289 296 L 289 296 L 290 296 L 291 289 Q 293 282 300 282 Q 308 282 308 281 Q 308 281 309 281 z 
'/>
<path style='opacity:1;fill:#825915;fill-rule:evenodd;stroke:#825915;stroke-width:1px;stroke-linecap:butt;stroke-linejoin:miter;stroke-opacity:1;' d='M 158 610 L 158 610 L 159 610 L 159 610 L 162 611 Q 164 612 164 612 Q 165 612 168 612 L 172 612 L 172 612 L 172 612 L 173 612 L 173 612 L 173 611 Q 174 611 174 610 L 175 610 L 175 611 Q 176 612 176 612 L 176 612 L 177 611 L 178 611 L 178 611 L 178 610 L 179 610 Q 180 610 180 611 L 180 612 L 179 613 L 179 614 L 180 614 L 182 614 L 182 615 L 182 616 L 182 616 L 182 616 L 181 616 L 181 617 L 181 617 Q 180 617 180 618 L 180 618 L 177 625 Q 174 632 170 634 Q 167 638 166 638 L 166 638 L 161 638 L 156 638 L 156 639 L 155 639 L 155 638 L 155 636 L 154 636 L 153 636 L 153 634 Q 154 632 153 631 L 153 630 L 153 630 Q 154 629 155 627 L 157 625 L 157 625 L 158 625 L 158 622 Q 158 620 158 616 L 158 611 L 158 611 L 158 610 L 158 610 z 
'/>
<path style='opacity:1;fill:#D2801B;fill-rule:evenodd;stroke:#D2801B;stroke-width:1px;stroke-linecap:butt;stroke-linejoin:miter;stroke-opacity:1;' d='M 398 277 L 401 276 L 402 276 Q 403 276 404 277 L 404 277 L 404 278 L 404 280 L 405 280 L 405 280 L 405 280 L 405 281 L 405 282 L 406 283 L 406 283 L 406 284 L 406 284 L 406 284 L 408 286 Q 410 287 410 290 L 410 292 L 405 294 Q 400 295 400 296 Q 400 297 404 298 Q 408 298 408 299 L 408 299 L 404 299 Q 400 298 395 298 Q 390 298 388 299 L 386 300 L 385 300 Q 384 300 385 298 L 386 297 L 386 296 L 386 296 L 386 295 L 386 294 L 386 293 Q 386 292 385 289 Q 384 286 384 284 L 385 282 L 390 280 Q 395 278 398 277 z 
'/>
<path style='opacity:1;fill:#723912;fill-rule:evenodd;stroke:#723912;stroke-width:1px;stroke-linecap:butt;stroke-linejoin:miter;stroke-opacity:1;' d='M 299 648 L 300 646 L 306 649 Q 312 652 315 652 L 318 652 L 318 652 L 318 652 L 320 653 L 321 654 L 323 654 L 325 654 L 334 657 Q 344 660 346 660 L 348 660 L 348 662 Q 348 664 349 664 Q 350 664 350 665 Q 350 666 346 666 Q 343 667 342 669 Q 342 671 341 669 L 340 667 L 340 667 L 340 668 L 340 668 L 340 668 L 339 670 L 338 671 L 338 671 L 338 672 L 338 672 L 338 672 L 337 672 L 337 672 L 337 673 L 338 673 L 338 673 L 338 674 L 338 674 L 339 674 L 340 673 Q 341 673 341 674 L 341 675 L 340 675 L 338 675 L 337 675 Q 336 676 335 676 Q 334 676 331 676 Q 328 675 328 678 L 327 680 L 327 678 Q 326 677 326 678 Q 326 679 323 679 Q 321 680 318 677 L 315 675 L 314 675 L 314 675 L 314 674 Q 314 672 315 672 Q 316 672 314 670 Q 313 668 312 668 Q 311 668 311 667 Q 311 666 310 666 Q 309 666 308 663 Q 308 660 307 660 Q 306 660 306 661 Q 305 662 304 658 Q 303 654 302 654 L 300 653 L 300 653 L 300 652 L 298 652 L 296 652 L 296 652 Q 296 652 297 650 Q 298 649 299 648 z 
'/>
<path style='opacity:1;fill:#382E14;fill-rule:evenodd;stroke:#382E14;stroke-width:1px;stroke-linecap:butt;stroke-linejoin:miter;stroke-opacity:1;' d='M 647 409 L 648 409 L 648 409 L 648 408 L 648 408 L 648 408 L 649 408 L 649 408 L 650 407 L 652 407 L 652 408 L 652 409 L 653 409 L 653 410 L 653 410 L 654 410 L 654 411 L 654 412 L 654 412 L 653 412 L 653 413 L 652 413 L 652 413 L 652 414 L 652 414 L 652 414 L 651 416 Q 650 418 650 418 L 650 418 L 649 419 L 648 420 L 648 421 Q 648 422 647 423 L 646 424 L 646 426 L 646 427 L 647 427 L 647 428 L 648 428 Q 650 428 650 427 Q 650 426 651 426 Q 652 426 652 431 Q 653 436 651 436 Q 650 437 649 437 L 649 438 L 649 438 L 650 438 L 650 440 L 650 441 L 651 441 L 651 442 L 652 442 Q 653 442 653 441 Q 653 440 654 440 Q 655 440 655 441 Q 655 442 656 442 L 657 442 L 657 444 Q 657 447 656 447 Q 655 447 655 448 L 656 449 L 656 450 L 656 450 L 656 450 Q 655 450 656 451 L 656 451 L 656 452 Q 656 453 653 454 L 651 455 L 651 456 L 650 457 L 650 458 L 650 459 L 651 460 L 652 462 L 653 462 Q 654 461 654 462 Q 654 463 653 464 L 653 465 L 652 465 L 650 466 L 650 466 Q 650 466 649 466 Q 648 467 645 467 Q 641 468 642 466 Q 642 465 640 465 L 637 465 L 634 465 Q 632 466 630 466 Q 629 467 629 466 Q 629 465 622 465 Q 616 465 616 466 Q 616 467 614 468 Q 611 470 609 470 Q 607 470 606 470 Q 606 471 605 471 Q 604 471 603 469 Q 602 467 601 467 Q 599 468 598 467 L 596 466 L 596 466 L 596 466 L 596 467 L 596 467 L 595 467 L 595 468 L 594 468 L 593 468 L 593 468 Q 593 468 592 468 L 591 468 L 591 468 L 591 468 L 591 468 Q 591 468 590 470 L 588 470 L 587 470 L 586 470 L 586 470 L 586 470 L 585 470 L 585 470 L 585 471 L 584 471 L 584 470 L 584 469 L 584 468 L 584 467 L 584 467 L 584 466 L 584 466 L 584 466 L 585 466 L 585 466 L 585 465 L 586 465 L 586 464 Q 586 463 586 462 Q 586 461 585 460 Q 584 460 584 459 Q 584 458 586 458 Q 587 458 589 455 L 590 453 L 591 453 L 591 452 L 590 452 Q 589 452 589 451 Q 590 450 588 450 Q 586 449 586 446 Q 586 443 584 439 Q 582 435 581 428 Q 580 420 578 420 Q 578 420 576 414 L 575 407 L 575 406 L 576 405 L 576 404 L 576 403 L 577 403 L 578 403 L 578 404 L 578 405 L 579 405 L 579 404 L 580 403 Q 580 401 582 401 Q 584 401 584 401 Q 586 401 586 402 Q 586 403 590 405 Q 595 406 596 408 Q 598 408 600 409 Q 603 409 603 410 Q 603 411 605 412 Q 606 412 607 411 Q 608 410 614 412 Q 619 414 620 414 Q 622 414 622 415 Q 622 416 626 416 Q 630 416 633 413 Q 636 410 638 411 Q 641 412 642 413 Q 644 414 644 412 Q 645 410 646 410 Q 647 410 647 409 z 
'/>
<path style='opacity:1;fill:#5C3813;fill-rule:evenodd;stroke:#5C3813;stroke-width:1px;stroke-linecap:butt;stroke-linejoin:miter;stroke-opacity:1;' d='M 362 682 L 364 682 L 364 682 L 364 682 L 364 683 L 364 683 L 363 683 L 363 684 L 363 684 L 364 684 L 364 684 L 364 684 L 366 690 Q 367 695 366 695 Q 365 695 365 697 Q 365 698 365 700 Q 365 702 363 704 Q 360 705 360 706 L 360 707 L 358 707 Q 357 706 356 706 L 354 705 L 354 704 L 354 703 L 355 703 Q 355 702 356 701 Q 356 700 354 702 Q 352 703 351 700 L 350 697 L 350 696 Q 350 694 351 694 Q 352 694 352 692 Q 352 689 351 689 Q 350 689 350 688 Q 350 686 348 686 Q 348 686 348 684 L 349 682 L 352 681 Q 354 680 357 681 Q 360 682 362 682 z 
'/>
<path style='opacity:1;fill:#492913;fill-rule:evenodd;stroke:#492913;stroke-width:1px;stroke-linecap:butt;stroke-linejoin:miter;stroke-opacity:1;' d='M 629 740 L 629 743 L 629 743 Q 629 744 627 744 Q 625 746 621 750 Q 616 755 615 756 Q 613 756 611 760 Q 609 763 604 765 Q 599 767 599 768 Q 598 769 597 770 Q 595 772 594 774 Q 594 776 588 776 L 582 777 L 582 777 Q 582 777 581 778 L 581 778 L 581 778 Q 580 778 580 778 L 580 779 L 579 779 Q 578 780 576 781 L 573 782 L 572 783 L 571 783 L 571 780 Q 571 776 570 776 L 568 775 L 568 772 Q 568 769 568 766 Q 568 762 567 759 Q 566 756 564 756 Q 562 756 563 751 Q 564 746 565 746 Q 566 746 566 742 L 565 739 L 566 739 Q 566 738 566 738 L 566 738 L 566 738 Q 566 737 567 736 Q 568 734 570 733 Q 573 732 573 730 L 573 729 L 573 727 L 574 725 L 574 724 Q 574 722 575 720 Q 575 719 576 719 Q 577 718 578 717 L 579 715 L 580 715 L 582 715 L 582 715 L 582 715 L 583 716 L 583 717 L 584 717 L 585 717 L 585 718 L 586 719 L 586 719 L 586 718 L 586 718 L 586 718 L 587 718 L 587 718 L 592 716 Q 596 715 597 714 Q 597 713 599 713 Q 601 713 602 715 Q 603 716 607 714 Q 611 712 611 711 L 611 711 L 612 710 Q 614 710 614 716 Q 614 722 616 726 Q 618 730 621 730 Q 624 731 624 730 Q 624 729 627 732 Q 629 736 628 737 Q 626 738 628 738 Q 628 738 629 740 z 
'/>
<path style='opacity:1;fill:#7D6B2A;fill-rule:evenodd;stroke:#7D6B2A;stroke-width:1px;stroke-linecap:butt;stroke-linejoin:miter;stroke-opacity:1;' d='M 183 288 L 182 289 L 182 290 L 182 291 L 182 292 L 182 293 L 182 293 L 182 293 L 181 291 Q 180 289 180 288 Q 180 286 179 288 Q 178 290 176 290 L 175 290 L 175 289 L 174 289 L 174 288 L 174 287 L 173 287 L 172 287 L 172 292 Q 172 297 172 298 L 172 300 L 171 300 L 171 300 L 170 301 L 169 302 L 168 302 L 168 302 L 168 301 L 168 301 L 167 301 L 167 300 L 167 300 L 166 300 L 166 298 L 166 297 L 164 297 L 163 296 L 163 296 Q 162 296 161 296 Q 160 297 160 294 Q 160 292 160 288 Q 160 283 158 282 Q 157 282 157 281 Q 156 280 156 281 L 155 282 L 155 282 Q 154 281 153 280 Q 152 280 152 273 Q 152 266 151 266 Q 150 265 149 265 L 147 265 L 147 264 Q 148 264 148 260 L 149 257 L 150 257 Q 151 256 151 256 L 151 256 L 152 256 Q 152 256 152 255 L 152 255 L 152 255 Q 153 254 153 254 L 153 254 L 154 254 L 155 254 L 156 253 L 157 252 L 157 252 L 157 252 L 160 251 Q 163 250 166 251 Q 169 252 170 254 Q 172 256 174 256 Q 177 256 178 257 Q 179 257 179 258 Q 179 260 183 262 Q 186 265 187 274 Q 188 284 186 285 Q 184 286 183 288 z 
'/>
<path style='opacity:1;fill:#805F24;fill-rule:evenodd;stroke:#805F24;stroke-width:1px;stroke-linecap:butt;stroke-linejoin:miter;stroke-opacity:1;' d='M 338 121 L 339 121 L 339 122 Q 339 123 338 123 Q 337 124 336 125 Q 336 126 335 126 Q 334 126 328 131 Q 322 136 322 137 Q 322 138 320 138 Q 319 139 319 140 Q 319 141 318 141 Q 317 142 312 148 L 308 154 L 307 154 L 307 154 L 307 155 L 306 155 L 306 155 L 306 156 L 305 156 L 304 156 L 304 157 L 304 158 L 303 158 L 302 158 L 302 158 L 302 157 L 302 157 L 302 156 L 302 156 L 303 156 L 303 155 L 304 154 L 304 154 L 304 154 L 304 153 L 304 153 L 305 153 L 305 152 L 305 152 L 306 152 L 308 146 Q 311 140 314 136 Q 317 132 318 132 Q 319 132 322 128 Q 326 124 332 123 Q 337 122 338 121 z 
'/>
<path style='opacity:1;fill:#855016;fill-rule:evenodd;stroke:#855016;stroke-width:1px;stroke-linecap:butt;stroke-linejoin:miter;stroke-opacity:1;' d='M 606 587 L 608 587 L 608 587 Q 608 588 606 588 Q 605 588 604 590 Q 604 591 603 591 Q 602 592 600 591 Q 597 590 597 592 Q 597 594 594 594 Q 590 594 586 596 Q 580 598 577 599 L 574 600 L 574 601 L 574 602 L 573 602 L 573 603 L 571 603 L 569 603 L 568 603 L 568 602 L 568 602 L 568 602 L 567 601 L 567 600 L 568 600 L 569 600 L 569 599 L 570 599 L 570 599 L 570 598 L 570 598 L 570 598 L 569 596 L 568 595 L 568 595 L 568 594 L 568 594 L 568 594 L 568 593 L 568 592 L 568 592 L 568 592 L 568 592 L 568 592 L 572 590 Q 577 590 577 589 L 577 589 L 590 588 Q 603 586 606 587 z 
'/>
<path style='opacity:1;fill:#877934;fill-rule:evenodd;stroke:#877934;stroke-width:1px;stroke-linecap:butt;stroke-linejoin:miter;stroke-opacity:1;' d='M 8 73 L 8 73 L 9 73 Q 10 73 11 75 Q 12 76 14 76 Q 15 76 16 77 Q 16 78 18 78 Q 20 79 20 83 Q 21 86 22 87 L 23 88 L 23 88 L 23 88 L 23 90 Q 23 92 24 92 Q 25 92 25 93 Q 25 94 23 94 Q 22 94 22 98 Q 22 101 22 104 Q 22 107 23 107 L 23 107 L 23 110 Q 24 114 22 116 Q 21 118 20 118 Q 19 118 18 119 Q 18 121 17 120 Q 16 120 14 122 Q 13 124 11 124 Q 9 124 8 125 Q 7 126 7 126 Q 6 126 6 127 L 6 128 L 5 130 L 4 131 L 4 131 L 4 130 L 3 130 L 2 130 L 2 131 L 2 131 L 1 131 L 0 131 L 0 104 L 0 77 L 0 77 L 1 76 L 3 76 L 5 76 L 5 75 L 6 75 L 6 75 L 6 76 L 6 76 L 6 76 L 7 75 L 8 74 L 8 74 L 8 74 L 8 73 z 
'/>
<path style='opacity:1;fill:#7C6B2B;fill-rule:evenodd;stroke:#7C6B2B;stroke-width:1px;stroke-linecap:butt;stroke-linejoin:miter;stroke-opacity:1;' d='M 202 0 L 200 0 L 224 0 L 247 0 L 247 1 Q 246 2 247 3 Q 248 4 246 5 Q 244 6 244 10 Q 244 13 246 18 Q 248 24 247 24 Q 246 25 246 26 Q 246 27 246 29 Q 246 31 248 32 Q 250 33 249 36 Q 248 40 248 42 Q 248 44 246 44 Q 245 44 244 46 Q 242 48 242 49 Q 242 51 239 52 Q 237 52 237 53 Q 237 54 238 54 Q 239 54 236 55 Q 232 56 230 56 Q 229 58 229 59 Q 229 61 228 61 Q 226 62 226 63 L 225 64 L 225 64 L 224 64 L 224 65 L 224 66 L 224 66 L 224 66 L 223 64 L 223 63 L 222 63 L 221 63 L 221 62 Q 222 61 222 60 Q 222 58 220 58 Q 218 57 218 56 Q 218 54 216 53 Q 215 52 214 50 Q 214 48 211 48 Q 208 48 207 47 L 206 46 L 205 46 Q 205 46 204 45 Q 204 44 204 44 Q 204 42 205 40 Q 206 38 204 37 Q 201 36 201 33 Q 200 31 201 30 Q 202 30 202 29 Q 202 28 200 25 Q 198 22 200 22 Q 202 22 202 19 Q 202 16 200 16 Q 200 16 199 13 Q 199 10 200 9 Q 200 8 201 8 Q 202 8 203 4 Q 204 1 202 0 z 
'/>
<path style='opacity:1;fill:#47411D;fill-rule:evenodd;stroke:#47411D;stroke-width:1px;stroke-linecap:butt;stroke-linejoin:miter;stroke-opacity:1;' d='M 88 312 L 88 312 L 88 312 L 88 312 L 87 312 L 87 312 L 87 313 L 88 313 L 88 314 L 88 315 L 87 316 L 86 317 L 86 317 L 86 318 L 87 317 Q 88 317 90 318 Q 91 320 92 320 Q 93 322 94 322 Q 94 322 95 326 Q 95 330 93 332 Q 92 334 92 336 L 92 338 L 91 338 L 91 338 L 96 340 Q 100 342 102 341 Q 103 341 104 344 Q 106 346 106 346 L 106 346 L 106 346 L 106 346 L 106 347 L 106 347 L 106 348 L 106 349 L 106 352 Q 106 355 106 357 Q 105 360 104 360 Q 103 360 103 361 Q 103 362 102 362 Q 100 362 100 364 Q 100 365 98 365 Q 97 365 97 366 Q 96 367 96 367 L 96 367 L 96 366 Q 96 366 95 366 L 95 367 L 94 367 L 94 367 L 94 367 L 93 366 L 93 366 L 92 366 L 92 366 Q 92 366 91 367 Q 90 367 90 366 L 91 364 L 91 364 L 90 364 L 90 364 L 90 364 L 90 363 L 90 363 L 89 363 L 89 362 L 88 362 Q 87 362 87 363 Q 87 364 85 364 Q 82 365 82 366 Q 82 367 81 368 L 80 369 L 80 369 L 80 370 L 79 370 L 78 370 L 78 368 L 78 366 L 78 365 Q 78 364 78 362 Q 78 361 78 357 Q 78 353 73 352 Q 68 350 68 348 Q 68 345 65 343 Q 63 340 62 340 Q 62 339 60 339 Q 59 339 59 337 Q 59 336 60 332 Q 60 329 60 330 Q 59 330 58 328 L 56 326 L 56 326 Q 56 326 55 324 L 55 322 L 56 322 Q 58 322 58 320 L 57 318 L 58 318 L 59 318 L 60 318 L 62 318 L 64 318 L 66 318 L 66 317 Q 66 316 66 315 Q 66 314 65 314 Q 64 313 66 310 Q 68 308 71 306 Q 74 305 74 304 L 74 303 L 75 303 L 75 302 L 75 302 L 75 302 L 78 302 Q 80 302 81 304 Q 82 306 83 307 Q 84 307 85 306 Q 86 304 85 306 Q 85 309 86 309 Q 87 309 87 310 Q 88 311 88 312 z 
'/>
<path style='opacity:1;fill:#6C4018;fill-rule:evenodd;stroke:#6C4018;stroke-width:1px;stroke-linecap:butt;stroke-linejoin:miter;stroke-opacity:1;' d='M 111 904 L 114 903 L 114 903 Q 114 903 114 904 L 114 905 L 114 905 L 114 906 L 114 906 L 114 906 L 113 906 L 113 906 L 113 907 L 112 907 L 112 907 L 112 908 L 112 908 L 112 908 L 111 908 L 111 908 L 111 909 L 112 909 L 112 911 L 112 913 L 113 913 L 114 912 L 116 912 L 117 912 L 117 911 L 118 911 L 118 911 L 118 910 L 118 910 L 118 910 L 119 910 Q 119 910 124 907 L 128 905 L 128 905 L 129 905 L 129 904 Q 130 904 130 904 L 130 904 L 130 904 Q 130 903 131 903 L 131 903 L 131 904 Q 130 906 128 908 Q 126 910 126 912 Q 126 913 125 913 Q 124 914 124 914 L 124 914 L 123 914 L 123 914 L 123 915 L 122 915 L 122 915 L 122 916 L 122 916 L 122 916 L 121 916 L 121 916 L 121 917 L 120 917 L 120 917 L 120 918 L 120 918 L 120 918 L 120 919 L 120 920 L 120 920 L 120 921 L 120 922 L 120 922 L 118 922 Q 117 922 115 926 Q 112 931 109 936 Q 106 942 105 944 L 104 945 L 104 945 L 104 946 L 104 946 L 104 946 L 103 946 L 103 947 L 102 947 L 101 948 L 101 948 L 100 948 L 100 948 L 100 948 L 98 949 L 97 949 L 97 946 Q 97 942 96 942 Q 95 942 96 935 Q 96 928 95 929 Q 94 930 94 927 Q 93 925 90 925 L 87 924 L 87 924 L 86 924 L 86 924 L 86 924 L 86 923 L 86 923 L 86 923 L 87 922 L 88 922 L 90 922 L 90 923 L 90 924 L 91 924 L 91 924 L 91 923 Q 92 923 93 922 Q 94 920 96 917 Q 99 913 101 913 Q 103 914 102 912 Q 102 911 104 911 Q 105 911 106 908 Q 108 906 111 904 z 
'/>
<path style='opacity:1;fill:#7E4114;fill-rule:evenodd;stroke:#7E4114;stroke-width:1px;stroke-linecap:butt;stroke-linejoin:miter;stroke-opacity:1;' d='M 348 662 L 348 660 L 356 662 Q 365 664 365 665 L 365 665 L 364 665 L 363 666 L 364 667 Q 364 669 363 669 Q 362 669 362 670 Q 362 671 363 672 L 364 673 L 364 675 Q 364 677 365 677 Q 366 677 366 678 Q 366 679 365 679 L 365 680 L 365 680 L 366 680 L 366 680 L 366 680 L 366 681 L 366 681 L 367 682 L 367 682 L 366 682 L 364 682 L 362 682 Q 360 682 357 681 Q 354 680 352 681 L 349 682 L 349 681 Q 348 680 348 680 L 347 681 L 347 681 Q 346 681 346 680 Q 346 678 342 678 L 338 677 L 338 676 L 338 675 L 340 675 L 341 675 L 341 674 Q 341 673 340 673 L 339 674 L 338 674 L 338 674 L 338 673 L 338 673 L 337 673 L 337 672 L 337 672 L 338 672 L 338 672 L 338 672 L 338 671 L 338 671 L 339 670 L 340 668 L 340 668 L 340 668 L 340 667 L 340 667 L 341 669 Q 342 671 342 669 Q 343 667 346 666 Q 350 666 350 665 Q 350 664 349 664 Q 348 664 348 662 z 
'/>
<path style='opacity:1;fill:#16090A;fill-rule:evenodd;stroke:#16090A;stroke-width:1px;stroke-linecap:butt;stroke-linejoin:miter;stroke-opacity:1;' d='M 528 1093 L 529 1094 L 530 1094 L 531 1094 L 531 1095 L 530 1095 L 530 1095 L 530 1096 L 532 1096 L 533 1096 L 533 1094 Q 534 1091 534 1090 Q 534 1088 536 1088 Q 539 1088 540 1086 Q 542 1085 543 1084 L 545 1082 L 545 1082 L 545 1082 L 546 1082 Q 546 1082 546 1082 L 546 1082 L 550 1082 L 555 1082 L 555 1084 L 554 1086 L 554 1086 L 554 1086 L 548 1087 Q 542 1088 541 1090 L 540 1092 L 540 1092 L 540 1092 L 540 1098 Q 542 1103 542 1103 Q 543 1102 544 1103 L 546 1103 L 546 1104 L 546 1106 L 544 1106 Q 541 1107 541 1109 Q 541 1111 544 1112 Q 546 1112 546 1116 Q 546 1121 544 1122 Q 541 1122 541 1123 Q 542 1124 542 1125 L 542 1126 L 544 1127 Q 546 1128 546 1130 Q 546 1131 548 1131 Q 550 1131 550 1134 Q 551 1136 549 1136 L 547 1136 L 547 1137 L 547 1138 L 553 1138 Q 560 1139 560 1141 Q 562 1143 562 1144 L 562 1145 L 563 1145 L 564 1146 L 564 1146 L 564 1146 L 564 1150 L 564 1153 L 564 1154 Q 564 1155 561 1155 Q 559 1156 558 1156 L 556 1156 L 554 1157 Q 553 1157 553 1158 L 554 1159 L 554 1159 L 554 1158 L 554 1158 Q 554 1158 555 1159 L 555 1160 L 554 1160 L 552 1160 L 552 1159 L 552 1159 L 551 1159 L 551 1158 L 551 1158 Q 550 1158 550 1157 Q 550 1156 549 1154 L 548 1152 L 547 1151 L 546 1151 L 546 1150 L 546 1149 L 545 1150 L 544 1151 L 544 1152 Q 544 1154 545 1155 Q 545 1156 544 1156 Q 543 1156 542 1154 L 542 1151 L 540 1161 Q 540 1171 540 1172 Q 541 1172 540 1174 Q 540 1176 538 1176 Q 537 1176 536 1177 L 534 1178 L 536 1178 L 538 1178 L 536 1179 L 533 1179 L 533 1178 L 533 1177 L 531 1177 Q 529 1177 528 1174 Q 528 1172 528 1171 Q 527 1170 526 1170 Q 525 1170 525 1172 Q 525 1175 524 1175 Q 523 1174 522 1175 Q 521 1176 520 1174 Q 518 1173 518 1174 Q 518 1175 516 1174 Q 516 1172 515 1174 Q 515 1175 514 1175 Q 512 1174 511 1176 L 510 1177 L 510 1174 L 510 1171 L 509 1174 L 508 1177 L 508 1175 Q 508 1173 507 1172 L 506 1171 L 505 1175 Q 504 1179 503 1177 Q 502 1175 502 1178 Q 500 1181 500 1179 Q 500 1177 499 1177 Q 498 1177 498 1178 Q 498 1180 496 1180 L 493 1180 L 493 1181 L 492 1181 L 492 1186 Q 492 1190 495 1190 Q 498 1190 500 1191 L 501 1191 L 500 1198 Q 499 1205 496 1205 Q 493 1205 492 1210 Q 492 1216 493 1216 Q 494 1217 493 1221 Q 492 1225 492 1227 L 492 1229 L 491 1230 L 491 1230 L 312 1230 L 134 1230 L 134 1230 L 134 1230 L 138 1229 L 141 1228 L 141 1228 L 140 1228 L 140 1228 L 140 1228 L 140 1227 L 140 1227 L 141 1227 L 141 1226 L 141 1226 L 142 1226 L 142 1224 L 142 1221 L 141 1221 Q 140 1220 138 1220 Q 137 1218 137 1218 Q 137 1216 135 1216 Q 133 1215 133 1214 L 133 1212 L 132 1212 L 131 1212 L 131 1211 L 131 1210 L 132 1210 L 133 1210 L 133 1208 L 134 1207 L 134 1206 L 134 1204 L 135 1204 L 136 1204 L 136 1206 Q 136 1209 137 1209 Q 137 1210 138 1209 Q 138 1208 145 1205 Q 151 1202 152 1201 L 154 1200 L 154 1199 Q 154 1198 154 1197 Q 155 1196 153 1196 L 151 1194 L 151 1194 L 150 1194 L 150 1194 L 150 1194 L 153 1193 Q 156 1192 159 1192 Q 162 1192 162 1190 Q 163 1189 164 1189 Q 166 1189 166 1187 Q 167 1185 168 1185 Q 169 1184 170 1183 Q 170 1181 172 1181 L 174 1180 L 176 1180 L 177 1180 L 177 1178 L 176 1177 L 176 1177 L 176 1176 L 172 1176 Q 168 1176 168 1173 Q 167 1170 165 1170 Q 163 1170 162 1168 Q 162 1166 160 1166 Q 157 1166 155 1168 L 153 1170 L 153 1171 L 152 1171 L 152 1171 L 152 1172 L 151 1172 L 150 1172 L 149 1171 L 148 1170 L 148 1170 L 148 1170 L 148 1169 L 148 1168 L 148 1168 L 148 1168 L 150 1168 L 153 1168 L 153 1168 L 154 1168 L 154 1167 L 154 1166 L 153 1166 L 153 1166 L 153 1165 Q 154 1165 154 1164 Q 155 1162 161 1162 Q 167 1163 167 1162 Q 166 1161 168 1160 L 169 1160 L 171 1159 L 173 1158 L 170 1158 Q 168 1158 168 1159 L 168 1159 L 167 1158 L 167 1157 L 169 1157 Q 171 1156 172 1154 Q 173 1152 175 1152 Q 177 1152 178 1150 Q 178 1149 179 1146 Q 180 1143 183 1141 Q 186 1138 187 1135 Q 188 1131 188 1130 Q 188 1129 187 1126 L 186 1123 L 187 1123 L 187 1122 L 187 1122 L 188 1122 L 188 1124 L 188 1126 L 189 1126 L 189 1126 L 189 1127 L 190 1127 L 190 1126 L 190 1125 L 191 1126 L 192 1127 L 192 1131 Q 194 1135 193 1135 L 193 1136 L 193 1136 L 194 1136 L 194 1136 L 194 1136 L 195 1137 L 196 1137 L 196 1136 Q 196 1134 197 1134 Q 197 1134 198 1135 Q 198 1137 200 1136 Q 201 1136 202 1133 Q 202 1131 204 1131 Q 206 1131 206 1132 Q 206 1133 207 1133 Q 208 1132 209 1131 L 210 1129 L 211 1129 L 211 1130 L 212 1130 L 212 1130 L 212 1129 L 212 1129 L 213 1129 L 213 1129 L 213 1136 Q 214 1142 214 1142 Q 216 1142 216 1143 Q 218 1144 218 1147 Q 219 1150 220 1150 L 221 1150 L 222 1151 L 223 1152 L 226 1152 L 229 1152 L 230 1151 L 232 1150 L 232 1150 L 232 1150 L 233 1149 Q 234 1148 234 1143 Q 234 1138 236 1132 Q 238 1127 239 1127 Q 240 1126 242 1122 Q 244 1117 245 1114 Q 246 1112 249 1108 Q 252 1103 253 1103 Q 254 1102 256 1100 L 257 1098 L 265 1097 Q 273 1096 274 1097 Q 274 1098 292 1098 Q 309 1096 312 1096 Q 314 1096 321 1094 Q 328 1094 328 1093 Q 329 1092 332 1092 L 336 1092 L 336 1091 L 336 1091 L 337 1090 L 338 1089 L 338 1089 L 338 1088 L 340 1088 L 343 1088 L 343 1087 L 343 1087 L 346 1088 Q 349 1090 351 1090 Q 353 1092 358 1092 Q 364 1094 368 1094 L 373 1094 L 373 1092 L 373 1090 L 377 1090 Q 382 1091 383 1092 Q 384 1094 394 1096 Q 403 1098 408 1098 Q 412 1098 414 1098 L 415 1098 L 416 1097 L 417 1096 L 417 1096 L 418 1096 L 418 1095 L 418 1094 L 419 1094 L 419 1094 L 419 1093 L 420 1093 L 420 1093 L 420 1092 L 420 1092 L 420 1092 L 419 1091 L 418 1090 L 418 1090 Q 418 1090 417 1087 L 416 1084 L 415 1083 L 414 1082 L 414 1081 L 414 1080 L 414 1080 L 414 1080 L 415 1080 L 415 1080 L 415 1081 L 416 1081 L 416 1081 L 416 1082 L 417 1082 L 418 1082 L 418 1083 L 418 1083 L 419 1083 L 419 1084 L 419 1084 L 420 1084 L 420 1084 L 420 1084 L 420 1085 L 420 1085 L 425 1088 Q 429 1092 434 1094 Q 439 1096 440 1096 Q 442 1096 444 1095 L 447 1094 L 447 1094 L 448 1094 L 448 1094 L 448 1094 L 448 1093 L 448 1093 L 448 1093 L 448 1093 L 449 1093 L 449 1094 L 450 1094 L 452 1094 L 453 1092 Q 454 1090 457 1092 Q 460 1093 461 1095 L 461 1097 L 463 1097 L 465 1097 L 465 1096 Q 466 1094 466 1093 Q 466 1092 465 1092 L 464 1091 L 463 1091 L 463 1090 L 465 1090 Q 467 1090 467 1091 Q 468 1092 469 1092 Q 471 1092 473 1088 L 476 1083 L 476 1083 L 476 1082 L 477 1082 L 478 1082 L 478 1083 L 478 1084 L 477 1084 L 477 1084 L 478 1084 Q 479 1084 479 1084 L 480 1084 L 480 1085 Q 480 1086 481 1088 Q 482 1090 489 1091 Q 496 1092 497 1090 Q 498 1088 500 1086 Q 502 1085 504 1076 L 506 1067 L 509 1067 Q 512 1067 512 1068 Q 512 1070 513 1070 Q 514 1071 514 1074 Q 514 1078 518 1079 Q 520 1080 521 1081 Q 521 1082 522 1082 Q 524 1082 525 1086 Q 526 1091 527 1092 Q 528 1092 527 1092 Q 527 1092 528 1093 z 
M 528 1167 L 528 1165 L 529 1165 L 530 1165 L 530 1167 Q 530 1169 529 1169 Q 528 1169 528 1167 z 
'/>
<path style='opacity:1;fill:#623C09;fill-rule:evenodd;stroke:#623C09;stroke-width:1px;stroke-linecap:butt;stroke-linejoin:miter;stroke-opacity:1;' d='M 810 595 L 813 595 L 813 610 L 813 624 L 810 624 Q 808 624 808 626 L 807 627 L 806 627 L 806 627 L 806 625 Q 806 623 807 623 Q 808 623 808 622 Q 808 621 804 620 Q 801 618 800 616 Q 800 614 798 612 Q 796 610 793 611 L 790 611 L 790 611 L 789 610 L 789 610 L 789 610 L 789 610 L 789 609 L 789 608 L 789 608 L 789 608 L 790 608 L 790 608 L 790 608 L 791 607 L 792 606 L 793 606 L 794 606 L 794 605 Q 794 605 795 604 L 795 603 L 795 603 L 796 603 L 796 603 L 796 604 L 797 604 L 798 604 L 798 603 L 798 603 L 799 602 L 800 601 L 800 601 L 800 600 L 800 600 L 800 600 L 801 600 L 801 600 L 802 598 Q 802 597 805 596 Q 808 596 810 595 z 
'/>
<path style='opacity:1;fill:#3E351A;fill-rule:evenodd;stroke:#3E351A;stroke-width:1px;stroke-linecap:butt;stroke-linejoin:miter;stroke-opacity:1;' d='M 135 334 L 135 334 L 136 334 Q 137 334 137 336 Q 137 339 138 340 Q 138 340 138 340 Q 138 341 137 342 L 137 343 L 141 342 Q 145 342 147 343 Q 148 344 150 346 Q 151 348 152 348 Q 152 349 153 348 Q 154 347 155 352 Q 156 356 157 356 Q 158 356 158 358 L 158 359 L 159 358 Q 159 357 160 357 Q 162 357 162 358 Q 162 359 164 357 Q 164 355 165 356 Q 165 358 166 358 Q 167 358 168 357 Q 168 356 168 355 L 168 355 L 169 355 Q 169 356 170 356 L 172 356 L 172 358 L 172 359 L 172 360 Q 172 360 174 360 Q 175 360 175 361 Q 175 362 174 362 Q 173 362 172 367 Q 172 372 173 372 Q 174 372 173 374 Q 172 377 173 382 Q 173 386 172 386 L 170 386 L 170 388 L 170 391 L 171 392 L 171 392 L 170 395 Q 168 398 166 400 Q 164 402 162 402 Q 161 402 161 404 Q 161 405 160 405 L 159 405 L 159 403 Q 158 401 158 401 Q 158 400 157 402 Q 156 403 154 403 Q 152 402 152 403 Q 151 404 150 404 Q 149 404 149 403 Q 150 402 147 402 Q 145 402 143 402 Q 140 401 138 400 Q 135 399 135 398 Q 134 397 132 398 Q 129 399 129 400 Q 129 401 128 401 Q 127 401 127 400 Q 126 398 124 401 Q 122 404 122 403 Q 121 402 120 404 Q 120 406 119 406 Q 118 406 118 404 Q 119 402 118 402 Q 116 402 113 405 Q 110 407 107 408 L 104 410 L 104 408 Q 104 407 103 408 Q 103 409 102 409 Q 101 408 100 406 Q 100 404 99 404 Q 98 403 93 402 L 89 402 L 89 402 L 89 401 L 90 401 Q 90 400 90 399 Q 91 398 89 398 L 87 397 L 87 396 Q 86 396 86 396 L 86 396 L 86 395 Q 86 394 86 388 Q 88 383 88 383 Q 89 382 90 380 Q 90 378 92 377 Q 93 376 94 377 Q 94 378 95 378 Q 96 378 96 376 L 96 375 L 96 372 Q 96 369 96 369 Q 96 370 95 368 L 94 367 L 94 367 L 95 367 L 95 366 Q 96 366 96 366 L 96 367 L 96 367 Q 96 367 97 365 Q 98 363 100 362 Q 103 362 103 361 Q 103 360 104 360 Q 105 360 106 357 Q 106 355 106 352 L 106 349 L 106 348 L 106 347 L 106 347 L 106 346 L 106 346 L 106 346 L 106 346 L 106 346 L 107 346 L 107 346 L 107 347 L 108 347 L 108 347 L 108 348 L 112 348 Q 117 348 119 349 Q 120 351 121 352 Q 121 353 125 353 L 129 352 L 129 352 L 130 352 L 130 352 Q 130 352 131 351 L 132 350 L 132 350 L 132 350 L 131 350 Q 131 350 131 346 Q 132 342 134 342 Q 136 341 136 338 L 136 335 L 135 335 L 135 334 L 135 334 z 
M 101 406 Q 102 406 102 406 Q 102 406 102 406 Q 101 406 101 406 z 
'/>
<path style='opacity:1;fill:#54481E;fill-rule:evenodd;stroke:#54481E;stroke-width:1px;stroke-linecap:butt;stroke-linejoin:miter;stroke-opacity:1;' d='M 146 265 L 147 265 L 149 265 Q 150 265 151 266 Q 152 266 152 273 Q 152 280 153 280 Q 154 281 155 282 L 155 282 L 154 286 Q 153 289 152 289 Q 150 289 150 291 Q 149 292 148 292 Q 146 292 145 292 L 144 292 L 144 291 L 144 291 L 143 291 L 143 292 L 143 292 L 142 292 L 143 294 Q 143 297 144 297 Q 146 298 142 298 Q 139 300 138 302 Q 138 304 137 305 Q 136 306 136 308 Q 136 311 133 314 Q 131 316 130 317 Q 128 317 128 320 Q 129 324 129 324 Q 128 324 128 325 L 128 326 L 127 326 L 126 326 L 126 326 L 126 326 L 125 326 L 124 326 L 124 326 L 124 326 L 123 326 L 123 326 L 122 327 L 121 328 L 120 328 L 120 328 L 119 327 L 118 327 L 118 326 Q 118 324 118 322 Q 117 319 116 319 Q 115 319 114 314 Q 112 310 112 308 L 112 305 L 112 304 L 112 303 L 114 304 Q 115 304 116 305 L 118 305 L 118 304 Q 118 302 120 297 Q 120 292 122 290 Q 124 287 126 283 Q 126 279 127 280 Q 128 281 130 280 Q 132 280 132 279 Q 132 278 133 278 L 134 278 L 134 274 Q 134 271 132 270 L 131 270 L 132 269 Q 133 269 133 268 L 133 267 L 139 266 Q 145 266 146 265 z 
M 126 323 Q 126 323 127 323 Q 127 324 126 324 Q 126 324 126 323 z 
'/>
<path style='opacity:1;fill:#817435;fill-rule:evenodd;stroke:#817435;stroke-width:1px;stroke-linecap:butt;stroke-linejoin:miter;stroke-opacity:1;' d='M 75 0 L 74 0 L 96 0 L 119 0 L 119 1 Q 118 2 118 4 Q 116 7 116 12 Q 116 16 118 16 Q 119 15 119 17 Q 120 19 118 20 L 117 22 L 117 22 Q 116 22 116 21 Q 116 20 112 20 Q 109 20 108 21 Q 108 23 107 22 Q 106 22 104 22 Q 103 22 102 25 Q 101 28 96 28 Q 92 28 92 30 Q 92 31 91 32 Q 90 32 90 34 L 90 36 L 88 36 L 86 36 L 87 35 L 88 35 L 88 34 L 88 33 L 86 33 L 85 32 L 85 32 L 84 32 L 84 32 Q 84 32 86 31 Q 87 30 86 28 Q 86 26 84 26 Q 82 26 82 21 Q 82 16 81 16 Q 80 16 78 8 Q 76 1 75 0 z 
'/>
<path style='opacity:1;fill:#D0AD49;fill-rule:evenodd;stroke:#D0AD49;stroke-width:1px;stroke-linecap:butt;stroke-linejoin:miter;stroke-opacity:1;' d='M 154 190 L 156 187 L 156 192 L 156 196 L 157 198 L 157 199 L 158 199 Q 159 199 160 197 Q 162 196 164 198 Q 165 200 170 200 Q 174 200 174 202 Q 173 204 175 205 Q 176 205 177 207 Q 177 209 176 210 Q 174 210 173 211 L 172 212 L 174 212 Q 175 212 176 213 Q 176 214 176 213 Q 176 213 177 213 L 177 214 L 177 214 L 178 214 L 178 215 L 178 216 L 180 216 Q 182 217 184 216 Q 188 215 188 213 Q 188 211 192 210 Q 196 210 195 211 Q 195 212 196 212 Q 198 212 200 209 Q 201 206 202 206 L 204 206 L 204 205 L 204 204 L 205 204 L 206 204 L 206 203 L 206 203 L 207 206 L 207 208 L 208 208 L 209 208 L 209 211 Q 209 214 210 214 Q 212 214 212 222 Q 212 230 214 230 Q 215 230 215 232 L 216 234 L 216 234 L 216 234 L 218 233 L 219 232 L 220 232 Q 221 232 224 232 Q 227 232 228 229 Q 228 226 230 226 Q 232 225 233 227 L 233 229 L 234 229 L 235 229 L 235 228 Q 234 227 235 224 Q 235 221 236 221 Q 237 221 237 223 Q 238 225 239 221 L 240 218 L 241 217 L 242 217 L 242 219 Q 242 220 243 220 Q 244 220 247 220 Q 250 221 250 222 Q 251 222 252 222 Q 254 222 256 222 L 257 222 L 258 222 L 260 222 L 260 222 L 260 223 L 259 224 L 258 225 L 256 229 Q 254 233 254 238 Q 252 242 252 243 L 252 244 L 250 244 Q 249 245 248 250 Q 246 256 245 256 Q 244 257 244 259 Q 243 260 240 261 Q 238 262 235 267 Q 232 272 232 276 Q 232 281 230 281 Q 228 281 228 282 Q 228 283 225 284 Q 222 284 222 284 L 222 284 L 222 284 Q 222 284 221 283 L 220 283 L 218 283 Q 217 284 215 283 Q 213 282 212 284 L 212 286 L 210 286 Q 209 286 208 288 Q 208 289 201 289 Q 194 290 190 290 L 187 290 L 187 291 L 186 291 L 186 291 L 186 292 L 186 292 L 186 292 L 185 292 L 185 292 L 184 293 L 183 293 L 183 292 L 182 291 L 182 291 L 182 291 L 182 290 L 182 289 L 183 288 Q 184 286 186 285 Q 188 284 187 274 Q 186 265 183 262 Q 179 260 179 258 Q 179 257 178 257 Q 177 256 174 256 Q 172 256 170 254 Q 169 252 166 251 Q 163 250 160 251 L 157 252 L 154 252 L 152 252 L 152 248 Q 152 244 149 240 Q 147 236 145 236 Q 143 235 142 234 Q 142 232 140 229 Q 138 225 136 225 Q 135 225 135 224 Q 135 223 132 224 Q 128 226 128 225 Q 127 224 126 224 Q 125 224 124 225 Q 124 226 124 225 Q 123 224 122 224 Q 121 224 121 226 L 120 229 L 120 229 L 120 228 L 120 228 Q 120 228 119 226 L 118 225 L 118 225 L 118 226 L 116 226 L 114 226 L 114 225 L 114 224 L 115 224 L 116 224 L 116 223 L 116 222 L 115 222 L 115 222 L 115 221 Q 114 220 114 218 Q 114 217 116 216 Q 118 215 119 212 Q 120 208 122 208 Q 124 207 124 206 Q 125 204 129 204 Q 133 204 133 203 Q 134 202 134 202 Q 135 202 136 203 L 136 204 L 137 202 Q 138 201 139 200 Q 141 200 139 198 L 136 197 L 136 197 L 136 196 L 137 196 L 138 196 L 138 196 L 139 196 L 142 196 Q 145 196 145 195 Q 146 194 146 192 L 146 191 L 147 191 L 147 191 L 149 191 L 151 192 L 151 192 L 152 192 L 152 191 Q 152 190 153 192 Q 154 193 154 190 z 
M 139 224 Q 140 224 140 224 Q 140 224 140 224 Q 139 224 139 224 z 
'/>
<path style='opacity:1;fill:#9B4E11;fill-rule:evenodd;stroke:#9B4E11;stroke-width:1px;stroke-linecap:butt;stroke-linejoin:miter;stroke-opacity:1;' d='M 330 290 L 332 290 L 333 290 L 334 290 L 334 290 L 334 290 L 334 291 L 334 292 L 334 293 L 334 294 L 333 294 L 332 294 L 332 295 Q 332 296 330 296 L 328 296 L 326 297 Q 325 298 325 298 L 325 298 L 323 298 Q 321 298 320 297 L 318 297 L 317 296 Q 316 294 320 293 Q 324 292 324 291 L 325 291 L 326 291 L 328 290 L 330 290 z 
'/>
<path style='opacity:1;fill:#857228;fill-rule:evenodd;stroke:#857228;stroke-width:1px;stroke-linecap:butt;stroke-linejoin:miter;stroke-opacity:1;' d='M 813 15 L 813 15 L 813 62 L 813 110 L 812 110 Q 811 110 811 108 Q 810 107 809 109 L 808 110 L 808 111 L 808 111 L 807 111 L 807 110 L 807 110 L 806 110 L 806 110 Q 806 110 806 107 Q 805 105 802 104 Q 799 104 797 103 Q 796 102 794 98 Q 793 93 791 94 Q 789 94 789 93 Q 788 92 786 91 Q 784 90 785 89 Q 786 88 784 88 Q 783 88 784 86 Q 784 85 782 84 Q 779 84 778 82 Q 777 80 775 80 Q 773 82 773 79 Q 773 77 770 77 Q 768 76 768 76 Q 768 75 767 74 Q 766 74 766 72 Q 765 70 765 68 Q 764 66 762 67 Q 759 68 759 65 L 759 62 L 759 62 Q 758 61 759 59 Q 760 57 761 56 Q 763 54 763 53 Q 762 52 761 52 Q 760 51 760 49 Q 760 47 760 48 Q 759 48 758 47 Q 758 46 759 46 Q 760 45 758 45 Q 758 45 757 42 Q 756 39 755 39 Q 754 38 755 36 Q 756 34 754 34 Q 752 34 752 33 L 752 32 L 752 32 L 752 32 L 753 31 L 754 30 L 757 28 Q 760 26 761 24 Q 762 22 766 20 Q 770 18 770 20 Q 770 21 772 20 Q 774 20 774 18 Q 774 16 778 15 Q 781 14 784 12 Q 787 12 787 11 L 787 11 L 790 11 Q 793 10 798 12 Q 802 14 807 13 Q 812 13 812 14 Q 812 15 813 15 z 
M 761 65 Q 761 64 761 64 Q 762 64 762 64 Q 762 65 761 65 z 
'/>
<path style='opacity:1;fill:#140806;fill-rule:evenodd;stroke:#140806;stroke-width:1px;stroke-linecap:butt;stroke-linejoin:miter;stroke-opacity:1;' d='M 714 643 L 714 642 L 716 642 L 718 642 L 719 644 Q 720 646 718 648 Q 716 649 717 652 Q 717 654 723 656 Q 729 659 729 662 L 729 664 L 730 668 Q 730 671 730 670 Q 730 670 728 674 Q 727 679 725 680 Q 723 680 724 686 Q 726 691 726 693 Q 726 695 727 694 Q 727 693 728 693 Q 729 693 729 696 Q 729 698 730 698 Q 731 698 731 699 Q 731 700 732 700 Q 733 700 733 702 Q 734 704 734 704 L 734 704 L 734 705 L 734 705 L 735 705 L 735 706 L 735 706 L 736 706 L 736 708 L 736 710 L 737 708 Q 737 705 738 705 Q 739 705 740 702 L 740 699 L 741 699 L 741 700 L 741 700 L 742 700 L 742 702 L 742 704 L 743 704 L 743 704 L 743 705 L 744 705 L 744 706 L 744 707 L 745 707 L 745 707 L 746 711 Q 746 715 748 718 Q 750 722 755 724 Q 760 726 760 726 L 761 726 L 761 726 L 762 726 L 762 728 Q 762 730 763 730 L 763 730 L 764 731 L 765 732 L 765 732 L 764 732 L 764 732 L 764 732 L 764 733 L 764 733 L 765 733 L 765 734 L 763 734 Q 761 734 761 735 Q 761 736 760 736 L 758 736 L 758 737 L 758 737 L 757 739 L 757 741 L 757 744 Q 758 747 758 750 L 758 752 L 757 752 Q 756 752 752 752 Q 748 752 748 754 Q 749 756 747 756 Q 745 756 744 756 Q 744 755 743 757 Q 742 759 741 759 Q 740 759 739 765 Q 738 771 737 774 Q 736 777 735 776 Q 734 776 732 777 Q 731 778 730 778 Q 730 777 729 779 Q 729 781 726 783 Q 723 784 721 784 Q 720 783 716 782 Q 713 780 711 777 Q 709 774 708 770 Q 708 767 707 766 Q 706 766 704 760 Q 704 753 699 740 Q 694 727 693 727 Q 692 727 692 720 L 692 714 L 692 713 L 692 712 L 691 712 L 691 712 L 690 713 L 689 713 L 689 714 Q 689 716 688 716 L 686 716 L 686 717 L 686 718 L 685 718 L 684 718 L 684 717 L 684 717 L 684 716 L 684 715 L 684 712 Q 684 708 684 706 Q 684 704 683 703 Q 682 702 682 699 Q 682 696 683 697 Q 685 698 685 694 Q 685 689 684 688 Q 682 688 682 685 Q 682 682 682 678 Q 680 675 679 675 Q 677 674 676 672 L 674 669 L 674 666 Q 674 664 675 664 Q 676 664 676 662 Q 676 659 674 659 Q 673 659 673 656 Q 674 654 675 654 Q 676 655 676 652 L 676 649 L 680 650 Q 684 650 687 650 Q 690 648 693 650 Q 696 651 696 651 L 696 652 L 696 652 L 696 652 L 697 653 L 697 654 L 698 654 L 699 654 L 699 653 L 698 653 L 698 652 L 698 651 L 697 649 L 696 647 L 696 647 L 696 646 L 696 646 L 696 646 L 696 645 L 696 644 L 697 644 L 698 644 L 698 645 L 698 645 L 699 645 L 699 646 L 704 647 Q 710 649 710 648 Q 710 647 711 647 L 712 646 L 712 646 L 712 646 L 713 644 L 714 643 L 714 643 z 
'/>
<path style='opacity:1;fill:#421C0D;fill-rule:evenodd;stroke:#421C0D;stroke-width:1px;stroke-linecap:butt;stroke-linejoin:miter;stroke-opacity:1;' d='M 551 497 L 552 496 L 552 496 L 552 496 L 552 497 L 552 497 L 552 500 Q 552 502 553 503 Q 554 504 556 505 Q 557 506 557 514 Q 556 521 556 521 Q 554 521 553 530 Q 552 538 551 538 Q 550 538 548 544 Q 546 551 546 549 Q 546 547 545 547 L 545 548 L 544 548 L 543 548 L 543 549 L 542 550 L 542 551 L 542 552 L 541 552 L 541 552 L 541 551 L 540 551 L 540 551 L 540 551 L 540 550 L 540 548 L 539 548 L 539 548 L 539 547 L 538 547 L 538 547 L 538 548 L 538 548 L 538 548 L 537 546 L 537 545 L 537 544 L 538 544 L 538 542 Q 538 541 540 534 Q 541 528 542 528 Q 542 529 543 529 Q 544 529 546 516 L 547 503 L 547 502 L 547 501 L 548 501 Q 549 501 549 500 L 549 498 L 550 498 L 551 498 L 551 497 z 
'/>
<path style='opacity:1;fill:#562615;fill-rule:evenodd;stroke:#562615;stroke-width:1px;stroke-linecap:butt;stroke-linejoin:miter;stroke-opacity:1;' d='M 250 1088 L 255 1086 L 255 1087 L 254 1088 L 254 1088 L 254 1088 L 254 1089 L 254 1089 L 253 1089 L 253 1090 L 253 1090 L 252 1090 L 252 1090 L 252 1090 L 252 1091 L 252 1091 L 251 1091 L 251 1092 L 255 1092 Q 259 1092 258 1094 Q 256 1097 256 1097 L 256 1098 L 256 1098 L 257 1098 L 256 1100 Q 254 1102 253 1103 Q 252 1103 249 1108 Q 246 1112 245 1114 Q 244 1117 242 1122 Q 240 1126 239 1127 Q 238 1127 236 1132 Q 234 1138 234 1143 Q 234 1148 233 1149 L 232 1150 L 232 1150 L 232 1150 L 230 1151 L 229 1152 L 226 1152 L 223 1152 L 222 1151 L 221 1150 L 220 1150 Q 219 1150 218 1147 Q 218 1144 216 1143 Q 216 1142 214 1142 Q 214 1142 213 1136 L 213 1129 L 213 1127 Q 212 1125 212 1124 Q 212 1122 212 1120 L 211 1118 L 211 1118 L 210 1118 L 210 1118 L 210 1118 L 208 1117 L 207 1117 L 207 1116 L 208 1116 L 208 1116 L 208 1116 L 208 1116 L 208 1116 L 209 1116 L 210 1116 L 211 1116 L 212 1116 L 212 1117 Q 212 1118 214 1118 Q 216 1119 216 1116 Q 216 1114 217 1115 Q 218 1116 220 1115 Q 223 1114 224 1113 L 224 1112 L 224 1111 L 224 1111 L 225 1111 L 225 1110 L 226 1110 L 227 1110 L 227 1109 L 227 1108 L 228 1108 L 228 1108 L 229 1107 L 230 1106 L 230 1106 L 230 1106 L 231 1106 L 231 1106 L 231 1105 Q 232 1105 236 1102 Q 241 1098 241 1097 Q 242 1096 243 1096 Q 244 1095 244 1094 Q 244 1093 245 1093 Q 246 1093 246 1092 Q 246 1091 250 1088 z 
'/>
<path style='opacity:1;fill:#363314;fill-rule:evenodd;stroke:#363314;stroke-width:1px;stroke-linecap:butt;stroke-linejoin:miter;stroke-opacity:1;' d='M 694 400 L 694 400 L 694 400 L 694 400 L 695 400 L 695 400 L 699 400 Q 703 400 703 402 Q 702 403 703 404 Q 704 405 704 404 Q 704 403 706 403 Q 708 403 709 404 Q 710 404 711 405 Q 712 405 711 406 Q 710 406 712 407 Q 713 407 713 405 Q 714 403 714 403 L 714 402 L 714 402 L 714 402 L 715 404 Q 715 406 717 406 Q 719 407 719 408 L 719 410 L 719 410 L 719 410 L 720 410 Q 721 410 722 410 L 723 410 L 723 412 L 722 414 L 722 414 L 722 414 L 722 415 L 723 415 L 723 416 L 724 417 L 724 417 L 724 418 L 722 418 Q 721 418 720 421 L 718 424 L 718 424 Q 717 424 714 425 Q 710 425 710 427 Q 710 429 709 429 Q 708 429 708 431 Q 708 433 705 434 Q 703 434 701 434 Q 699 434 698 436 Q 697 437 696 437 L 694 438 L 694 438 L 694 438 L 694 440 Q 694 443 694 444 L 694 446 L 694 446 Q 693 446 692 447 L 691 448 L 689 448 L 687 448 L 687 449 L 686 449 L 686 449 L 686 450 L 686 450 L 686 450 L 685 448 L 684 447 L 684 447 L 684 446 L 682 446 L 680 446 L 680 445 L 680 445 L 680 445 L 680 445 L 681 445 L 681 444 L 681 444 L 682 444 L 682 442 Q 682 441 683 435 Q 683 429 684 429 Q 685 428 685 427 Q 684 426 684 426 Q 683 425 683 424 Q 682 422 682 422 Q 682 423 681 421 Q 680 419 679 418 Q 678 417 678 416 L 677 414 L 678 412 Q 678 411 680 410 Q 682 408 681 407 Q 681 406 682 406 Q 683 406 683 405 Q 683 404 688 403 Q 692 402 693 402 L 694 402 L 694 401 Q 694 401 694 400 z 
'/>
<path style='opacity:1;fill:#605322;fill-rule:evenodd;stroke:#605322;stroke-width:1px;stroke-linecap:butt;stroke-linejoin:miter;stroke-opacity:1;' d='M 1 228 L 2 228 L 3 228 Q 5 229 6 232 Q 6 236 7 237 L 8 238 L 8 238 Q 8 238 8 237 Q 8 237 12 237 Q 15 236 16 234 Q 18 232 20 232 L 21 233 L 21 235 L 22 237 L 22 237 L 22 238 L 22 238 L 22 238 L 23 239 L 23 240 L 27 240 Q 31 241 32 239 Q 34 238 36 238 Q 39 239 40 242 Q 40 245 42 247 Q 43 248 44 249 L 45 250 L 46 250 L 46 250 L 46 250 L 46 250 L 48 251 Q 49 251 49 252 Q 48 253 48 253 L 48 253 L 48 253 L 48 253 L 48 256 Q 50 259 49 260 Q 49 262 46 263 Q 42 264 42 271 Q 41 278 40 278 Q 38 278 38 278 L 38 278 L 38 278 Q 38 278 37 280 L 36 283 L 36 283 L 36 284 L 36 284 L 36 284 L 35 281 Q 34 278 34 278 Q 34 278 30 277 Q 26 276 26 273 L 26 270 L 25 270 L 24 270 L 24 271 L 24 271 L 23 272 Q 22 273 22 272 L 22 270 L 21 272 Q 20 273 20 275 L 20 277 L 19 277 L 19 278 L 19 278 L 18 278 L 18 276 L 18 274 L 17 274 Q 16 274 16 273 L 16 273 L 15 273 L 15 274 L 14 274 L 14 274 L 14 273 Q 14 272 14 270 Q 14 268 11 268 Q 7 268 7 264 Q 6 259 3 257 L 0 255 L 0 242 L 0 229 L 0 229 Q 1 228 1 228 z 
'/>
<path style='opacity:1;fill:#3C2412;fill-rule:evenodd;stroke:#3C2412;stroke-width:1px;stroke-linecap:butt;stroke-linejoin:miter;stroke-opacity:1;' d='M 240 658 L 240 657 L 241 657 L 242 657 L 241 658 Q 240 660 240 662 L 240 663 L 242 663 L 243 662 L 243 662 L 244 662 L 244 660 L 244 659 L 245 659 Q 246 658 248 659 L 249 659 L 247 664 Q 245 670 245 670 L 244 670 L 244 672 L 244 673 L 243 674 L 243 675 L 244 675 L 245 674 L 245 674 L 246 674 L 246 673 L 246 672 L 248 672 Q 248 672 250 672 Q 252 673 252 672 Q 253 670 254 670 Q 255 670 257 671 L 259 672 L 259 672 L 260 672 L 260 674 Q 260 675 260 678 L 260 680 L 260 680 L 260 680 L 260 681 L 260 682 L 262 682 L 264 682 L 263 685 Q 262 688 261 688 Q 260 688 258 694 Q 256 700 255 700 Q 254 700 254 699 Q 254 698 253 698 Q 252 698 251 699 Q 250 700 249 701 Q 248 701 248 704 Q 246 706 246 710 L 246 715 L 245 712 Q 244 709 243 708 L 241 708 L 241 707 L 240 706 L 240 707 L 240 708 L 239 708 L 239 708 L 239 709 L 238 709 L 236 718 Q 234 726 233 728 L 233 729 L 232 729 L 230 730 L 230 730 L 230 730 L 229 730 L 229 730 L 229 731 L 228 731 L 228 732 L 228 733 L 227 733 L 227 732 L 227 732 L 227 732 L 227 730 Q 226 727 226 726 L 226 724 L 225 724 L 225 724 L 225 723 L 226 723 L 226 723 L 226 722 L 226 722 L 226 722 L 225 722 L 225 722 L 225 721 L 224 721 L 224 722 L 224 723 L 223 723 L 223 724 L 222 724 Q 222 725 221 727 L 221 729 L 220 729 L 219 729 L 219 726 L 220 722 L 220 714 Q 220 707 222 702 Q 224 698 224 692 Q 224 686 224 684 Q 226 681 226 675 Q 227 670 229 670 Q 231 672 234 666 L 238 661 L 238 661 L 238 660 L 238 660 L 238 660 L 239 660 L 239 660 L 239 659 L 240 659 L 240 658 z 
M 260 685 Q 260 685 261 685 Q 261 686 260 686 Q 260 686 260 685 z 
'/>
<path style='opacity:1;fill:#676226;fill-rule:evenodd;stroke:#676226;stroke-width:1px;stroke-linecap:butt;stroke-linejoin:miter;stroke-opacity:1;' d='M 695 322 L 695 321 L 696 322 Q 698 322 697 324 Q 696 326 696 327 Q 696 328 695 328 Q 694 328 694 330 Q 694 332 695 332 Q 696 332 696 333 Q 696 334 697 334 Q 698 333 699 335 Q 700 337 702 337 Q 704 337 714 338 Q 723 340 724 339 Q 726 338 726 339 L 726 339 L 726 340 Q 726 340 726 342 L 726 343 L 727 344 Q 728 344 727 348 Q 726 351 727 352 Q 728 352 729 352 L 729 353 L 729 353 Q 729 354 728 354 L 726 354 L 726 356 Q 726 358 720 360 L 714 361 L 714 360 Q 714 360 713 360 L 713 360 L 713 360 L 712 359 L 712 359 L 712 360 L 710 360 Q 709 360 708 360 Q 707 360 706 359 Q 704 357 704 358 Q 704 360 703 360 Q 702 360 701 358 Q 700 356 695 356 Q 689 356 687 359 L 686 362 L 685 362 L 685 362 L 685 363 L 684 363 L 684 363 L 684 362 L 682 362 L 681 362 L 681 360 L 682 359 L 682 353 Q 682 347 679 347 Q 677 346 676 346 Q 675 344 670 342 Q 665 340 661 339 Q 657 338 656 336 L 655 335 L 655 334 L 654 334 L 654 334 L 654 334 L 649 333 L 644 332 L 645 332 L 646 332 L 646 331 L 646 331 L 645 331 L 645 330 L 645 330 L 644 330 L 644 329 L 644 328 L 645 328 L 645 328 L 644 327 L 643 326 L 643 326 L 642 326 L 642 326 L 642 326 L 642 325 L 642 325 L 644 325 L 645 324 L 646 324 Q 648 324 651 325 L 654 325 L 666 325 Q 679 326 686 326 L 692 326 L 693 325 L 694 324 L 694 324 L 694 324 L 695 322 z 
'/>
<path style='opacity:1;fill:#231A09;fill-rule:evenodd;stroke:#231A09;stroke-width:1px;stroke-linecap:butt;stroke-linejoin:miter;stroke-opacity:1;' d='M 684 494 L 687 494 L 687 494 L 687 494 L 687 495 L 688 495 L 688 495 L 688 496 L 689 496 L 690 496 L 692 499 Q 694 502 695 505 Q 695 508 696 509 Q 698 510 697 512 Q 696 514 692 514 Q 689 516 689 516 L 688 516 L 688 516 L 688 516 L 688 517 L 688 517 L 687 518 L 687 519 L 686 519 L 685 520 L 685 520 L 685 520 L 685 520 Q 684 520 684 519 Q 684 518 682 518 Q 681 518 680 518 Q 679 518 664 517 L 648 516 L 648 515 L 648 514 L 647 514 L 647 514 L 646 514 L 645 514 L 645 514 L 644 514 L 644 514 L 644 514 L 644 513 L 644 512 L 644 512 L 644 511 L 644 510 L 644 508 L 645 508 L 645 508 L 645 507 L 646 507 L 646 507 L 646 506 L 646 506 L 646 506 L 647 505 L 648 504 L 648 504 L 648 504 L 649 503 L 650 503 L 650 502 L 650 501 L 651 501 L 651 501 L 651 502 L 652 504 L 652 504 L 652 504 L 652 505 L 652 505 L 653 506 L 653 507 L 655 507 L 657 506 L 658 506 L 659 506 L 659 505 L 660 505 L 660 502 Q 660 500 661 500 L 661 499 L 664 499 L 666 500 L 668 498 Q 671 498 673 498 Q 675 498 675 497 Q 675 496 678 495 Q 682 494 684 494 z 
'/>
<path style='opacity:1;fill:#A55D1E;fill-rule:evenodd;stroke:#A55D1E;stroke-width:1px;stroke-linecap:butt;stroke-linejoin:miter;stroke-opacity:1;' d='M 299 358 L 294 337 L 294 337 L 294 337 L 295 338 L 296 339 L 296 339 L 296 340 L 296 340 L 296 340 L 297 339 L 298 338 L 298 338 L 298 338 L 298 337 L 298 337 L 299 338 L 299 339 L 300 339 L 301 340 L 302 340 L 303 340 L 303 339 L 302 339 L 302 338 L 302 337 L 307 342 Q 312 346 313 347 Q 314 347 314 348 Q 314 349 318 352 Q 322 355 324 357 Q 324 359 325 360 L 326 361 L 326 362 Q 326 363 327 363 L 328 363 L 328 363 Q 328 364 328 364 L 329 364 L 329 364 Q 329 364 330 365 L 330 365 L 330 365 Q 330 366 330 366 L 331 366 L 333 368 Q 335 370 335 371 L 336 371 L 336 371 L 336 372 L 336 372 L 336 372 L 337 373 L 338 374 L 338 374 L 338 374 L 340 375 L 341 375 L 341 375 L 341 376 L 339 376 L 337 376 L 336 375 Q 334 374 334 374 L 333 374 L 331 375 L 329 376 L 329 376 L 330 376 L 330 378 L 330 379 L 331 379 L 331 380 L 336 380 L 341 380 L 341 381 L 341 381 L 340 381 L 338 382 L 336 382 Q 335 382 332 384 L 329 385 L 329 386 L 328 387 L 329 390 Q 330 392 333 397 Q 336 402 337 405 Q 338 408 338 410 L 338 411 L 339 411 L 339 412 L 339 412 L 340 412 L 340 412 L 340 412 L 340 413 L 340 413 L 341 414 L 341 414 L 341 414 L 340 414 L 340 415 L 340 416 L 339 416 L 338 416 L 338 415 L 338 415 L 337 415 L 337 416 L 336 416 L 336 416 L 335 415 L 334 414 L 334 414 L 334 414 L 333 414 L 333 414 L 333 413 L 332 413 L 332 413 Q 332 412 331 412 L 330 412 L 330 412 Q 330 411 326 408 Q 322 405 322 404 Q 322 403 316 398 Q 309 393 306 386 Q 304 378 299 358 z 
'/>
<path style='opacity:1;fill:#593817;fill-rule:evenodd;stroke:#593817;stroke-width:1px;stroke-linecap:butt;stroke-linejoin:miter;stroke-opacity:1;' d='M 614 696 L 616 696 L 618 696 Q 619 696 618 699 Q 616 702 613 702 Q 610 703 610 704 L 610 705 L 609 705 L 609 706 L 609 706 L 608 706 L 608 708 L 608 709 L 607 709 L 607 710 L 607 710 L 608 710 L 608 710 Q 608 710 610 711 L 611 711 L 611 711 Q 611 712 607 714 Q 603 716 602 715 Q 601 713 599 713 Q 597 713 597 714 Q 596 715 592 716 L 587 718 L 587 718 L 586 718 L 586 718 L 586 718 L 586 719 L 586 719 L 585 718 L 585 717 L 584 717 L 583 717 L 583 716 L 582 715 L 582 715 L 582 715 L 582 714 L 582 714 L 583 713 L 583 712 L 584 712 L 585 712 L 585 711 L 586 711 L 586 711 L 586 710 L 586 710 L 586 710 L 587 709 Q 587 708 588 708 Q 590 707 590 706 Q 590 705 596 703 Q 602 700 607 698 Q 612 696 614 696 z 
'/>
<path style='opacity:1;fill:#1F0D0A;fill-rule:evenodd;stroke:#1F0D0A;stroke-width:1px;stroke-linecap:butt;stroke-linejoin:miter;stroke-opacity:1;' d='M 552 390 L 552 393 L 554 393 Q 557 393 557 392 Q 557 390 559 390 Q 561 389 562 390 Q 562 392 564 392 Q 566 392 567 393 Q 568 393 569 398 Q 570 403 571 400 Q 572 398 572 401 L 572 404 L 573 404 L 573 404 L 573 403 L 574 403 L 574 405 L 574 407 L 575 407 L 575 407 L 576 414 Q 578 420 578 420 Q 580 420 581 428 Q 582 435 584 439 Q 586 443 586 446 Q 586 449 588 450 Q 590 450 589 451 Q 589 452 590 452 L 591 452 L 591 453 L 590 453 L 589 455 Q 587 458 586 458 Q 584 458 584 459 Q 584 460 585 460 Q 586 461 586 462 Q 586 463 586 464 L 586 465 L 585 465 L 585 466 L 585 466 L 584 466 L 584 466 L 584 466 L 584 467 L 584 467 L 584 468 L 584 469 L 584 470 L 584 471 L 585 471 L 585 470 L 585 470 L 586 470 L 586 470 L 586 470 L 587 470 L 588 470 L 590 470 Q 591 468 591 468 L 591 468 L 592 468 L 593 468 L 593 468 L 593 468 L 593 469 L 594 469 L 594 469 L 594 470 L 594 470 L 594 470 L 594 474 Q 594 478 594 481 Q 595 484 604 486 Q 613 488 620 488 Q 627 490 629 490 L 631 490 L 632 489 L 634 489 L 640 491 Q 646 493 646 494 Q 647 496 649 496 L 651 496 L 651 498 Q 650 499 651 500 L 651 501 L 651 501 L 650 501 L 650 502 L 650 503 L 649 503 L 648 504 L 648 504 L 648 504 L 647 505 L 646 506 L 646 506 L 646 506 L 646 507 L 646 507 L 645 507 L 645 508 L 645 508 L 644 508 L 644 510 L 644 511 L 644 512 L 644 512 L 644 513 L 644 514 L 644 514 Q 643 514 643 516 Q 643 518 641 518 Q 640 519 634 521 Q 629 522 624 523 L 620 524 L 620 525 L 620 526 L 621 526 L 621 526 L 621 527 L 622 527 L 622 527 L 622 528 L 625 528 Q 628 528 628 529 Q 628 530 627 530 Q 626 531 626 534 Q 627 536 628 536 Q 629 536 629 538 Q 630 541 630 542 L 630 543 L 633 543 Q 636 544 638 544 L 639 544 L 639 544 L 640 544 L 640 544 L 640 545 L 639 548 Q 638 551 640 552 Q 642 554 643 554 Q 644 554 646 558 Q 647 562 648 562 Q 649 562 649 563 L 649 563 L 649 564 L 649 565 L 649 566 Q 648 567 649 567 L 649 567 L 648 569 Q 647 570 647 571 L 648 571 L 648 572 L 648 574 L 649 574 L 649 575 L 649 576 L 648 576 L 648 576 L 648 576 L 648 575 L 648 575 L 647 575 L 647 574 L 647 574 L 646 574 L 646 573 Q 646 572 645 572 Q 645 572 640 573 Q 636 574 636 575 Q 636 576 634 576 L 633 575 L 633 573 Q 632 571 632 570 Q 632 569 630 569 Q 629 568 624 566 Q 619 564 618 561 Q 617 558 614 558 Q 612 558 610 558 Q 607 556 604 557 Q 602 558 602 556 Q 602 554 600 558 Q 600 561 597 560 Q 595 560 594 563 Q 593 566 590 566 Q 586 567 584 571 L 581 574 L 581 575 L 580 575 L 580 576 L 580 577 L 579 577 L 579 578 L 579 578 L 579 578 L 576 578 Q 574 578 571 579 Q 568 580 568 581 Q 568 582 556 586 L 544 590 L 544 590 L 543 590 L 542 590 L 540 590 L 540 574 Q 540 559 540 555 L 540 551 L 540 551 L 540 551 L 541 551 L 541 552 L 541 552 L 542 552 L 542 551 L 542 550 L 543 549 L 543 548 L 544 548 L 545 548 L 545 547 Q 546 547 546 549 Q 546 551 548 544 Q 550 538 551 538 Q 552 538 553 530 Q 554 521 556 521 Q 556 521 557 514 Q 557 506 556 505 Q 554 504 553 503 Q 552 502 552 500 L 552 497 L 552 497 L 552 496 L 552 496 L 552 496 L 551 497 L 551 498 L 550 498 L 549 498 L 549 500 Q 549 501 548 501 L 547 501 L 547 502 L 547 503 L 547 503 L 546 503 L 546 502 L 546 501 L 545 501 L 544 501 L 544 500 Q 544 498 543 498 Q 542 498 541 492 Q 540 487 539 488 L 537 489 L 537 489 L 536 489 L 536 486 Q 536 484 534 484 L 532 485 L 532 484 L 532 482 L 532 482 Q 532 481 532 477 Q 532 473 534 464 Q 534 456 532 454 Q 530 452 532 452 Q 534 452 534 447 Q 535 442 536 442 Q 537 442 537 440 Q 537 438 536 438 Q 535 438 535 432 Q 536 425 536 422 Q 536 419 534 420 Q 532 420 532 416 Q 532 413 531 412 L 530 412 L 529 411 Q 528 410 528 410 Q 528 410 527 412 Q 526 414 524 414 L 523 414 L 523 412 L 524 411 L 524 411 L 524 412 L 524 412 L 524 412 L 525 410 L 526 409 L 526 409 L 526 408 L 526 408 L 526 408 L 526 408 L 526 407 L 526 406 Q 526 405 528 403 L 530 401 L 530 401 L 530 400 L 530 400 L 530 400 L 531 398 L 532 397 L 532 400 Q 533 402 534 403 L 536 403 L 536 401 Q 536 399 538 398 Q 540 398 540 391 Q 541 384 544 383 L 548 382 L 547 382 Q 546 382 547 381 L 548 380 L 548 380 L 548 380 L 547 380 L 547 380 L 547 379 L 546 379 L 546 379 Q 546 380 544 376 L 543 372 L 544 372 Q 544 372 546 373 Q 548 375 548 377 Q 549 378 550 379 Q 552 379 552 381 Q 551 384 552 384 Q 554 384 553 386 Q 552 388 552 390 z 
'/>
<path style='opacity:1;fill:#9B5A19;fill-rule:evenodd;stroke:#9B5A19;stroke-width:1px;stroke-linecap:butt;stroke-linejoin:miter;stroke-opacity:1;' d='M 208 1016 L 219 1012 L 220 1014 Q 221 1016 224 1017 Q 226 1018 226 1019 Q 226 1020 225 1020 Q 224 1020 224 1021 L 224 1021 L 224 1022 L 224 1023 L 224 1023 L 224 1024 L 224 1024 L 224 1024 L 225 1024 Q 226 1025 226 1026 L 226 1028 L 224 1027 Q 221 1026 216 1026 Q 212 1026 209 1028 Q 206 1029 205 1031 Q 204 1033 199 1035 Q 194 1036 192 1038 Q 190 1038 186 1039 L 182 1039 L 182 1038 L 182 1037 L 180 1037 L 179 1036 L 179 1036 L 179 1036 L 179 1036 L 180 1035 L 180 1034 L 180 1033 L 181 1032 L 182 1031 L 182 1031 L 182 1030 L 182 1030 L 182 1030 L 183 1030 L 183 1030 L 184 1029 Q 185 1028 192 1024 Q 198 1020 208 1016 z 
'/>
<path style='opacity:1;fill:#A75D19;fill-rule:evenodd;stroke:#A75D19;stroke-width:1px;stroke-linecap:butt;stroke-linejoin:miter;stroke-opacity:1;' d='M 263 910 L 263 909 L 264 909 Q 265 910 267 910 L 269 910 L 281 914 Q 293 918 306 923 Q 319 928 320 929 L 322 930 L 323 930 L 324 930 L 324 930 L 324 930 L 321 931 L 318 932 L 318 932 L 318 932 L 317 932 L 317 932 L 316 933 L 315 934 L 313 934 Q 311 934 304 930 Q 297 926 292 926 Q 286 926 278 920 L 269 914 L 269 914 Q 268 914 266 912 Q 263 911 263 910 z 
'/>
<path style='opacity:1;fill:#883E11;fill-rule:evenodd;stroke:#883E11;stroke-width:1px;stroke-linecap:butt;stroke-linejoin:miter;stroke-opacity:1;' d='M 500 566 L 501 566 L 501 566 L 501 566 L 501 567 L 500 567 L 500 568 L 500 568 L 500 570 L 500 571 L 501 572 L 501 574 L 502 574 Q 504 573 504 575 Q 505 576 506 577 Q 507 577 507 578 Q 507 579 508 579 Q 510 579 511 582 Q 512 586 511 588 Q 511 589 510 589 Q 508 589 508 590 Q 508 591 510 592 Q 512 592 511 594 Q 510 596 509 597 Q 508 598 508 600 L 508 603 L 507 603 L 507 604 L 507 604 L 508 604 L 508 604 L 508 604 L 508 605 L 508 605 L 509 605 L 509 606 L 510 606 L 512 606 L 512 607 L 512 607 L 513 607 L 513 608 L 514 608 L 515 608 L 516 609 Q 516 610 516 611 Q 515 612 515 612 L 514 612 L 514 612 L 514 612 L 514 613 L 514 613 L 514 614 L 514 615 L 514 617 L 514 619 L 514 619 Q 514 619 513 620 L 513 620 L 512 620 L 512 620 L 512 620 Q 512 620 509 620 Q 507 620 506 622 Q 506 623 500 626 L 495 629 L 495 629 Q 494 629 494 630 L 494 630 L 494 630 L 494 630 L 493 630 L 493 631 L 493 631 L 492 631 L 492 632 L 492 632 L 490 632 L 489 632 L 489 630 Q 490 627 490 626 Q 491 624 490 624 Q 489 624 488 622 Q 488 619 488 616 Q 488 614 486 613 Q 485 612 483 611 L 480 611 L 480 610 L 480 609 L 481 609 Q 482 609 482 607 Q 482 605 484 604 Q 485 604 486 598 Q 488 591 487 583 L 486 575 L 486 575 L 486 575 L 487 574 L 487 572 L 490 572 L 492 572 L 493 571 Q 494 571 494 570 Q 494 569 496 568 Q 498 568 498 567 Q 498 566 500 566 z 
'/>
<path style='opacity:1;fill:#85742E;fill-rule:evenodd;stroke:#85742E;stroke-width:1px;stroke-linecap:butt;stroke-linejoin:miter;stroke-opacity:1;' d='M 419 0 L 419 0 L 518 0 L 618 0 L 618 1 Q 618 2 616 2 Q 615 2 614 3 L 614 4 L 614 4 L 614 4 L 614 5 L 614 5 L 615 6 L 616 7 L 616 8 L 616 8 L 615 8 L 615 8 L 616 9 Q 617 10 617 10 L 617 10 L 615 10 Q 613 10 610 12 Q 608 12 611 13 L 614 14 L 612 14 L 610 14 L 610 15 Q 610 16 606 16 Q 603 15 603 16 Q 603 17 602 17 Q 600 17 600 22 Q 600 26 598 26 Q 596 25 596 26 Q 596 28 594 28 Q 592 28 592 29 Q 592 30 591 30 Q 590 30 590 29 Q 590 28 588 32 Q 586 35 585 35 Q 584 35 584 34 Q 584 33 582 33 Q 581 34 579 36 Q 576 39 571 40 Q 566 40 566 41 Q 566 42 562 42 Q 559 41 559 42 Q 558 43 555 43 Q 551 44 551 42 Q 552 41 551 41 Q 550 40 550 42 Q 549 43 547 44 Q 545 46 544 50 Q 544 54 542 56 Q 542 57 542 59 Q 542 61 541 61 Q 540 62 542 62 L 544 63 L 544 66 L 544 68 L 543 67 L 543 66 L 542 66 L 541 66 L 541 65 L 540 65 L 540 65 L 540 66 L 540 66 L 540 66 L 539 66 Q 539 66 538 66 Q 537 66 536 65 Q 535 64 534 64 Q 532 64 532 66 Q 532 68 530 68 L 527 68 L 527 69 L 526 69 L 526 69 L 526 70 L 526 70 L 526 70 L 525 71 L 524 72 L 524 72 L 524 72 L 524 73 L 524 73 L 524 74 Q 524 74 523 74 Q 522 74 520 76 Q 518 77 518 75 Q 518 73 516 74 Q 515 74 515 76 Q 514 77 512 78 Q 509 79 509 77 Q 508 75 506 77 Q 504 78 498 78 Q 492 77 493 78 Q 494 80 490 79 Q 486 78 486 80 Q 486 82 485 82 Q 484 82 484 80 Q 484 79 482 80 Q 480 80 480 78 Q 479 75 477 74 L 476 74 L 475 74 Q 475 74 474 76 Q 473 78 472 77 Q 472 76 470 76 Q 469 77 468 76 Q 468 74 467 76 Q 466 76 464 74 Q 463 72 462 72 Q 460 72 456 73 Q 452 74 452 73 Q 452 72 450 72 Q 449 72 449 71 Q 449 70 448 70 Q 447 70 447 72 Q 447 74 446 74 L 445 73 L 445 72 Q 444 72 444 72 L 444 72 L 443 72 Q 442 72 438 70 Q 435 69 435 70 Q 435 71 434 71 Q 433 70 432 69 Q 432 68 431 68 Q 430 68 429 66 Q 428 63 424 63 Q 421 62 420 62 Q 420 61 416 60 Q 413 60 412 60 Q 411 60 403 58 L 395 56 L 394 56 Q 394 56 394 57 L 394 57 L 394 57 Q 393 58 393 58 L 393 58 L 392 58 Q 392 58 392 59 L 392 59 L 392 59 Q 391 60 391 60 L 391 60 L 390 60 Q 390 60 388 60 Q 385 60 385 58 L 385 55 L 384 55 L 382 56 L 382 56 L 382 56 L 381 56 L 381 56 L 381 57 L 380 57 L 380 56 L 380 55 L 381 55 L 381 54 L 381 54 L 382 54 L 382 54 L 382 54 L 381 53 L 380 52 L 381 52 L 382 52 L 382 51 L 382 51 L 386 51 Q 389 51 390 50 Q 390 48 393 47 Q 396 45 397 39 Q 399 32 398 32 Q 396 31 397 28 Q 397 24 395 24 Q 394 24 392 19 Q 391 14 392 13 Q 394 12 394 9 Q 395 6 396 6 Q 398 6 398 5 Q 398 4 402 4 Q 406 3 406 2 Q 406 1 412 1 Q 419 0 419 0 z 
M 529 67 L 529 66 L 529 66 L 530 66 L 530 66 Q 530 67 529 67 z 
'/>
<path style='opacity:1;fill:#352C12;fill-rule:evenodd;stroke:#352C12;stroke-width:1px;stroke-linecap:butt;stroke-linejoin:miter;stroke-opacity:1;' d='M 677 414 L 677 414 L 678 416 Q 678 417 679 418 Q 680 419 681 421 Q 682 423 682 422 Q 682 422 683 424 Q 683 425 684 426 Q 684 426 685 427 Q 685 428 684 429 Q 683 429 683 435 Q 682 441 682 442 L 682 444 L 681 444 L 681 444 L 681 445 L 680 445 L 680 445 L 680 445 L 680 445 Q 679 446 680 447 Q 680 448 678 448 Q 677 448 677 447 Q 676 446 674 446 Q 671 446 668 448 Q 666 450 665 449 Q 664 448 661 449 L 658 450 L 657 451 L 656 451 L 656 450 L 656 450 L 656 450 L 656 449 L 655 448 Q 655 447 656 447 Q 657 447 657 444 L 657 442 L 654 442 L 651 442 L 651 441 L 650 441 L 650 440 L 650 438 L 649 438 L 649 438 L 649 437 Q 650 437 651 436 Q 653 436 652 431 Q 652 426 651 426 Q 650 426 650 427 Q 650 428 648 428 L 647 428 L 647 427 L 646 427 L 646 426 L 646 424 L 647 423 Q 648 422 648 421 L 648 420 L 649 419 L 650 418 L 650 418 Q 650 418 651 416 L 652 414 L 652 414 L 652 414 L 652 413 L 652 413 L 653 413 L 653 412 L 654 412 L 654 412 L 654 414 Q 655 416 655 416 L 656 416 L 658 416 Q 660 415 665 413 Q 670 411 671 412 Q 672 414 673 412 Q 674 410 675 411 Q 676 411 676 412 Q 676 414 677 414 z 
'/>
<path style='opacity:1;fill:#231D12;fill-rule:evenodd;stroke:#231D12;stroke-width:1px;stroke-linecap:butt;stroke-linejoin:miter;stroke-opacity:1;' d='M 59 447 L 59 446 L 60 446 L 61 446 L 62 449 Q 63 452 65 452 Q 67 452 68 454 Q 68 456 69 456 L 70 456 L 70 455 L 70 455 L 71 454 Q 72 453 73 452 Q 74 452 75 452 L 76 452 L 76 453 L 76 454 L 76 455 L 76 456 L 76 456 L 76 456 L 76 455 L 76 455 L 77 455 L 77 454 L 77 454 L 78 454 L 78 454 L 78 454 L 78 453 L 78 453 L 80 455 Q 80 457 81 458 L 82 459 L 82 459 L 82 460 L 82 460 L 82 460 L 83 460 L 83 461 L 83 464 L 82 466 L 82 467 L 82 468 L 81 468 L 81 468 L 76 469 Q 71 469 70 470 Q 70 472 68 471 Q 65 471 65 474 Q 65 477 64 477 L 63 478 L 62 478 L 60 478 L 60 477 L 60 477 L 59 477 L 59 476 L 58 476 Q 58 476 58 477 L 57 477 L 57 475 L 58 473 L 58 473 L 58 472 L 58 472 L 58 472 L 57 471 Q 57 470 53 470 L 48 470 L 48 469 Q 48 468 49 465 Q 50 462 49 458 L 49 453 L 49 453 L 50 453 L 50 453 L 50 454 L 50 454 L 51 454 L 52 454 L 54 454 L 54 454 L 54 454 L 55 453 Q 56 452 56 450 Q 56 449 58 448 L 59 448 L 59 447 z 
'/>
<path style='opacity:1;fill:#120807;fill-rule:evenodd;stroke:#120807;stroke-width:1px;stroke-linecap:butt;stroke-linejoin:miter;stroke-opacity:1;' d='M 573 662 L 573 657 L 574 657 L 575 658 L 576 660 Q 578 662 579 662 Q 580 662 578 679 Q 576 696 574 702 Q 572 708 572 714 Q 572 720 572 722 L 572 723 L 572 726 L 572 729 L 573 729 L 573 729 L 574 728 Q 576 726 576 728 Q 576 730 572 732 Q 568 734 567 736 Q 566 737 566 738 L 566 738 L 566 738 Q 566 738 565 738 L 565 739 L 564 739 Q 563 738 561 739 Q 559 740 559 742 Q 559 743 556 744 Q 554 744 553 746 Q 552 748 552 746 Q 552 744 551 744 Q 550 744 548 752 Q 547 759 546 759 Q 544 759 544 763 Q 544 768 542 768 Q 540 769 539 774 Q 538 778 537 778 L 537 779 L 536 779 L 534 778 L 534 778 L 534 778 L 533 778 L 533 778 L 533 777 L 532 777 L 532 777 L 532 778 L 532 778 L 532 778 L 531 778 L 531 778 L 531 779 L 530 779 L 530 779 L 530 780 L 530 780 L 530 780 L 529 781 L 528 782 L 527 785 Q 525 788 526 788 Q 527 788 526 796 Q 526 804 525 808 Q 524 812 525 816 Q 526 820 526 824 Q 526 827 525 828 L 524 829 L 524 829 L 524 830 L 524 830 L 524 830 L 523 830 L 523 830 L 523 831 L 522 831 L 522 831 L 522 832 L 522 832 L 522 832 L 521 832 L 521 832 L 522 833 L 523 834 L 524 834 L 525 834 L 525 833 L 526 833 L 526 833 L 526 832 L 526 832 L 526 832 L 527 830 Q 528 829 528 829 L 528 829 L 528 830 L 528 831 L 529 831 L 529 830 L 529 830 L 530 830 L 530 830 L 530 830 L 530 831 L 530 831 L 531 831 L 531 832 L 532 834 Q 532 836 533 836 Q 534 837 534 842 Q 534 847 533 847 L 533 848 L 533 848 L 534 848 L 534 848 L 534 848 L 534 849 L 534 849 L 533 849 L 533 850 L 533 850 L 534 850 L 534 850 L 534 850 L 534 851 L 534 851 L 534 853 L 534 855 L 534 855 L 534 856 L 534 856 L 533 856 L 533 855 L 532 855 L 532 853 L 532 851 L 531 848 Q 530 846 529 846 Q 528 845 528 844 Q 528 843 527 844 Q 526 845 526 842 L 526 840 L 525 843 Q 524 846 525 848 Q 525 850 521 852 Q 518 854 517 855 Q 516 856 516 858 Q 515 860 514 862 Q 514 863 512 864 Q 511 865 510 868 Q 510 870 508 871 Q 507 871 506 874 Q 504 877 505 881 Q 505 886 508 886 Q 510 886 511 900 Q 511 914 508 915 Q 506 916 506 918 Q 506 921 506 923 Q 504 925 504 929 L 504 933 L 503 933 L 503 934 L 502 934 L 502 934 L 500 934 L 498 934 L 498 934 L 497 934 L 497 933 L 496 933 L 496 932 L 496 930 L 495 930 L 494 930 L 491 929 L 488 928 L 488 928 L 488 928 L 487 928 L 487 928 L 487 927 L 488 927 L 488 926 L 488 925 L 490 925 Q 493 924 494 924 L 496 924 L 496 922 L 496 921 L 497 920 L 497 919 L 496 919 L 495 920 L 495 920 L 494 920 L 494 919 L 494 918 L 493 918 L 493 918 L 493 919 L 492 919 L 492 919 L 492 920 L 490 920 Q 488 920 488 918 Q 488 917 481 916 Q 475 916 473 920 Q 472 925 470 926 Q 469 926 469 927 Q 468 928 468 926 Q 467 924 460 924 L 453 925 L 453 930 Q 453 934 455 934 Q 457 934 460 935 L 462 935 L 462 937 L 462 939 L 460 940 Q 457 940 457 950 Q 457 959 453 959 L 449 960 L 449 960 L 448 960 L 448 962 L 448 964 L 452 964 L 457 964 L 457 966 L 456 968 L 456 968 L 456 968 L 452 969 L 448 969 L 448 971 L 448 973 L 449 973 L 449 974 L 450 974 Q 452 974 452 976 Q 453 979 455 979 Q 457 979 458 981 Q 458 983 459 983 L 459 984 L 459 984 L 460 984 L 460 984 L 460 984 L 462 985 L 464 986 L 464 986 L 465 986 L 465 986 L 465 986 L 464 987 L 463 987 L 461 987 L 459 988 L 458 988 Q 456 988 450 990 L 445 991 L 444 991 Q 442 990 436 990 L 430 989 L 430 988 L 430 988 L 429 988 L 429 988 L 429 987 L 428 987 L 428 987 L 428 986 L 428 986 L 428 986 L 427 986 L 427 986 L 427 985 L 428 985 L 428 984 Q 428 983 430 982 Q 431 982 431 980 L 432 978 L 432 978 L 432 978 L 432 977 L 432 977 L 431 976 L 431 975 L 430 975 Q 429 974 424 974 Q 418 974 411 971 L 404 968 L 404 968 Q 404 967 403 967 L 403 967 L 402 967 Q 402 966 400 966 Q 399 964 388 960 L 377 956 L 377 956 L 377 956 L 376 955 Q 375 954 372 953 Q 370 952 363 946 Q 356 942 348 938 L 339 935 L 339 934 Q 338 934 338 934 L 338 934 L 336 934 Q 335 934 330 932 L 324 930 L 323 930 L 322 930 L 320 929 Q 319 928 306 923 Q 293 918 281 914 L 269 910 L 269 910 Q 270 909 271 908 Q 272 908 272 899 Q 271 890 270 890 Q 268 890 268 885 L 268 880 L 268 880 L 268 880 L 269 877 L 269 874 L 270 874 L 271 874 L 271 872 Q 272 871 272 872 Q 272 873 273 858 L 273 842 L 274 842 Q 276 843 276 844 Q 276 845 278 845 Q 280 845 280 842 Q 280 840 282 840 Q 284 840 285 840 Q 285 840 288 840 L 291 840 L 291 840 L 292 840 L 292 840 L 292 840 L 292 839 L 292 839 L 293 839 L 293 838 L 294 838 L 295 838 L 295 842 Q 294 846 294 848 L 294 850 L 295 850 L 295 851 L 295 854 Q 296 857 296 858 L 296 859 L 298 860 Q 301 862 302 861 Q 303 861 303 862 Q 302 863 302 865 L 302 867 L 303 867 L 303 868 L 304 868 L 305 868 L 305 868 L 306 868 L 306 868 L 306 868 L 306 869 L 306 869 L 307 869 L 307 870 L 310 870 Q 313 870 312 872 Q 312 873 312 874 Q 313 874 313 875 Q 313 876 318 875 Q 324 874 324 872 Q 325 869 326 869 Q 327 870 328 871 Q 328 872 330 872 Q 333 871 333 870 Q 334 868 336 864 Q 339 861 340 861 Q 341 861 341 862 Q 341 863 344 863 Q 347 862 348 859 Q 348 856 351 856 Q 353 855 354 851 Q 354 847 356 846 Q 358 844 361 840 Q 364 836 364 835 Q 364 834 369 827 L 375 820 L 376 820 Q 376 820 380 816 Q 385 812 388 808 Q 392 804 393 804 Q 394 804 394 803 Q 394 802 396 801 Q 398 800 399 799 Q 400 797 402 794 Q 406 790 405 789 Q 404 788 406 786 Q 408 784 411 784 Q 413 784 415 779 Q 418 774 417 773 Q 416 772 416 772 Q 417 772 418 771 Q 420 770 423 766 Q 426 761 424 761 Q 422 761 422 756 Q 422 752 416 752 Q 410 752 409 748 L 408 745 L 408 745 L 408 746 L 408 746 L 407 746 L 407 745 L 406 745 L 406 745 L 406 745 L 406 744 L 406 744 L 407 744 L 407 744 L 408 743 Q 409 743 409 742 Q 410 741 414 738 Q 419 734 422 732 L 425 729 L 427 730 Q 429 730 430 731 L 431 732 L 432 732 L 433 732 L 433 731 Q 434 731 434 731 Q 434 730 435 727 Q 436 724 441 719 Q 446 714 445 712 L 444 709 L 445 709 L 445 708 L 445 708 L 446 708 L 446 708 L 446 708 L 446 707 L 446 707 L 447 707 L 447 706 L 449 706 L 451 706 L 452 709 Q 453 712 456 713 Q 459 713 459 712 Q 460 710 461 712 Q 463 714 465 716 Q 467 716 468 717 L 469 717 L 469 716 Q 470 714 472 713 Q 474 712 474 710 L 474 708 L 474 708 L 474 708 L 475 708 L 475 708 L 478 709 L 481 709 L 482 712 Q 483 714 485 715 Q 488 715 488 716 Q 490 718 490 720 L 490 723 L 491 723 L 491 722 L 491 722 L 492 722 L 492 720 Q 492 719 495 716 Q 498 714 500 714 Q 503 715 504 714 L 504 712 L 504 712 L 504 712 L 505 712 L 505 712 L 505 711 L 506 711 L 506 710 L 506 709 L 507 709 L 507 708 L 508 708 L 509 708 L 509 709 L 510 710 L 510 714 Q 510 718 510 719 L 510 720 L 510 720 L 510 720 L 510 719 L 510 719 L 511 719 L 511 718 L 511 718 L 512 718 L 512 718 L 512 718 L 512 718 Q 513 718 513 718 L 514 718 L 514 719 L 514 720 L 515 719 L 516 718 L 516 718 Q 516 718 517 715 Q 518 713 518 714 Q 519 714 520 715 Q 521 716 522 713 Q 523 710 524 710 Q 525 710 525 709 L 525 708 L 526 708 Q 526 708 526 707 L 526 707 L 526 706 L 526 706 L 527 704 Q 528 703 528 702 Q 530 700 531 694 L 533 688 L 533 688 L 534 688 L 534 689 L 534 690 L 535 690 L 536 690 L 536 689 L 536 688 L 537 688 L 537 688 L 537 687 L 538 687 L 538 687 L 538 686 L 539 686 L 540 686 L 540 688 Q 540 691 542 690 Q 545 689 545 691 Q 544 693 546 696 Q 546 699 547 700 L 548 702 L 548 702 L 548 702 L 548 703 L 548 703 L 549 703 L 549 704 L 549 704 L 548 704 L 548 705 L 548 706 L 549 706 L 549 706 L 549 705 L 550 705 L 550 705 L 550 704 L 550 704 L 550 704 L 551 704 L 551 704 L 551 703 L 552 703 L 552 702 L 552 701 L 553 701 L 553 700 L 553 700 L 554 700 L 554 699 Q 554 698 555 697 Q 556 696 564 681 Q 572 666 573 662 z 
M 568 721 L 567 721 L 567 720 Q 567 718 568 718 Q 569 718 570 719 Q 570 720 568 721 z 
M 426 758 Q 426 758 427 758 Q 427 758 426 758 Q 426 758 426 758 z 
M 530 839 L 530 837 L 531 837 L 532 837 L 532 839 L 532 841 L 531 842 Q 531 843 530 843 L 529 843 L 529 842 L 530 841 L 530 839 z 
M 326 871 Q 326 871 327 871 Q 327 872 326 872 Q 326 872 326 871 z 
'/>
<path style='opacity:1;fill:#3D3822;fill-rule:evenodd;stroke:#3D3822;stroke-width:1px;stroke-linecap:butt;stroke-linejoin:miter;stroke-opacity:1;' d='M 85 460 L 86 459 L 86 460 L 86 461 L 88 461 L 90 462 L 90 462 L 90 462 L 92 467 Q 93 472 98 473 Q 103 474 104 477 Q 104 480 105 481 L 106 481 L 106 480 Q 106 479 107 479 Q 107 478 108 479 L 108 480 L 108 480 L 108 480 L 108 483 Q 108 486 109 487 Q 110 487 110 488 Q 110 489 109 489 Q 108 490 108 490 L 107 490 L 103 489 Q 99 488 97 489 Q 95 489 94 491 Q 94 493 93 492 Q 92 492 91 493 Q 90 494 88 495 Q 85 495 85 494 Q 85 492 84 492 Q 83 492 83 494 Q 83 495 81 496 Q 78 497 78 498 Q 78 499 76 499 Q 73 499 73 500 Q 73 502 72 502 Q 70 503 70 506 Q 70 510 69 510 L 68 510 L 68 511 L 68 512 L 69 512 L 69 512 L 70 513 L 71 514 L 70 514 L 69 514 L 68 514 L 67 514 L 67 513 L 66 513 L 66 514 L 66 515 L 67 515 L 67 516 L 66 516 L 65 516 L 65 515 L 64 515 L 64 515 L 64 514 L 63 514 L 62 514 L 62 513 L 62 513 L 61 513 L 61 512 L 60 512 L 59 512 L 59 512 L 58 511 L 58 510 Q 58 508 60 508 L 61 508 L 61 506 Q 60 504 59 504 Q 58 504 58 502 Q 58 499 58 496 Q 56 493 56 493 Q 54 493 50 492 L 44 491 L 44 490 L 44 488 L 43 488 L 43 488 L 43 487 L 42 487 L 42 486 L 42 485 L 43 485 L 43 484 L 43 484 L 44 484 L 44 483 L 44 482 L 44 482 L 45 482 L 45 481 L 46 481 L 46 480 L 46 479 L 47 479 L 47 478 L 50 480 Q 53 480 53 480 L 54 480 L 54 480 L 54 480 L 56 479 L 57 479 L 57 478 L 57 477 L 58 477 Q 58 476 58 476 L 59 476 L 59 477 L 60 477 L 60 477 L 60 478 L 62 478 L 63 478 L 64 477 Q 65 477 65 474 Q 65 471 68 471 Q 70 472 70 470 Q 71 469 76 469 L 81 468 L 81 468 L 82 468 L 82 467 L 82 466 L 83 464 L 83 461 L 84 461 L 84 460 L 84 460 Q 84 460 85 460 z 
M 46 489 Q 46 489 47 489 Q 47 490 46 490 Q 46 490 46 489 z 
'/>
<path style='opacity:1;fill:#794C15;fill-rule:evenodd;stroke:#794C15;stroke-width:1px;stroke-linecap:butt;stroke-linejoin:miter;stroke-opacity:1;' d='M 536 617 L 537 617 L 537 618 L 538 620 L 538 620 L 538 620 L 542 621 L 545 621 L 545 621 L 545 622 L 545 622 L 544 622 L 544 623 L 544 624 L 545 624 L 545 624 L 545 625 L 546 625 L 546 626 L 546 626 L 546 626 Q 546 626 538 629 Q 531 632 530 633 Q 530 634 524 636 Q 518 637 509 640 L 501 644 L 500 644 L 499 644 L 499 643 Q 500 642 499 642 L 499 641 L 499 640 Q 500 640 500 639 Q 500 638 498 638 L 496 637 L 496 637 L 496 636 L 495 636 L 494 636 L 493 635 L 492 634 L 492 634 L 492 634 L 491 634 L 491 634 L 491 633 L 492 633 L 492 633 L 492 632 L 492 632 L 492 632 L 492 632 L 493 632 L 493 631 L 493 631 L 494 631 L 494 630 L 494 630 L 494 630 L 494 630 Q 495 630 495 629 L 495 629 L 500 626 Q 506 623 506 622 Q 507 620 509 620 Q 512 620 512 620 L 512 620 L 512 620 L 512 620 L 512 620 Q 513 620 513 620 L 513 620 L 514 620 Q 514 620 514 619 L 514 619 L 515 620 Q 516 620 516 620 L 516 620 L 517 621 L 518 621 L 518 620 Q 518 619 526 618 Q 534 618 536 617 z 
'/>
<path style='opacity:1;fill:#240E0B;fill-rule:evenodd;stroke:#240E0B;stroke-width:1px;stroke-linecap:butt;stroke-linejoin:miter;stroke-opacity:1;' d='M 284 287 L 284 287 L 285 288 L 286 289 L 286 289 L 286 290 L 287 290 L 288 290 L 288 291 L 289 291 L 289 294 L 289 296 L 289 296 L 289 297 L 290 310 Q 292 323 292 328 Q 294 334 294 336 L 294 337 L 299 358 Q 304 378 306 386 Q 309 393 316 398 Q 322 403 322 404 Q 322 405 326 408 Q 330 411 330 412 L 330 412 L 332 414 Q 334 417 335 418 L 336 419 L 341 425 Q 346 430 350 433 Q 354 436 354 436 L 355 436 L 355 436 L 355 436 L 356 437 L 357 438 L 357 438 L 358 438 L 358 441 Q 359 444 360 444 Q 362 445 362 446 Q 362 447 362 448 L 362 450 L 362 454 L 362 458 L 363 458 L 363 458 L 363 460 Q 364 462 364 466 L 364 471 L 365 472 L 366 473 L 366 475 L 366 477 L 367 477 L 367 477 L 367 478 Q 368 480 368 484 L 368 487 L 368 488 Q 368 490 362 495 Q 355 500 347 505 Q 340 510 335 513 Q 331 516 331 516 L 330 516 L 330 516 L 330 516 L 330 517 L 330 517 L 329 517 L 329 518 L 329 518 L 328 518 L 328 518 L 328 518 L 327 519 L 326 520 L 326 520 L 326 520 L 320 524 Q 314 528 311 531 Q 308 534 307 534 L 307 535 L 307 535 Q 306 535 306 536 L 306 536 L 303 537 Q 300 538 300 539 Q 299 540 296 541 Q 294 541 294 542 Q 293 544 292 544 L 291 544 L 290 545 L 289 546 L 288 546 L 288 546 L 288 545 L 288 544 L 289 544 L 289 544 L 289 543 L 290 543 L 290 543 L 290 542 L 290 542 L 290 542 L 289 542 Q 289 542 288 540 Q 286 538 286 534 Q 286 529 286 528 L 287 526 L 285 526 Q 283 526 282 527 Q 280 528 280 526 Q 280 524 278 524 Q 275 524 274 522 Q 273 522 273 506 Q 273 490 272 490 Q 270 490 269 488 Q 268 487 266 478 L 264 468 L 264 466 Q 264 465 262 465 Q 261 464 262 461 Q 262 458 260 458 Q 257 457 257 456 Q 257 455 254 455 Q 252 455 251 452 L 250 450 L 250 449 Q 250 448 249 444 Q 249 440 248 440 Q 247 440 246 432 Q 244 425 246 426 Q 248 426 249 426 L 250 425 L 250 424 L 250 423 L 250 420 Q 250 418 247 418 Q 244 417 244 415 L 243 413 L 243 412 Q 242 412 242 409 L 242 406 L 242 406 L 241 406 L 241 405 L 241 405 L 240 405 L 240 404 L 240 404 L 240 404 L 240 404 L 240 404 L 241 404 Q 242 404 243 405 Q 244 406 244 406 L 244 406 L 244 407 L 244 407 L 245 404 Q 246 402 248 400 Q 251 398 251 397 Q 251 396 250 396 Q 249 396 252 394 Q 256 392 254 391 Q 253 390 253 389 Q 253 388 254 388 Q 255 388 256 386 Q 256 384 258 385 Q 259 386 262 384 Q 265 383 265 382 Q 265 380 266 380 Q 268 379 268 366 L 268 352 L 268 352 Q 268 352 270 352 Q 272 353 273 350 Q 274 347 274 344 Q 274 340 274 336 Q 276 333 278 331 Q 280 329 279 328 Q 278 326 277 326 Q 275 325 274 321 L 274 317 L 274 316 Q 274 315 274 312 Q 274 308 275 308 Q 276 307 276 304 L 276 300 L 276 300 Q 277 300 279 294 Q 280 289 282 290 Q 283 290 283 289 L 283 288 L 284 288 L 284 288 L 284 287 z 
M 253 452 Q 254 452 254 452 Q 254 452 254 452 Q 253 452 253 452 z 
'/>
<path style='opacity:1;fill:#413415;fill-rule:evenodd;stroke:#413415;stroke-width:1px;stroke-linecap:butt;stroke-linejoin:miter;stroke-opacity:1;' d='M 592 275 L 593 275 L 593 275 L 593 276 L 594 278 Q 594 280 594 282 Q 594 283 594 284 Q 593 286 592 286 Q 590 286 590 287 L 590 287 L 589 287 L 589 288 L 589 288 L 590 288 L 592 292 Q 596 296 596 300 Q 596 304 595 305 Q 594 305 594 307 Q 593 309 594 309 Q 595 309 595 310 Q 595 312 597 314 Q 600 315 600 316 Q 600 317 601 317 L 602 317 L 602 318 L 602 319 L 600 319 L 599 320 L 599 320 L 600 320 L 600 320 L 600 320 L 599 321 L 598 322 L 590 322 L 583 322 L 583 323 L 584 323 L 584 323 L 584 324 L 585 324 L 586 324 L 586 325 L 586 325 L 587 326 L 587 328 L 587 328 Q 586 328 586 330 L 586 331 L 584 331 L 583 330 L 582 330 Q 580 330 573 330 Q 566 329 566 331 L 565 333 L 564 333 L 563 332 L 563 332 L 564 332 L 564 330 Q 564 327 563 327 Q 562 327 561 325 L 560 323 L 560 322 Q 560 320 560 315 Q 560 310 561 296 L 561 281 L 561 281 L 562 281 L 562 283 L 562 285 L 563 285 L 564 284 L 564 284 L 564 284 L 565 284 L 565 284 L 566 283 Q 567 283 568 281 Q 570 280 573 280 Q 576 281 576 280 Q 577 278 579 278 Q 580 278 581 277 L 581 276 L 582 276 L 583 276 L 583 277 L 584 277 L 584 276 Q 585 276 588 276 Q 591 276 592 275 z 
'/>
<path style='opacity:1;fill:#4D1E0E;fill-rule:evenodd;stroke:#4D1E0E;stroke-width:1px;stroke-linecap:butt;stroke-linejoin:miter;stroke-opacity:1;' d='M 304 536 L 307 535 L 307 536 Q 306 537 306 542 L 306 547 L 306 549 L 306 551 L 306 551 L 306 551 L 306 552 L 306 552 L 304 554 Q 302 556 299 558 Q 297 560 294 562 Q 292 564 292 565 Q 292 566 290 567 Q 288 567 287 570 Q 286 572 285 571 Q 284 570 282 571 L 281 571 L 281 570 Q 280 570 280 570 L 280 571 L 278 571 L 276 572 L 276 572 L 276 572 L 275 572 L 275 572 L 274 572 L 273 572 L 273 572 L 272 572 L 272 572 L 272 572 L 272 571 L 272 571 L 271 571 L 271 572 L 270 572 L 270 572 L 270 571 L 270 570 L 271 570 L 271 570 L 272 569 L 273 569 L 273 568 L 274 567 L 274 566 Q 274 565 276 564 Q 278 562 280 559 Q 282 556 284 552 Q 286 548 287 548 Q 288 548 288 547 L 288 546 L 288 546 L 289 546 L 290 545 L 291 544 L 292 544 Q 293 544 294 542 Q 294 541 296 541 Q 299 540 300 539 Q 300 538 304 536 z 
'/>
<path style='opacity:1;fill:#362017;fill-rule:evenodd;stroke:#362017;stroke-width:1px;stroke-linecap:butt;stroke-linejoin:miter;stroke-opacity:1;' d='M 112 837 L 112 836 L 114 836 L 115 836 L 115 837 L 116 837 L 116 839 L 116 841 L 115 841 L 114 842 L 114 842 L 114 842 L 115 842 L 115 842 L 116 843 L 117 844 L 118 844 L 119 844 L 119 845 L 120 846 L 120 848 L 120 849 L 119 849 L 118 850 L 115 850 Q 112 850 111 851 L 110 852 L 107 852 L 104 852 L 104 850 Q 104 848 103 848 L 103 848 L 102 848 Q 101 848 100 846 L 100 844 L 100 844 Q 101 844 101 843 L 101 843 L 104 843 Q 107 842 108 841 Q 108 839 110 838 L 112 837 L 112 837 z 
'/>
<path style='opacity:1;fill:#7B6B1F;fill-rule:evenodd;stroke:#7B6B1F;stroke-width:1px;stroke-linecap:butt;stroke-linejoin:miter;stroke-opacity:1;' d='M 812 247 L 812 246 L 812 246 L 813 246 L 813 276 L 813 306 L 812 306 Q 812 306 811 310 Q 810 314 807 316 Q 805 318 804 318 Q 803 318 801 318 Q 799 318 798 320 Q 798 322 793 322 Q 789 322 790 321 L 790 319 L 791 319 L 791 318 L 789 318 L 787 318 L 787 319 L 786 319 L 786 320 Q 786 321 786 322 Q 786 324 780 324 L 773 324 L 773 324 L 772 323 L 772 323 L 772 322 L 772 322 L 772 322 L 771 322 L 771 322 L 771 321 L 771 321 L 772 321 Q 774 321 775 316 Q 776 310 775 310 Q 774 309 775 308 Q 776 306 777 296 Q 778 286 779 285 Q 780 284 782 272 L 784 261 L 790 261 Q 795 261 797 255 Q 799 250 802 250 Q 805 250 806 250 Q 808 250 810 249 Q 812 247 812 247 z 
'/>
<path style='opacity:1;fill:#743312;fill-rule:evenodd;stroke:#743312;stroke-width:1px;stroke-linecap:butt;stroke-linejoin:miter;stroke-opacity:1;' d='M 58 631 L 59 630 L 60 632 Q 60 634 62 634 L 63 634 L 64 633 L 65 633 L 66 633 L 67 634 L 67 634 L 66 634 L 66 634 L 66 634 L 68 635 L 70 636 L 70 636 L 70 636 L 71 636 L 71 636 L 71 637 L 72 637 L 72 637 L 72 638 L 72 638 L 72 638 L 72 639 Q 72 640 73 640 Q 74 640 74 641 L 75 641 L 75 642 L 74 644 L 74 644 L 74 645 L 68 649 Q 63 653 62 655 Q 60 657 61 662 Q 62 667 63 668 Q 64 670 62 670 Q 61 670 61 671 Q 61 672 60 672 Q 60 673 62 674 Q 64 676 64 678 Q 64 679 64 679 L 64 680 L 64 680 L 64 680 L 63 680 Q 63 680 64 681 L 66 682 L 66 682 L 66 682 L 66 685 Q 66 688 68 688 L 69 688 L 69 689 L 68 689 L 68 690 L 68 692 L 67 692 L 66 692 L 66 693 L 66 694 L 65 694 L 65 694 L 64 694 Q 63 694 58 693 Q 54 692 54 693 Q 54 694 52 694 Q 50 694 50 696 Q 49 698 48 696 Q 48 695 44 695 L 40 695 L 40 694 Q 40 694 39 694 L 39 695 L 39 695 L 39 696 L 39 696 L 38 696 L 38 696 L 38 696 L 38 696 Q 37 696 36 694 Q 34 691 32 692 Q 29 692 29 691 Q 28 690 26 689 Q 24 688 22 683 Q 21 679 18 678 Q 16 677 15 674 Q 15 671 16 670 Q 18 670 16 664 L 14 657 L 14 655 L 14 653 L 15 652 Q 16 650 16 649 Q 16 648 19 647 Q 22 646 28 645 Q 35 644 36 643 Q 38 642 41 640 Q 44 638 44 637 Q 45 635 46 635 Q 47 635 47 636 Q 47 637 49 637 Q 51 636 52 635 Q 54 633 55 632 Q 57 632 58 631 z 
'/>
<path style='opacity:1;fill:#997D32;fill-rule:evenodd;stroke:#997D32;stroke-width:1px;stroke-linecap:butt;stroke-linejoin:miter;stroke-opacity:1;' d='M 615 10 L 617 10 L 619 10 Q 621 10 620 11 Q 620 12 622 12 Q 625 12 625 13 Q 625 14 626 14 Q 627 14 629 18 Q 630 21 632 21 Q 632 21 633 21 L 633 22 L 633 22 L 634 22 L 634 22 Q 634 23 631 23 Q 629 24 628 25 L 628 26 L 629 27 Q 630 28 631 29 Q 632 30 633 34 Q 634 38 633 38 Q 632 38 632 41 Q 633 44 632 44 Q 631 44 630 43 L 629 43 L 630 45 Q 630 48 633 47 Q 636 47 636 52 Q 636 56 637 56 Q 638 56 638 60 Q 638 64 641 64 Q 644 66 644 66 Q 644 68 642 68 Q 641 68 641 69 Q 641 70 643 70 Q 644 71 644 74 Q 643 76 646 77 Q 648 78 648 79 Q 648 80 649 80 L 650 80 L 650 81 L 650 81 L 649 81 Q 648 81 648 82 Q 648 83 647 83 Q 646 82 645 86 Q 644 89 643 89 Q 642 89 640 94 Q 638 98 640 98 L 642 98 L 642 99 L 642 99 L 641 99 L 641 100 L 641 100 L 640 100 L 640 100 L 640 100 L 639 101 Q 638 101 638 100 Q 638 99 635 100 Q 633 100 633 101 Q 633 102 631 102 Q 629 102 628 103 Q 628 104 628 106 Q 628 108 627 108 Q 626 108 625 108 Q 624 109 621 110 Q 619 112 619 110 Q 620 109 618 110 Q 618 112 616 113 L 614 114 L 614 114 L 614 114 L 614 115 Q 614 116 616 116 Q 618 116 618 117 L 618 118 L 617 118 L 617 118 L 617 119 L 616 119 L 616 119 L 616 120 L 616 120 Q 616 120 615 122 Q 614 124 613 124 Q 612 124 608 129 Q 603 134 603 138 Q 602 142 599 143 L 595 144 L 594 145 L 593 146 L 594 146 Q 595 146 595 148 L 595 149 L 593 149 Q 591 149 591 148 Q 590 147 590 148 L 589 148 L 589 149 L 588 149 L 588 149 L 588 150 L 587 150 L 586 150 L 586 149 L 586 149 L 587 149 L 587 148 L 587 148 Q 588 148 588 147 Q 588 146 586 146 Q 585 147 586 145 Q 586 143 583 142 Q 580 140 580 139 Q 580 138 579 137 Q 578 136 576 137 Q 575 137 576 134 Q 577 132 576 132 Q 574 132 574 131 Q 573 130 572 130 Q 570 130 564 130 Q 559 130 559 127 Q 558 124 558 125 Q 558 126 557 125 Q 556 124 555 122 Q 554 120 553 118 Q 552 115 552 112 Q 552 109 548 108 Q 544 108 544 106 Q 545 104 542 104 Q 540 104 536 102 L 532 100 L 532 98 Q 532 97 532 96 Q 531 96 531 95 Q 531 94 532 94 Q 533 94 534 89 L 534 84 L 534 83 L 534 82 L 535 82 L 535 82 L 535 81 L 536 81 L 536 80 L 536 79 L 535 79 L 535 80 L 534 80 L 533 80 L 533 81 Q 533 82 532 82 Q 531 82 531 83 L 530 84 L 530 84 L 530 84 L 530 85 L 530 85 L 530 84 L 530 83 L 530 81 Q 530 79 531 78 Q 531 77 530 77 Q 529 77 529 76 L 530 75 L 530 75 L 530 74 L 530 74 L 530 74 L 530 74 L 530 73 L 530 73 L 530 72 L 529 72 Q 528 72 526 73 L 524 73 L 524 73 L 524 72 L 524 72 L 524 72 L 525 71 L 526 70 L 526 70 L 526 70 L 526 69 L 526 69 L 527 69 L 527 68 L 529 69 Q 531 69 531 68 Q 531 67 530 67 L 529 66 L 529 66 L 530 66 L 530 66 L 530 66 L 532 65 Q 535 64 536 65 Q 537 66 538 66 Q 539 66 539 66 L 540 66 L 540 66 L 540 66 L 540 65 L 540 65 L 541 65 L 541 66 L 542 66 L 543 66 L 543 67 L 544 68 L 544 66 L 544 63 L 543 63 Q 542 62 540 62 L 538 62 L 538 61 L 538 60 L 537 60 L 536 60 L 538 60 L 539 60 L 540 60 Q 542 61 542 59 Q 542 57 542 56 Q 544 54 544 50 Q 545 46 547 44 Q 549 43 550 42 Q 550 40 551 41 Q 552 41 551 42 Q 551 44 555 43 Q 558 43 559 42 Q 559 41 562 42 Q 566 42 566 41 Q 566 40 571 40 Q 576 39 579 36 Q 581 34 582 33 Q 584 33 584 34 Q 584 35 585 35 Q 586 35 588 32 Q 590 28 590 29 Q 590 30 591 30 Q 592 30 592 29 Q 592 28 593 28 Q 594 28 594 27 Q 594 26 597 26 Q 600 26 600 22 Q 600 17 602 17 Q 603 17 603 16 Q 603 15 606 16 Q 610 16 610 15 L 610 14 L 612 14 L 614 14 L 611 13 Q 608 12 610 12 Q 613 10 615 10 z 
M 534 75 L 535 76 L 535 76 L 534 76 L 534 76 Q 534 77 533 76 Q 533 75 534 75 z 
M 642 87 Q 642 86 642 86 Q 642 86 642 86 Q 642 87 642 87 z 
M 610 121 L 610 120 L 612 121 Q 613 122 612 122 Q 610 122 610 121 z 
'/>
<path style='opacity:1;fill:#974813;fill-rule:evenodd;stroke:#974813;stroke-width:1px;stroke-linecap:butt;stroke-linejoin:miter;stroke-opacity:1;' d='M 304 554 L 306 552 L 306 554 L 306 555 L 307 555 L 308 555 L 308 556 Q 307 558 306 558 Q 305 558 304 561 Q 303 564 302 564 Q 301 564 302 568 Q 302 571 301 571 Q 300 571 300 570 Q 300 568 299 572 Q 298 577 298 580 L 298 584 L 299 584 L 299 585 L 299 586 Q 299 587 298 587 Q 297 587 295 589 Q 293 592 289 592 Q 286 593 285 596 L 285 598 L 284 598 L 282 598 L 281 598 L 280 598 L 280 597 L 280 596 L 281 596 L 282 596 L 282 595 L 282 595 L 281 595 L 281 594 L 281 594 L 280 594 L 280 593 L 280 592 L 279 592 Q 278 592 279 586 Q 280 581 280 580 Q 281 580 280 576 L 280 571 L 280 571 Q 280 570 282 570 Q 284 570 285 571 Q 286 572 287 570 Q 288 567 290 567 Q 292 566 292 565 Q 292 564 294 562 Q 297 560 299 558 Q 302 556 304 554 z 
M 291 589 Q 292 589 292 589 Q 292 590 292 590 Q 291 590 291 589 z 
'/>
<path style='opacity:1;fill:#D98F2C;fill-rule:evenodd;stroke:#D98F2C;stroke-width:1px;stroke-linecap:butt;stroke-linejoin:miter;stroke-opacity:1;' d='M 396 663 L 398 663 L 398 663 L 398 664 L 398 664 L 398 664 L 397 664 L 397 664 L 398 665 Q 400 665 400 666 L 400 667 L 399 667 L 398 667 L 390 667 L 382 667 L 381 667 Q 380 666 378 666 L 377 666 L 377 666 L 376 665 L 376 665 L 376 664 L 375 664 Q 374 664 374 663 L 374 662 L 375 662 L 376 662 L 375 661 L 374 660 L 374 660 L 374 660 L 379 658 Q 384 657 384 658 Q 384 660 388 660 Q 391 659 391 660 Q 391 661 393 662 Q 395 662 396 663 z 
'/>
<path style='opacity:1;fill:#BB9E43;fill-rule:evenodd;stroke:#BB9E43;stroke-width:1px;stroke-linecap:butt;stroke-linejoin:miter;stroke-opacity:1;' d='M 142 141 L 142 141 L 142 142 Q 142 143 141 143 Q 140 143 140 145 Q 139 148 138 150 Q 136 152 136 156 Q 135 160 136 161 Q 138 162 136 162 Q 134 162 134 164 Q 134 165 133 166 Q 132 167 131 170 Q 131 172 131 173 Q 131 174 132 174 Q 134 174 134 178 Q 134 182 135 183 Q 136 183 136 185 L 136 187 L 137 187 L 137 188 L 138 188 L 138 188 L 138 187 L 138 187 L 139 187 L 139 186 L 138 185 Q 138 184 141 184 Q 144 185 144 185 Q 144 184 144 184 L 144 184 L 145 184 L 145 184 L 145 183 L 146 183 L 146 183 L 146 182 L 146 182 L 146 182 L 146 184 L 146 186 L 146 186 L 146 186 L 146 187 L 146 187 L 147 187 L 147 188 L 147 188 L 148 188 L 148 188 L 148 188 L 148 189 L 148 189 L 147 190 L 147 191 L 147 191 L 146 191 L 146 192 Q 146 194 147 195 L 147 196 L 145 196 Q 143 196 141 196 L 139 196 L 138 196 L 138 196 L 137 196 L 136 196 L 136 197 L 136 197 L 139 198 Q 141 200 139 200 Q 138 201 137 202 L 136 204 L 136 203 Q 135 202 134 202 Q 134 202 133 203 Q 133 204 129 204 Q 125 204 124 206 Q 124 207 122 208 Q 120 208 119 212 Q 118 215 116 216 Q 114 217 114 218 Q 114 220 115 221 L 115 222 L 115 222 Q 114 222 114 223 L 114 224 L 111 223 Q 108 222 108 224 Q 108 226 105 228 Q 102 229 101 231 Q 101 233 98 232 Q 94 232 94 236 Q 94 239 92 239 Q 90 239 89 240 L 89 242 L 88 242 Q 87 242 84 240 Q 80 240 79 238 Q 78 236 76 235 Q 74 234 74 231 Q 74 228 74 226 Q 75 225 74 225 Q 72 224 71 220 Q 70 215 69 215 Q 68 214 68 213 L 68 211 L 68 211 L 68 210 L 67 210 L 66 210 L 63 210 Q 60 210 57 212 Q 55 214 55 216 L 55 218 L 54 218 Q 53 218 50 218 Q 48 218 48 216 Q 48 215 47 216 Q 47 217 46 217 Q 45 216 44 215 Q 44 213 42 214 L 39 214 L 39 213 Q 40 212 39 208 Q 39 203 40 203 Q 42 203 42 202 Q 42 200 41 199 Q 40 198 39 196 Q 38 195 38 189 Q 38 183 35 183 Q 33 182 33 179 Q 33 176 30 175 Q 27 174 26 172 Q 26 170 26 168 Q 26 167 25 167 Q 24 167 25 165 L 26 163 L 27 163 Q 28 162 30 162 Q 32 160 32 156 Q 33 151 36 151 Q 38 151 38 149 Q 38 147 40 147 Q 41 146 44 141 L 46 136 L 46 135 Q 46 135 45 134 L 44 132 L 44 132 L 44 132 L 45 132 L 45 132 L 46 132 Q 47 132 47 130 Q 48 128 47 126 Q 47 125 48 125 Q 50 125 50 124 L 49 122 L 50 122 L 52 122 L 52 123 Q 52 124 54 123 Q 56 122 58 124 Q 59 126 60 126 Q 60 126 61 124 Q 62 122 62 124 Q 64 125 64 122 Q 66 120 68 120 Q 70 121 72 118 Q 74 116 75 114 L 76 113 L 77 115 Q 79 118 82 118 Q 84 118 88 114 Q 92 109 93 106 Q 94 104 94 105 Q 94 106 95 105 Q 95 104 97 103 Q 99 102 100 102 Q 102 102 103 100 Q 104 98 105 98 Q 106 97 108 92 Q 110 86 110 85 Q 110 84 110 83 L 110 83 L 111 83 Q 112 83 112 82 Q 112 81 114 81 Q 115 81 115 82 Q 115 83 116 84 Q 116 84 118 90 Q 118 95 120 99 Q 120 103 121 102 Q 121 101 123 101 Q 124 101 124 105 Q 124 109 125 108 Q 126 108 127 110 Q 127 112 128 112 Q 130 112 130 114 Q 130 116 133 117 Q 136 118 136 120 Q 136 121 137 122 Q 138 122 139 126 Q 140 130 139 130 Q 138 131 139 134 Q 140 138 142 138 Q 144 139 143 140 Q 142 140 142 141 z 
'/>
<path style='opacity:1;fill:#997B2E;fill-rule:evenodd;stroke:#997B2E;stroke-width:1px;stroke-linecap:butt;stroke-linejoin:miter;stroke-opacity:1;' d='M 63 210 L 66 210 L 67 210 L 68 210 L 68 211 L 68 211 L 68 213 Q 68 214 69 215 Q 70 215 71 220 Q 72 224 74 225 Q 75 225 74 226 Q 74 228 74 231 Q 74 234 76 235 Q 78 236 79 238 Q 80 240 84 240 Q 87 242 88 242 L 89 242 L 89 242 L 89 242 L 89 243 L 88 243 L 88 243 L 88 244 L 89 244 L 90 244 L 91 245 L 92 245 L 92 246 L 92 247 L 93 247 L 93 248 L 94 248 L 94 248 L 94 250 L 94 251 L 93 251 L 93 252 L 92 252 L 92 252 L 91 252 L 90 252 L 90 252 L 90 252 L 89 252 L 89 252 L 88 253 Q 86 253 86 252 Q 86 250 83 249 Q 80 248 78 248 Q 75 249 75 250 Q 75 251 73 252 Q 70 252 72 254 Q 72 256 71 257 Q 70 258 70 259 L 69 259 L 69 258 Q 68 258 68 258 Q 68 258 67 258 L 66 259 L 64 259 Q 63 260 62 260 Q 60 261 59 257 Q 58 253 56 253 Q 55 254 54 254 Q 54 255 52 254 Q 51 254 51 255 Q 51 256 50 256 L 49 256 L 49 255 L 48 255 L 48 254 L 48 253 L 48 253 L 48 253 L 47 252 L 46 251 L 46 251 L 46 250 L 46 250 L 46 250 L 46 250 L 47 250 L 48 250 L 49 250 L 49 250 L 50 250 L 50 248 L 50 247 L 49 246 Q 49 245 50 245 Q 52 245 52 242 Q 51 238 49 238 Q 47 239 48 234 Q 50 228 49 226 Q 49 224 50 224 Q 51 224 53 221 L 55 218 L 55 216 Q 55 214 57 212 Q 60 210 63 210 z 
'/>
<path style='opacity:1;fill:#4C2B12;fill-rule:evenodd;stroke:#4C2B12;stroke-width:1px;stroke-linecap:butt;stroke-linejoin:miter;stroke-opacity:1;' d='M 94 594 L 96 593 L 104 595 Q 111 596 115 600 Q 120 604 121 607 Q 122 610 123 612 L 123 615 L 122 618 Q 120 620 115 624 Q 110 628 111 629 Q 111 630 112 630 Q 112 631 112 632 Q 112 633 111 633 L 110 634 L 110 634 L 110 634 L 109 634 L 109 635 L 109 635 Q 108 635 107 635 Q 105 636 99 638 Q 93 640 93 638 Q 92 637 90 637 Q 88 636 88 635 Q 87 634 86 634 Q 84 634 84 635 Q 84 636 82 637 L 81 638 L 81 638 L 80 638 L 80 638 L 80 638 L 78 639 L 77 640 L 77 640 L 76 640 L 76 640 L 76 640 L 76 641 L 75 641 L 74 641 Q 74 640 73 640 Q 72 640 72 639 L 72 638 L 72 638 L 72 638 L 72 637 L 72 637 L 71 637 L 71 636 L 71 636 L 70 636 L 70 636 L 70 636 L 68 635 L 66 634 L 66 634 L 66 634 L 67 634 L 67 634 L 66 633 L 65 633 L 65 632 L 65 631 L 66 631 Q 68 631 68 630 Q 68 629 70 629 Q 72 629 73 626 Q 74 622 76 622 Q 78 622 79 619 Q 80 617 81 618 Q 83 618 85 614 Q 86 609 85 606 Q 84 604 86 604 Q 87 604 89 599 Q 90 594 92 594 Q 92 594 94 594 z 
M 81 632 Q 81 632 82 632 Q 84 632 83 632 Q 83 632 82 632 Q 82 632 82 632 Q 82 632 81 632 z 
'/>
<path style='opacity:1;fill:#362D15;fill-rule:evenodd;stroke:#362D15;stroke-width:1px;stroke-linecap:butt;stroke-linejoin:miter;stroke-opacity:1;' d='M 232 298 L 232 300 L 234 300 Q 235 300 236 301 L 236 301 L 236 301 Q 236 302 236 302 L 237 302 L 237 304 L 237 307 L 238 310 Q 238 312 239 313 Q 240 314 242 322 Q 244 330 244 330 L 244 330 L 246 331 Q 248 332 248 332 L 249 332 L 249 334 Q 248 336 248 336 Q 248 336 244 338 Q 240 338 239 341 Q 238 343 239 344 Q 239 346 238 346 Q 236 345 234 344 Q 232 344 232 345 Q 231 346 230 346 Q 228 346 228 345 Q 228 344 227 346 Q 226 347 224 347 Q 222 347 222 348 Q 222 349 220 349 Q 217 350 216 352 Q 216 354 215 354 Q 214 354 214 356 Q 215 358 208 358 L 201 357 L 201 357 Q 200 357 200 358 L 200 358 L 200 358 Q 200 358 199 358 Q 198 359 196 358 Q 194 358 190 356 L 186 356 L 186 355 L 186 355 L 185 355 L 185 356 L 184 356 L 183 356 L 182 355 L 181 354 L 181 354 L 181 354 L 182 354 L 183 354 L 183 353 L 184 353 L 184 352 L 184 351 L 183 351 L 183 350 L 184 350 Q 185 350 185 351 Q 186 351 188 350 Q 190 350 190 348 Q 191 345 192 345 Q 194 344 194 343 Q 193 342 192 342 Q 190 342 190 332 L 190 321 L 190 321 L 190 320 L 190 320 L 190 320 L 191 320 L 191 320 L 191 320 L 191 320 L 191 321 L 192 321 L 192 321 L 192 322 L 193 322 L 194 322 L 194 325 L 194 328 L 194 329 L 194 330 L 194 331 L 194 332 L 195 332 L 195 332 L 195 331 L 196 331 L 196 331 L 196 330 L 196 330 L 196 330 L 197 330 L 197 330 L 198 328 Q 200 326 204 325 Q 207 324 207 325 Q 207 326 210 325 Q 214 324 214 323 L 214 323 L 214 323 L 214 323 L 215 324 L 215 325 L 216 325 L 217 324 L 217 324 L 218 324 L 218 323 L 218 322 L 219 319 Q 219 316 220 316 Q 221 316 221 314 Q 220 313 221 311 Q 222 310 223 310 Q 224 310 225 309 Q 226 307 227 304 L 228 302 L 230 300 Q 232 297 232 298 z 
'/>
<path style='opacity:1;fill:#322D11;fill-rule:evenodd;stroke:#322D11;stroke-width:1px;stroke-linecap:butt;stroke-linejoin:miter;stroke-opacity:1;' d='M 772 401 L 772 402 L 772 402 L 772 402 L 773 401 Q 774 400 774 400 L 774 400 L 774 400 Q 774 400 774 401 L 775 401 L 775 401 L 775 402 L 775 402 L 776 402 L 776 402 L 776 402 L 776 401 L 777 401 L 777 401 Q 777 402 777 402 L 778 402 L 778 402 Q 778 401 779 402 Q 779 403 780 403 Q 781 403 781 404 Q 781 406 784 406 Q 786 407 787 410 Q 788 412 790 412 Q 791 412 791 414 Q 790 416 790 416 L 790 416 L 790 417 L 790 417 L 791 418 L 791 418 L 791 420 Q 791 422 789 422 Q 787 422 786 424 Q 786 427 784 427 Q 782 427 780 432 Q 778 436 777 442 Q 776 448 775 450 Q 774 451 775 452 Q 776 453 776 454 Q 775 454 776 455 L 778 455 L 778 456 L 778 457 L 776 457 Q 775 458 771 458 Q 767 459 767 460 Q 768 461 767 462 L 766 462 L 766 462 Q 766 462 765 462 Q 764 462 764 463 Q 763 464 754 464 Q 746 464 745 464 Q 744 464 742 464 Q 741 464 740 463 Q 738 462 738 464 Q 737 467 736 467 L 734 468 L 734 468 L 734 468 L 733 468 L 733 468 L 733 467 L 732 467 L 732 468 L 732 469 L 731 469 L 730 468 L 730 468 L 730 468 L 730 468 L 730 468 L 730 467 L 730 467 L 731 466 L 732 465 L 732 464 L 732 463 L 731 463 Q 731 462 731 461 Q 732 459 730 459 Q 728 459 728 457 Q 729 454 732 448 Q 734 442 732 442 Q 729 441 729 439 Q 729 437 725 436 Q 721 436 722 434 Q 722 432 721 432 Q 720 432 720 428 Q 720 425 719 424 L 718 424 L 720 421 Q 721 418 722 418 L 724 418 L 724 417 L 724 417 L 723 416 L 723 415 L 726 415 Q 728 414 731 414 Q 734 414 738 414 Q 741 413 742 411 Q 742 409 746 410 Q 749 411 749 410 Q 749 408 751 408 Q 753 409 753 407 Q 753 405 756 406 Q 759 406 759 407 Q 759 408 760 408 Q 761 408 762 405 Q 762 402 764 401 Q 766 400 768 400 Q 771 400 771 401 Q 772 401 772 401 z 
'/>
<path style='opacity:1;fill:#623D12;fill-rule:evenodd;stroke:#623D12;stroke-width:1px;stroke-linecap:butt;stroke-linejoin:miter;stroke-opacity:1;' d='M 130 612 L 132 612 L 138 612 Q 143 612 146 614 Q 148 615 149 616 Q 150 618 152 618 Q 153 618 153 619 L 154 620 L 154 620 L 154 620 L 155 621 L 156 621 L 156 622 L 156 623 L 157 624 L 157 625 L 155 627 Q 154 629 153 630 L 153 630 L 153 630 L 152 630 L 152 630 Q 152 630 150 631 Q 148 632 148 633 Q 148 634 140 635 Q 133 636 124 637 L 114 638 L 111 638 L 108 638 L 108 637 L 108 636 L 109 636 L 110 636 L 110 635 L 110 635 L 109 635 L 109 635 L 109 634 L 110 634 L 110 634 L 110 634 L 111 633 Q 112 633 112 632 Q 112 631 112 630 Q 111 630 111 629 Q 110 628 115 624 Q 120 620 122 618 L 123 615 L 123 615 L 124 615 L 124 615 L 124 616 L 124 616 L 124 616 L 125 616 L 125 616 L 125 617 L 126 617 L 126 616 L 126 615 L 127 615 L 127 614 L 127 614 L 128 614 L 128 614 L 128 614 L 128 613 L 128 613 L 128 613 L 129 612 L 129 612 L 129 612 L 130 612 z 
'/>
<path style='opacity:1;fill:#763611;fill-rule:evenodd;stroke:#763611;stroke-width:1px;stroke-linecap:butt;stroke-linejoin:miter;stroke-opacity:1;' d='M 410 256 L 410 256 L 418 258 Q 425 260 426 261 L 427 261 L 427 261 L 427 262 L 426 262 L 424 262 L 424 263 L 424 263 L 422 263 Q 419 264 418 264 Q 418 264 418 264 Q 417 265 418 265 Q 419 266 420 267 Q 420 269 419 270 L 417 270 L 417 270 Q 417 270 416 268 Q 416 266 406 266 L 397 266 L 396 267 L 395 268 L 394 268 L 393 268 L 393 269 L 392 269 L 392 269 L 392 270 L 392 270 L 392 270 L 391 271 L 390 272 L 390 274 L 390 275 L 392 275 L 394 274 L 397 274 Q 400 272 402 272 L 403 272 L 403 273 L 403 273 L 403 274 L 404 275 L 404 275 L 404 276 L 404 276 L 404 276 L 405 278 L 405 280 L 405 280 L 404 280 L 404 279 L 404 278 L 403 277 L 403 276 L 402 276 L 401 276 L 398 277 Q 395 278 390 280 L 385 282 L 384 282 Q 383 282 382 282 Q 381 282 380 283 Q 380 284 377 286 L 374 288 L 373 288 L 372 288 L 370 288 L 369 288 L 369 287 L 368 286 L 368 282 Q 368 278 368 276 L 368 273 L 368 272 Q 368 270 372 264 L 375 259 L 375 259 L 376 259 L 376 259 L 376 258 L 377 258 L 378 258 L 382 256 Q 385 254 393 256 Q 402 257 405 257 Q 409 256 410 256 z 
'/>
<path style='opacity:1;fill:#592F13;fill-rule:evenodd;stroke:#592F13;stroke-width:1px;stroke-linecap:butt;stroke-linejoin:miter;stroke-opacity:1;' d='M 160 878 L 159 875 L 162 877 Q 166 878 169 879 Q 172 880 173 880 L 174 880 L 174 881 Q 175 882 174 882 Q 173 882 176 884 Q 178 885 176 888 Q 174 892 173 893 Q 172 894 172 894 L 172 894 L 168 895 Q 163 896 163 897 Q 163 898 160 898 L 157 898 L 155 899 L 153 899 L 153 898 L 154 898 L 154 898 L 154 898 L 152 897 L 150 896 L 150 896 L 150 896 L 150 895 L 150 894 L 150 894 L 150 894 L 152 893 L 153 892 L 153 892 L 154 892 L 154 891 Q 154 890 159 889 L 164 888 L 164 888 L 164 888 L 165 887 L 166 886 L 166 885 L 166 884 L 165 884 Q 165 884 163 883 Q 161 882 160 878 z 
'/>
<path style='opacity:1;fill:#553F10;fill-rule:evenodd;stroke:#553F10;stroke-width:1px;stroke-linecap:butt;stroke-linejoin:miter;stroke-opacity:1;' d='M 696 492 L 696 492 L 696 491 L 697 491 L 697 493 L 698 495 L 700 498 Q 703 500 704 501 Q 705 501 706 507 Q 706 514 704 514 Q 703 514 702 515 Q 702 516 702 518 L 702 519 L 702 519 L 702 520 L 701 520 L 700 520 L 700 520 Q 700 520 697 520 L 694 520 L 690 521 L 687 521 L 687 521 L 687 520 L 686 520 L 685 520 L 685 520 L 685 520 L 686 519 L 687 519 L 687 518 L 688 517 L 688 517 L 688 516 L 688 516 L 688 516 L 689 516 Q 689 516 692 514 Q 696 514 697 512 Q 698 510 696 509 Q 695 508 695 505 Q 694 502 692 499 L 690 496 L 689 496 L 688 496 L 688 495 L 688 495 L 687 495 L 687 494 L 687 494 L 687 494 L 687 494 L 688 494 L 688 493 L 688 492 L 688 492 L 688 492 L 689 492 L 689 492 L 690 492 L 692 492 L 692 492 L 692 492 L 693 492 L 693 492 L 694 492 L 695 492 L 695 492 L 696 492 L 696 492 z 
'/>
<path style='opacity:1;fill:#633411;fill-rule:evenodd;stroke:#633411;stroke-width:1px;stroke-linecap:butt;stroke-linejoin:miter;stroke-opacity:1;' d='M 365 449 L 365 448 L 369 449 Q 372 450 379 452 Q 385 455 385 456 Q 385 457 386 457 Q 387 458 388 458 L 388 458 L 388 458 L 388 458 L 388 459 L 388 459 L 387 459 L 387 460 L 387 460 L 386 460 L 386 460 L 386 460 L 387 461 L 388 462 L 389 462 L 390 462 L 392 464 Q 393 466 391 467 Q 389 467 389 468 Q 388 469 388 470 L 388 470 L 388 470 Q 388 470 386 470 Q 384 469 378 466 L 372 462 L 372 462 L 372 462 L 371 462 L 371 462 L 371 463 L 370 463 L 370 463 L 370 464 L 370 464 L 370 464 L 369 464 L 369 464 L 368 465 Q 368 466 367 472 L 367 477 L 367 477 L 366 477 L 366 475 L 366 473 L 365 472 L 364 471 L 364 466 Q 364 462 363 460 L 363 458 L 363 454 Q 364 450 364 450 L 364 449 L 365 449 z 
'/>
<path style='opacity:1;fill:#4B2612;fill-rule:evenodd;stroke:#4B2612;stroke-width:1px;stroke-linecap:butt;stroke-linejoin:miter;stroke-opacity:1;' d='M 268 239 L 269 237 L 269 237 L 269 238 L 272 238 Q 274 239 274 238 Q 274 237 275 237 Q 276 237 276 250 Q 276 264 279 264 Q 282 263 282 266 Q 284 268 283 275 Q 282 282 283 285 L 283 288 L 283 289 Q 283 290 282 290 Q 280 289 279 294 Q 277 300 276 300 L 276 300 L 274 300 Q 273 300 273 299 Q 272 298 272 300 L 270 302 L 270 302 L 270 302 L 270 301 Q 270 301 268 300 Q 268 298 266 299 Q 266 300 264 296 Q 263 293 262 293 Q 261 293 261 292 Q 260 291 260 292 Q 259 292 258 291 Q 258 290 257 290 Q 256 290 256 288 Q 255 287 254 288 L 252 288 L 252 287 Q 252 286 251 276 L 250 266 L 250 266 L 250 266 L 251 265 L 252 264 L 252 265 L 252 266 L 253 264 L 254 263 L 254 263 L 254 262 L 254 262 L 254 262 L 255 262 L 255 262 L 255 261 L 256 261 L 256 260 Q 256 258 260 258 Q 263 258 264 250 Q 264 242 265 242 Q 266 242 268 239 z 
'/>
<path style='opacity:1;fill:#301E0F;fill-rule:evenodd;stroke:#301E0F;stroke-width:1px;stroke-linecap:butt;stroke-linejoin:miter;stroke-opacity:1;' d='M 316 702 L 319 697 L 319 699 Q 320 701 319 704 L 318 706 L 318 708 Q 318 709 317 711 L 317 713 L 318 713 L 319 712 L 320 712 L 321 712 L 322 713 Q 324 713 324 712 Q 324 711 325 711 L 325 711 L 325 713 Q 324 715 324 718 L 324 722 L 325 724 L 326 726 L 326 726 L 326 726 L 327 725 L 328 724 L 328 724 L 328 724 L 329 724 L 329 724 L 329 725 L 330 725 L 330 726 L 330 728 L 331 728 L 331 728 L 330 729 Q 329 730 328 730 Q 326 730 322 739 Q 318 748 317 748 Q 316 749 316 750 L 316 751 L 316 752 Q 316 753 315 753 Q 314 753 314 750 Q 314 746 316 746 Q 317 745 316 740 Q 314 736 314 737 L 313 738 L 313 738 L 312 738 L 312 738 L 312 738 L 310 740 Q 309 742 307 742 Q 305 742 305 743 L 305 744 L 303 744 L 301 744 L 300 743 L 299 743 L 299 738 Q 300 734 302 726 Q 305 719 304 719 Q 303 719 302 716 L 302 713 L 302 713 L 302 713 L 303 713 L 303 714 L 303 714 L 304 714 L 304 712 L 304 710 L 305 709 L 306 708 L 306 710 L 306 711 L 307 711 L 308 712 L 308 712 L 308 712 L 309 713 L 310 714 L 310 714 L 310 714 L 310 713 L 310 713 L 311 713 L 311 712 L 311 712 L 312 712 L 312 710 Q 312 708 316 702 z 
'/>
<path style='opacity:1;fill:#402312;fill-rule:evenodd;stroke:#402312;stroke-width:1px;stroke-linecap:butt;stroke-linejoin:miter;stroke-opacity:1;' d='M 203 915 L 204 915 L 206 916 Q 208 916 208 917 L 209 917 L 205 920 Q 202 924 200 930 Q 198 937 197 941 L 196 945 L 196 946 L 196 948 L 196 954 Q 197 960 198 960 Q 199 960 199 962 Q 198 963 199 966 L 199 969 L 200 969 L 202 969 L 201 972 Q 200 976 199 978 L 199 980 L 198 981 Q 198 982 197 984 Q 196 986 194 986 L 192 986 L 192 986 L 192 986 L 191 985 L 190 984 L 190 984 L 190 984 L 190 983 L 190 983 L 189 983 L 189 982 L 189 982 L 188 982 L 188 981 Q 188 980 186 974 Q 184 969 184 951 Q 183 933 181 933 L 179 933 L 178 933 L 177 933 L 177 932 L 178 932 L 178 932 L 178 932 L 178 932 L 178 931 L 179 931 L 179 931 L 179 931 L 180 931 L 180 931 L 180 932 L 180 932 L 181 932 L 184 931 Q 186 930 188 930 Q 189 929 189 928 Q 190 927 191 926 Q 192 926 195 922 L 198 918 L 198 918 Q 199 918 199 917 L 199 917 L 200 917 Q 200 916 200 916 L 200 916 L 200 916 Q 201 916 201 915 Q 202 915 203 915 z 
'/>
<path style='opacity:1;fill:#A08331;fill-rule:evenodd;stroke:#A08331;stroke-width:1px;stroke-linecap:butt;stroke-linejoin:miter;stroke-opacity:1;' d='M 475 74 L 476 74 L 477 74 Q 479 75 480 78 Q 480 80 483 80 Q 486 78 490 79 Q 494 80 493 78 Q 492 77 498 78 Q 504 78 506 77 Q 508 75 509 77 Q 509 79 512 78 Q 514 77 515 76 Q 515 74 516 74 Q 518 73 518 75 Q 518 77 520 76 Q 522 74 523 74 Q 524 74 524 74 L 524 73 L 526 73 Q 528 72 529 72 L 530 72 L 530 73 L 530 73 L 530 74 L 530 74 L 530 74 L 530 74 L 530 75 L 530 75 L 529 76 Q 529 77 530 77 L 532 76 L 532 76 L 532 76 L 533 76 L 533 76 L 534 76 L 535 76 L 535 76 L 534 76 L 534 77 L 534 78 L 533 78 L 533 78 L 532 79 Q 530 79 530 81 L 530 83 L 530 84 L 530 85 L 530 85 L 530 84 L 530 84 L 530 84 L 531 83 Q 531 82 532 82 Q 533 82 533 81 L 533 80 L 534 80 L 535 80 L 535 79 L 536 79 L 536 80 L 536 81 L 535 81 L 535 82 L 535 82 L 534 82 L 534 83 L 534 84 L 534 90 Q 532 97 532 98 L 532 100 L 532 102 Q 532 103 530 102 Q 529 102 528 107 Q 528 112 527 112 Q 526 113 525 115 Q 523 118 524 118 Q 526 118 526 120 Q 526 122 524 122 Q 521 123 521 126 Q 522 130 521 131 Q 520 132 521 134 Q 522 136 520 136 Q 519 135 519 136 Q 518 137 518 142 L 518 148 L 518 148 L 518 148 L 516 149 L 515 149 L 514 149 L 514 148 L 514 148 L 514 148 L 513 147 L 513 146 L 512 146 L 511 146 L 511 145 Q 510 144 509 142 Q 508 141 499 134 L 490 128 L 490 128 Q 490 127 489 127 L 489 127 L 489 126 Q 488 126 486 124 Q 482 122 470 116 Q 458 110 448 109 L 438 107 L 438 106 L 438 105 L 438 104 L 438 104 L 438 103 L 438 102 L 437 102 L 436 102 L 436 101 L 436 101 L 437 101 L 437 100 L 437 100 L 438 100 L 438 100 L 438 100 L 439 99 Q 440 98 442 97 Q 444 96 443 95 Q 442 94 443 92 Q 444 91 446 90 Q 448 90 448 88 Q 448 87 450 86 Q 452 85 452 82 L 452 79 L 453 79 L 453 78 L 451 78 Q 449 78 448 77 Q 446 77 446 78 Q 446 79 445 79 L 444 79 L 444 78 Q 444 77 444 74 L 444 72 L 446 71 Q 449 70 449 71 Q 449 72 450 72 Q 452 72 452 73 Q 452 74 456 73 Q 460 72 462 72 Q 463 72 464 74 Q 466 76 467 76 Q 468 74 468 76 Q 469 77 470 76 Q 472 76 472 77 Q 473 78 474 76 Q 475 74 475 74 z 
M 446 74 Q 446 74 446 73 Q 446 73 446 74 Q 446 74 446 74 z 
'/>
<path style='opacity:1;fill:#493A17;fill-rule:evenodd;stroke:#493A17;stroke-width:1px;stroke-linecap:butt;stroke-linejoin:miter;stroke-opacity:1;' d='M 573 245 L 573 244 L 574 244 Q 574 245 575 247 Q 576 248 577 249 Q 578 249 578 254 Q 578 258 576 262 Q 575 266 575 266 L 574 266 L 574 267 L 574 268 L 575 269 Q 576 270 579 270 Q 582 270 582 271 Q 582 272 580 273 Q 579 274 580 274 Q 581 274 581 275 L 581 276 L 581 277 Q 580 278 579 278 Q 577 278 576 280 Q 576 281 573 280 Q 570 280 568 281 Q 567 283 566 283 L 565 284 L 565 284 L 564 284 L 564 284 L 564 284 L 563 285 L 562 285 L 562 283 L 562 281 L 561 281 L 561 281 L 561 280 Q 560 280 559 268 L 558 256 L 558 256 L 558 256 L 559 258 L 560 259 L 560 260 L 560 261 L 561 261 L 562 261 L 562 260 L 562 259 L 563 259 L 563 258 L 563 258 L 564 258 L 564 257 L 564 256 L 565 254 Q 565 252 567 252 Q 570 251 571 248 Q 572 246 573 245 z 
'/>
<path style='opacity:1;fill:#A18838;fill-rule:evenodd;stroke:#A18838;stroke-width:1px;stroke-linecap:butt;stroke-linejoin:miter;stroke-opacity:1;' d='M 82 53 L 82 53 L 83 54 Q 84 54 86 55 Q 88 56 90 56 Q 90 56 91 60 Q 91 64 92 64 Q 93 64 94 64 Q 95 64 96 64 Q 97 64 98 68 Q 99 72 98 72 Q 96 72 96 73 Q 96 74 97 74 Q 98 74 98 75 L 98 75 L 98 76 L 98 77 L 98 77 L 98 76 L 98 76 L 98 76 L 99 76 L 99 76 L 100 75 Q 101 75 101 77 L 102 79 L 102 79 L 102 80 L 102 80 L 102 80 L 103 76 L 103 73 L 104 73 L 105 73 L 105 74 L 104 75 L 104 75 L 104 76 L 105 76 L 106 76 L 106 77 L 106 77 L 107 79 Q 107 81 108 82 Q 110 82 110 82 L 110 83 L 110 83 Q 110 84 110 85 Q 110 86 108 92 Q 106 97 105 98 Q 104 98 103 100 Q 102 102 100 102 Q 99 102 97 103 Q 95 104 95 105 Q 94 106 94 105 Q 94 104 93 106 Q 92 109 88 114 Q 84 118 82 118 Q 79 118 77 115 L 76 113 L 75 114 Q 74 116 72 118 Q 70 121 68 120 Q 66 120 64 122 Q 64 125 62 124 Q 62 122 61 124 Q 60 126 60 126 Q 59 126 58 124 Q 56 122 54 123 Q 52 124 52 123 L 52 122 L 50 122 L 49 122 L 48 125 Q 48 128 48 130 Q 47 132 46 132 L 45 132 L 45 132 L 44 132 L 44 132 L 44 132 L 44 131 L 44 130 L 43 130 L 43 130 L 43 131 L 42 131 L 42 131 L 42 132 L 42 132 L 42 132 L 41 132 L 41 132 L 40 133 L 39 133 L 39 130 Q 38 127 38 126 Q 36 124 36 120 Q 34 117 34 113 Q 34 109 30 109 Q 26 110 26 108 Q 25 107 24 107 L 23 107 L 23 107 Q 22 107 22 101 Q 21 94 22 91 L 23 88 L 23 88 L 23 88 L 24 87 L 25 86 L 25 86 L 24 86 L 24 85 L 24 84 L 25 84 L 26 84 L 28 83 Q 29 82 28 80 Q 28 78 30 78 Q 32 79 33 74 Q 34 70 34 72 Q 34 73 35 73 Q 36 73 36 70 Q 36 66 38 66 Q 39 66 38 64 Q 38 63 40 63 Q 41 63 41 60 Q 42 58 41 56 Q 40 54 41 52 L 42 50 L 42 50 Q 42 50 43 50 Q 44 50 44 50 L 43 49 L 43 48 L 43 48 L 44 48 Q 46 49 47 48 Q 48 46 52 47 Q 56 48 57 50 Q 57 51 59 51 Q 60 51 64 52 Q 67 52 67 54 Q 67 55 68 55 Q 69 55 70 53 Q 70 51 72 52 Q 74 52 75 54 Q 76 55 76 54 Q 76 52 78 53 Q 81 54 82 53 z 
'/>
<path style='opacity:1;fill:#432210;fill-rule:evenodd;stroke:#432210;stroke-width:1px;stroke-linecap:butt;stroke-linejoin:miter;stroke-opacity:1;' d='M 187 892 L 187 892 L 187 892 L 187 892 L 189 893 L 191 894 L 191 894 L 192 894 L 192 894 L 192 894 L 194 895 Q 196 896 197 898 Q 199 900 199 900 L 199 900 L 196 902 Q 194 903 193 904 L 193 904 L 184 909 Q 174 914 173 914 L 172 914 L 171 915 L 170 916 L 170 916 L 170 916 L 171 916 Q 171 916 172 917 L 172 917 L 171 918 Q 170 920 170 919 Q 170 918 168 918 Q 167 918 166 919 L 165 920 L 164 920 L 162 920 L 160 921 L 159 921 L 159 918 L 159 916 L 159 916 L 160 915 L 160 915 L 160 914 L 160 914 L 160 914 L 161 914 L 161 914 L 161 913 Q 162 913 163 912 Q 164 912 164 911 Q 165 910 165 908 Q 165 906 166 906 L 167 906 L 167 905 L 168 905 L 168 905 L 168 904 L 168 904 L 168 904 L 169 904 L 169 904 L 169 903 L 168 903 L 168 903 L 168 902 L 168 902 L 168 902 L 167 902 L 167 902 L 167 903 L 166 903 L 166 903 L 166 904 L 163 904 Q 160 904 160 903 Q 160 903 159 903 L 157 902 L 154 902 L 151 902 L 151 902 L 150 902 L 150 901 L 150 900 L 151 900 L 151 900 L 151 899 L 151 899 L 152 899 L 153 899 L 155 899 L 157 898 L 160 898 Q 163 898 163 897 Q 163 896 168 895 L 172 894 L 176 894 Q 179 894 183 893 Q 186 892 187 892 z 
'/>
<path style='opacity:1;fill:#4D220F;fill-rule:evenodd;stroke:#4D220F;stroke-width:1px;stroke-linecap:butt;stroke-linejoin:miter;stroke-opacity:1;' d='M 496 1007 L 496 1007 L 496 1007 Q 496 1008 496 1008 L 497 1008 L 497 1008 Q 497 1008 498 1009 L 498 1009 L 502 1012 Q 505 1015 512 1023 Q 518 1030 520 1031 Q 521 1032 525 1037 Q 529 1042 530 1042 Q 532 1042 533 1044 Q 534 1046 535 1046 L 535 1046 L 537 1047 L 539 1048 L 539 1048 L 540 1048 L 540 1048 L 540 1048 L 540 1049 L 540 1049 L 541 1049 L 541 1050 L 542 1050 L 543 1050 L 543 1051 L 542 1052 L 542 1052 L 542 1052 L 542 1053 L 542 1053 L 541 1053 L 541 1054 L 541 1054 L 540 1054 L 540 1054 L 540 1054 L 538 1055 L 537 1056 L 536 1056 L 536 1056 L 536 1055 L 536 1055 L 535 1055 L 535 1054 L 533 1054 Q 531 1054 530 1055 Q 529 1055 529 1054 Q 528 1052 527 1051 Q 525 1050 524 1049 Q 524 1048 522 1048 Q 520 1047 516 1046 L 511 1045 L 511 1046 L 510 1047 L 510 1052 Q 508 1058 508 1060 L 508 1061 L 507 1061 L 507 1062 L 507 1062 L 506 1062 L 506 1062 L 506 1062 L 506 1063 L 506 1063 L 505 1064 L 505 1065 L 505 1065 L 505 1066 L 505 1066 L 504 1066 L 504 1066 L 504 1066 L 502 1067 L 501 1067 L 501 1066 L 500 1065 L 500 1065 L 500 1064 L 500 1064 L 500 1064 L 499 1060 Q 498 1055 498 1054 Q 498 1053 497 1053 Q 496 1053 496 1052 Q 496 1051 495 1051 Q 494 1052 492 1050 L 491 1049 L 491 1046 Q 490 1042 490 1039 Q 488 1036 489 1031 Q 490 1026 489 1026 Q 488 1025 488 1024 Q 487 1024 486 1019 Q 484 1015 482 1014 L 480 1012 L 479 1012 L 479 1012 L 478 1011 L 477 1010 L 477 1010 L 476 1010 L 476 1010 L 476 1010 L 476 1009 L 476 1009 L 475 1009 L 475 1008 L 475 1008 L 474 1008 L 474 1008 L 474 1008 L 474 1007 L 474 1007 L 475 1007 L 476 1007 L 481 1008 Q 486 1008 486 1006 Q 487 1004 490 1004 Q 494 1005 494 1006 Q 495 1006 496 1007 z 
'/>
<path style='opacity:1;fill:#291506;fill-rule:evenodd;stroke:#291506;stroke-width:1px;stroke-linecap:butt;stroke-linejoin:miter;stroke-opacity:1;' d='M 812 551 L 813 551 L 813 570 L 813 590 L 812 590 L 812 590 L 812 589 Q 812 589 810 588 Q 808 586 808 584 Q 807 582 805 583 Q 804 584 803 582 L 802 580 L 802 580 L 802 580 L 803 580 L 803 580 L 803 579 L 804 579 L 804 579 L 804 578 L 804 578 L 804 578 L 805 578 L 805 578 L 804 577 L 803 576 L 803 576 L 802 576 L 802 575 Q 802 574 801 572 Q 801 571 800 571 Q 799 571 799 567 Q 800 563 802 562 Q 805 560 806 559 L 806 557 L 808 554 Q 811 551 812 551 z 
'/>
<path style='opacity:1;fill:#8E591A;fill-rule:evenodd;stroke:#8E591A;stroke-width:1px;stroke-linecap:butt;stroke-linejoin:miter;stroke-opacity:1;' d='M 202 912 L 200 916 L 200 916 Q 200 916 199 916 L 199 917 L 199 917 Q 198 917 198 918 L 198 918 L 195 922 Q 192 926 191 926 Q 190 927 189 928 Q 189 929 188 930 Q 186 930 184 931 L 181 932 L 180 932 Q 180 932 180 933 L 179 933 L 179 933 L 179 934 L 179 934 L 178 934 L 178 935 L 178 936 L 177 937 L 176 938 L 176 938 L 176 938 L 175 939 L 174 939 L 174 938 L 174 937 L 175 937 L 175 937 L 175 936 L 176 936 L 176 936 L 176 936 L 176 935 L 176 934 L 177 934 L 177 934 L 177 933 L 177 933 L 178 933 L 178 932 L 178 932 L 178 932 L 178 932 L 178 931 L 179 931 L 179 931 L 179 930 Q 180 929 181 926 L 182 924 L 182 924 Q 183 924 184 922 Q 186 920 192 916 Q 198 912 199 910 Q 200 909 201 908 Q 203 908 202 912 z 
'/>
<path style='opacity:1;fill:#471B09;fill-rule:evenodd;stroke:#471B09;stroke-width:1px;stroke-linecap:butt;stroke-linejoin:miter;stroke-opacity:1;' d='M 339 281 L 339 281 L 338 281 Q 338 282 338 282 Q 337 282 330 284 L 323 285 L 323 284 Q 322 284 322 284 L 322 284 L 322 284 Q 322 283 321 283 L 321 283 L 321 282 Q 320 281 320 280 Q 320 278 317 278 L 315 278 L 314 278 L 313 278 L 313 277 L 313 276 L 314 276 L 315 276 L 312 275 L 310 274 L 310 274 L 310 274 L 314 273 Q 319 272 325 272 Q 331 272 335 275 Q 338 277 339 279 Q 339 280 339 281 z 
'/>
<path style='opacity:1;fill:#D07D20;fill-rule:evenodd;stroke:#D07D20;stroke-width:1px;stroke-linecap:butt;stroke-linejoin:miter;stroke-opacity:1;' d='M 332 250 L 333 250 L 333 250 Q 333 250 334 251 L 334 251 L 335 252 Q 336 252 336 253 Q 336 254 337 254 L 338 254 L 338 254 L 338 254 L 338 255 L 338 255 L 339 256 L 340 257 L 340 257 L 340 258 L 340 258 L 340 258 L 341 258 L 341 258 L 343 262 Q 346 266 346 267 L 346 268 L 346 268 Q 345 268 342 265 Q 338 262 338 261 Q 338 260 336 259 Q 333 258 327 259 L 320 260 L 320 260 L 320 260 L 320 260 L 320 259 L 319 259 L 319 258 L 318 258 L 317 258 L 317 257 L 318 257 L 318 256 L 318 255 L 319 254 L 319 253 L 318 253 L 317 253 L 316 253 L 316 253 L 320 251 Q 325 250 328 250 Q 332 250 332 250 z 
'/>
<path style='opacity:1;fill:#BF731B;fill-rule:evenodd;stroke:#BF731B;stroke-width:1px;stroke-linecap:butt;stroke-linejoin:miter;stroke-opacity:1;' d='M 314 278 L 314 277 L 317 278 Q 320 278 320 280 Q 320 281 321 282 L 321 283 L 321 283 Q 321 284 322 284 L 322 284 L 322 284 Q 322 284 322 285 L 323 285 L 323 285 Q 323 286 326 286 L 330 286 L 330 287 Q 330 287 328 288 L 326 290 L 325 290 L 325 290 L 325 291 L 325 291 L 324 291 Q 324 292 320 293 Q 316 294 317 296 L 318 297 L 314 297 Q 310 296 310 296 L 309 296 L 309 296 L 308 295 L 308 295 Q 308 294 309 294 Q 310 294 311 294 Q 312 293 309 292 L 307 292 L 307 291 L 306 291 L 306 288 Q 306 286 309 283 L 311 280 L 311 280 L 311 280 L 311 279 L 312 279 L 312 279 L 312 278 L 312 278 L 313 278 L 313 278 Q 314 278 314 278 z 
'/>
<path style='opacity:1;fill:#927118;fill-rule:evenodd;stroke:#927118;stroke-width:1px;stroke-linecap:butt;stroke-linejoin:miter;stroke-opacity:1;' d='M 720 564 L 721 564 L 721 564 L 721 564 L 721 565 L 722 565 L 721 567 Q 721 568 721 569 L 720 569 L 720 569 L 720 570 L 720 570 L 720 570 L 720 570 Q 719 570 719 571 L 719 571 L 716 571 Q 714 570 714 569 L 713 568 L 712 568 Q 710 569 711 567 Q 712 566 716 564 Q 720 564 720 564 z 
'/>
<path style='opacity:1;fill:#592009;fill-rule:evenodd;stroke:#592009;stroke-width:1px;stroke-linecap:butt;stroke-linejoin:miter;stroke-opacity:1;' d='M 776 707 L 778 707 L 778 706 L 778 705 L 779 705 L 779 706 L 780 706 L 780 706 L 780 707 L 780 708 L 781 708 L 781 708 L 781 709 L 782 709 L 782 712 L 782 715 L 780 715 Q 779 715 778 719 Q 778 723 776 723 Q 775 722 774 723 Q 773 724 767 724 L 761 726 L 761 726 L 761 726 L 760 726 Q 760 726 755 724 Q 750 722 748 718 Q 746 715 746 711 L 745 707 L 746 704 Q 746 702 748 702 Q 750 703 750 704 Q 750 705 751 705 Q 752 705 752 704 Q 753 704 756 703 Q 758 703 758 702 Q 758 701 761 702 Q 764 703 764 706 Q 765 708 768 708 Q 770 707 770 705 Q 771 703 772 703 Q 773 703 774 705 Q 774 707 776 707 z 
'/>
<path style='opacity:1;fill:#3C200B;fill-rule:evenodd;stroke:#3C200B;stroke-width:1px;stroke-linecap:butt;stroke-linejoin:miter;stroke-opacity:1;' d='M 649 565 L 649 563 L 652 565 Q 654 568 655 568 Q 656 568 656 569 Q 656 570 658 568 Q 660 566 661 565 Q 662 564 663 563 L 664 563 L 666 563 L 667 563 L 667 565 L 667 567 L 670 566 Q 673 564 674 564 L 675 564 L 675 565 L 676 565 L 676 566 L 676 566 L 676 570 Q 676 574 676 575 Q 676 576 678 576 Q 681 576 681 577 L 681 577 L 680 577 L 678 578 L 680 578 L 681 578 L 681 579 L 682 579 L 682 579 L 682 580 L 684 580 L 686 580 L 689 582 Q 692 582 694 582 L 697 582 L 697 582 L 698 582 L 698 582 L 698 582 L 699 583 L 700 584 L 700 584 L 700 584 L 701 584 L 701 585 L 701 586 L 700 587 L 700 590 L 700 593 L 699 593 L 699 594 L 697 594 Q 695 594 694 596 Q 694 597 690 596 Q 687 596 686 597 Q 686 599 684 598 L 682 597 L 682 597 Q 682 597 681 596 Q 681 595 680 595 Q 679 594 678 593 Q 676 591 674 591 L 673 591 L 672 591 Q 670 590 669 590 Q 668 590 668 588 Q 668 587 666 587 Q 664 587 664 586 Q 664 585 663 585 Q 662 584 661 582 Q 660 580 658 579 Q 656 578 656 579 Q 655 580 654 580 Q 653 580 653 579 Q 652 578 651 576 L 649 575 L 649 574 L 648 574 L 648 572 L 648 571 L 647 571 Q 647 570 648 569 L 649 567 L 649 567 Q 648 567 649 565 z 
'/>
<path style='opacity:1;fill:#4E3D0E;fill-rule:evenodd;stroke:#4E3D0E;stroke-width:1px;stroke-linecap:butt;stroke-linejoin:miter;stroke-opacity:1;' d='M 770 490 L 771 485 L 772 485 L 772 485 L 772 486 L 772 488 L 773 488 L 773 488 L 774 487 L 774 487 L 775 488 Q 776 490 776 497 Q 776 504 779 504 Q 781 503 781 504 Q 781 505 780 505 Q 779 505 777 515 Q 775 524 772 526 Q 770 527 769 529 L 768 531 L 768 534 L 768 537 L 767 537 L 767 538 L 767 538 L 767 538 L 766 538 L 765 538 L 765 539 L 764 539 L 764 540 L 764 541 L 763 542 L 763 543 L 760 543 L 758 543 L 758 542 L 758 541 L 758 540 L 758 539 L 758 539 L 758 538 L 758 538 L 758 538 L 759 538 Q 759 538 759 532 Q 758 527 758 528 Q 758 529 757 528 Q 756 528 756 524 Q 756 519 755 519 Q 754 518 758 517 Q 761 516 761 512 Q 760 508 762 507 Q 764 506 764 504 Q 764 502 766 502 Q 767 502 768 498 Q 770 494 770 490 z 
'/>
<path style='opacity:1;fill:#20150A;fill-rule:evenodd;stroke:#20150A;stroke-width:1px;stroke-linecap:butt;stroke-linejoin:miter;stroke-opacity:1;' d='M 214 498 L 214 498 L 216 499 Q 218 500 217 504 Q 216 508 218 508 Q 220 509 220 511 Q 222 513 222 514 L 222 516 L 222 518 L 222 521 L 222 522 L 222 524 L 223 524 L 224 524 L 224 536 Q 224 547 225 554 L 226 561 L 226 564 L 226 566 L 225 566 L 224 566 L 224 565 L 224 564 L 224 564 L 224 563 L 223 563 L 223 562 L 223 562 L 222 562 L 222 562 L 222 562 L 221 562 L 220 562 L 220 562 L 220 562 L 219 564 Q 218 566 218 565 Q 218 564 214 564 Q 211 565 211 564 Q 211 563 209 563 Q 207 563 205 565 L 203 568 L 203 568 L 202 568 L 202 568 L 202 568 L 201 569 L 200 569 L 200 566 Q 200 564 199 557 Q 199 550 198 550 Q 196 550 196 551 Q 196 552 195 552 Q 194 552 193 546 L 192 541 L 191 541 Q 190 541 190 542 Q 190 544 188 544 Q 187 544 186 542 Q 186 540 185 540 L 184 540 L 184 540 Q 184 540 182 539 Q 181 539 181 540 Q 180 542 180 542 L 179 541 L 179 539 Q 178 537 177 537 Q 176 536 176 531 Q 176 526 177 526 Q 178 526 178 514 L 178 503 L 178 503 L 178 502 L 178 502 L 178 502 L 177 502 L 177 502 L 177 501 L 178 501 L 178 501 L 178 500 L 178 500 L 178 500 L 177 500 L 177 500 L 177 499 L 177 499 L 180 499 L 182 499 L 182 500 Q 182 501 186 504 Q 190 506 190 505 Q 191 504 192 504 Q 193 506 196 505 Q 200 505 200 504 Q 200 503 204 501 Q 209 499 209 497 Q 209 495 211 496 Q 213 498 214 498 z 
'/>
<path style='opacity:1;fill:#6E3515;fill-rule:evenodd;stroke:#6E3515;stroke-width:1px;stroke-linecap:butt;stroke-linejoin:miter;stroke-opacity:1;' d='M 218 1026 L 225 1026 L 225 1027 Q 226 1028 226 1028 L 226 1028 L 226 1028 L 226 1029 L 225 1032 Q 224 1036 213 1046 Q 202 1057 200 1060 Q 197 1064 197 1064 L 196 1064 L 196 1065 L 196 1066 L 195 1066 L 195 1066 L 195 1067 L 194 1067 L 194 1067 L 194 1068 L 194 1068 L 194 1068 L 193 1069 L 192 1070 L 192 1070 L 192 1070 L 194 1070 L 195 1070 L 196 1070 L 197 1070 L 198 1070 L 200 1070 L 200 1070 L 200 1070 L 201 1069 Q 201 1068 205 1066 Q 209 1064 214 1062 Q 218 1060 223 1060 L 228 1060 L 229 1060 L 230 1060 L 230 1061 L 230 1061 L 229 1061 L 229 1062 L 229 1062 L 230 1062 L 230 1062 L 230 1062 L 230 1063 L 230 1063 L 229 1065 L 228 1067 L 226 1070 Q 224 1073 224 1074 L 224 1075 L 220 1080 Q 216 1086 212 1093 Q 208 1100 207 1100 Q 206 1099 204 1103 Q 202 1107 202 1110 L 202 1112 L 202 1113 L 202 1114 L 201 1114 L 200 1114 L 200 1114 L 200 1113 L 199 1113 L 199 1113 L 199 1112 L 198 1111 L 198 1110 Q 198 1109 194 1106 Q 190 1102 186 1100 Q 182 1098 179 1092 Q 176 1086 174 1083 Q 174 1080 176 1058 L 178 1036 L 179 1036 L 179 1036 L 179 1036 L 179 1036 L 180 1037 L 182 1037 L 182 1038 L 182 1039 L 186 1039 Q 190 1038 192 1038 Q 194 1036 199 1035 Q 204 1033 205 1031 Q 206 1029 209 1028 Q 212 1026 218 1026 z 
M 205 1097 Q 206 1097 206 1097 Q 206 1098 206 1098 Q 205 1098 205 1097 z 
'/>
<path style='opacity:1;fill:#4D4621;fill-rule:evenodd;stroke:#4D4621;stroke-width:1px;stroke-linecap:butt;stroke-linejoin:miter;stroke-opacity:1;' d='M 21 272 L 22 270 L 22 272 Q 22 273 23 272 L 24 271 L 24 271 L 24 270 L 25 270 L 26 270 L 26 273 Q 26 276 30 277 Q 34 278 34 278 Q 34 278 35 281 L 36 284 L 36 284 L 36 284 L 36 283 L 36 283 L 37 280 Q 38 278 38 278 L 38 278 L 38 284 Q 39 291 38 291 Q 37 291 37 294 Q 38 296 38 297 L 38 298 L 38 300 L 38 301 L 39 301 L 39 302 L 40 302 L 40 302 L 41 301 Q 42 300 43 301 Q 44 301 45 300 Q 46 298 46 300 Q 46 303 48 302 Q 50 301 50 303 Q 50 305 51 304 Q 51 303 52 303 Q 53 303 54 308 Q 55 312 56 312 Q 57 312 57 314 Q 56 315 57 316 L 57 318 L 58 320 Q 58 322 56 322 L 55 322 L 55 324 Q 56 326 56 326 L 56 326 L 55 327 Q 54 328 53 328 Q 52 328 52 329 Q 52 330 52 331 L 52 332 L 52 332 L 52 332 L 52 333 L 52 333 L 51 333 L 51 334 L 51 334 L 50 334 L 49 333 Q 48 332 47 332 Q 46 333 46 331 Q 45 328 43 328 Q 42 327 40 329 Q 39 330 37 332 Q 34 334 34 336 L 34 339 L 33 339 L 33 340 L 32 340 L 31 340 L 31 337 Q 30 334 30 334 Q 30 334 28 330 Q 26 325 25 324 Q 24 322 23 323 Q 22 324 19 323 Q 15 322 14 324 Q 14 325 13 325 Q 12 325 12 324 Q 12 322 10 322 Q 7 322 6 325 L 4 328 L 4 328 L 4 328 L 2 329 L 0 329 L 0 324 L 0 318 L 1 318 L 2 318 L 4 317 L 6 316 L 8 316 L 9 316 L 9 315 L 10 315 L 10 315 L 10 314 L 10 314 L 10 314 L 9 314 L 9 314 L 9 313 L 8 313 L 8 311 Q 8 309 8 308 Q 8 307 9 306 Q 10 306 10 305 Q 10 304 8 304 Q 7 304 8 302 Q 8 300 9 300 Q 10 300 9 298 Q 8 297 8 293 Q 8 289 10 287 Q 12 284 13 279 L 14 274 L 14 274 L 14 274 L 14 274 L 15 274 L 15 273 L 16 273 L 16 273 Q 16 274 17 274 L 18 274 L 18 276 L 18 278 L 19 278 L 19 278 L 19 277 L 20 277 L 20 275 Q 20 273 21 272 z 
'/>
<path style='opacity:1;fill:#2A170F;fill-rule:evenodd;stroke:#2A170F;stroke-width:1px;stroke-linecap:butt;stroke-linejoin:miter;stroke-opacity:1;' d='M 163 779 L 163 778 L 164 778 L 165 778 L 165 780 Q 165 783 168 782 Q 170 781 170 784 Q 171 786 178 786 Q 184 786 184 788 Q 184 789 188 789 Q 193 790 194 791 Q 196 792 198 793 Q 199 793 200 792 Q 200 792 200 792 L 201 792 L 202 793 Q 202 794 203 795 Q 204 795 204 799 Q 204 803 202 805 Q 200 807 202 809 Q 205 810 206 811 L 207 812 L 207 812 L 208 812 L 208 812 L 208 812 L 208 813 L 208 813 L 207 813 L 207 814 L 204 814 Q 202 815 201 815 L 201 816 L 201 816 L 202 816 L 202 816 L 202 816 L 202 817 L 202 817 L 201 818 L 201 820 L 202 820 L 203 820 L 206 821 Q 209 822 210 824 Q 210 825 211 824 Q 212 822 212 824 Q 213 826 214 827 Q 216 828 216 831 L 216 834 L 217 834 L 217 834 L 217 835 L 216 835 L 216 835 L 216 836 L 216 836 L 216 836 L 215 840 L 215 843 L 214 843 L 213 842 L 213 842 Q 212 842 209 842 Q 205 841 205 840 Q 204 839 202 840 Q 200 840 200 842 Q 200 845 198 845 Q 197 845 197 844 Q 197 843 195 843 Q 193 844 190 845 Q 188 847 188 846 Q 188 845 183 845 Q 178 844 177 843 Q 176 842 175 842 Q 174 842 174 839 Q 174 837 171 837 Q 167 838 161 839 Q 155 840 152 840 Q 149 839 150 836 L 150 833 L 150 833 L 150 832 L 150 832 L 150 832 L 149 832 L 149 832 L 148 832 Q 147 832 146 832 Q 146 833 143 834 Q 141 834 140 833 Q 140 832 138 833 L 137 834 L 137 834 L 136 834 L 136 834 L 136 834 L 136 834 L 135 834 L 135 834 L 134 834 L 134 832 L 134 831 L 135 831 Q 135 830 136 830 Q 138 829 138 826 Q 138 824 136 824 Q 135 825 134 820 L 132 814 L 132 814 L 132 814 L 131 814 Q 130 814 129 816 Q 128 818 128 817 Q 127 816 126 815 L 124 815 L 124 814 Q 124 813 125 813 Q 126 813 126 812 Q 126 811 124 810 Q 122 810 123 809 Q 124 808 122 807 L 119 806 L 119 806 L 118 806 L 118 805 L 118 804 L 117 804 L 117 804 L 117 803 L 117 803 L 118 803 L 119 802 L 119 802 L 120 802 L 120 802 L 120 802 L 120 801 L 120 801 L 121 802 L 122 803 L 122 803 L 122 804 L 122 804 L 123 804 L 123 803 L 124 803 L 124 803 L 124 802 L 125 802 Q 126 802 126 801 Q 126 800 130 800 Q 134 799 134 801 Q 135 804 136 804 L 138 804 L 138 805 L 138 805 L 139 804 Q 139 803 140 803 Q 141 803 141 802 Q 140 801 145 798 Q 150 796 151 796 Q 152 796 154 796 L 157 796 L 157 796 L 158 796 L 158 794 Q 158 793 158 792 Q 158 792 158 788 Q 158 785 159 785 Q 160 785 161 782 L 162 780 L 162 780 L 162 780 L 162 779 L 162 779 L 163 779 z 
M 200 796 L 200 796 L 201 796 L 201 796 L 202 799 Q 202 802 200 802 L 198 802 L 198 800 L 198 799 L 197 799 L 197 798 L 197 798 L 198 798 L 198 798 L 198 798 L 199 797 L 200 796 L 200 796 z 
'/>
<path style='opacity:1;fill:#23140E;fill-rule:evenodd;stroke:#23140E;stroke-width:1px;stroke-linecap:butt;stroke-linejoin:miter;stroke-opacity:1;' d='M 482 664 L 483 664 L 483 665 Q 483 666 482 667 Q 480 668 480 668 L 480 668 L 481 668 L 481 668 L 481 669 L 482 669 L 482 670 L 482 671 L 481 671 L 480 672 L 482 672 Q 484 673 484 674 Q 483 674 487 674 Q 491 674 492 673 L 493 672 L 494 672 L 496 672 L 496 674 L 496 675 L 497 675 L 497 676 L 497 676 L 496 676 L 496 677 Q 496 678 494 678 Q 492 679 492 682 L 492 686 L 493 686 L 493 686 L 493 685 L 494 685 L 494 685 L 494 686 L 495 686 Q 496 688 501 688 Q 506 689 506 690 L 506 691 L 507 695 Q 508 698 509 699 Q 510 699 510 700 Q 510 701 512 701 Q 514 701 516 704 Q 518 707 519 708 L 519 709 L 520 709 L 521 708 L 522 708 L 523 708 L 524 708 Q 524 707 525 707 L 526 707 L 526 708 Q 525 710 524 710 Q 523 710 522 713 Q 521 716 520 715 Q 519 714 518 714 Q 518 713 517 715 Q 516 718 516 718 L 516 718 L 515 719 L 514 720 L 514 719 L 514 718 L 513 718 Q 513 718 512 718 L 512 718 L 512 718 L 512 718 L 511 718 L 511 718 L 511 719 L 510 719 L 510 719 L 510 720 L 510 720 L 510 720 L 510 719 Q 510 718 510 714 L 510 710 L 509 709 L 509 708 L 508 708 L 507 708 L 507 709 L 506 709 L 506 710 L 506 711 L 505 711 L 505 712 L 505 712 L 504 712 L 504 712 L 504 712 L 504 714 Q 503 715 500 714 Q 498 714 495 716 Q 492 719 492 720 L 492 722 L 491 722 L 491 722 L 491 723 L 490 723 L 490 720 Q 490 718 488 716 Q 488 715 485 715 Q 483 714 482 712 L 481 709 L 478 709 L 475 708 L 475 708 L 474 708 L 474 708 L 474 708 L 474 710 Q 474 712 472 713 Q 470 714 469 716 L 469 717 L 468 717 Q 467 716 465 716 Q 463 714 461 712 Q 460 710 459 712 Q 459 713 456 713 Q 453 712 452 709 L 451 706 L 449 706 L 447 706 L 447 707 L 446 707 L 446 707 L 446 708 L 446 708 L 446 708 L 445 708 L 445 708 L 445 709 L 444 709 L 445 712 Q 446 714 441 719 Q 436 724 435 727 Q 434 730 434 731 Q 434 731 433 731 L 433 732 L 432 732 L 431 732 L 430 731 Q 429 730 427 730 L 425 729 L 425 728 Q 425 726 420 726 L 414 726 L 414 725 L 414 725 L 415 725 Q 415 724 416 724 Q 417 724 416 722 L 416 720 L 416 719 L 416 719 L 415 719 L 415 720 L 415 720 L 414 720 L 414 720 L 414 720 L 413 721 L 412 721 L 412 720 L 412 719 L 413 719 L 413 719 L 413 718 L 414 718 L 414 718 L 414 718 L 416 718 L 417 718 L 417 717 Q 417 716 420 714 Q 424 712 424 711 Q 424 710 427 709 Q 429 708 432 706 L 436 702 L 436 702 L 436 702 L 437 702 L 437 702 L 437 701 L 438 701 L 438 701 L 438 700 L 439 700 L 440 700 L 440 699 L 440 699 L 441 699 L 441 698 L 440 698 L 438 698 L 436 698 L 435 698 L 434 698 Q 432 698 432 699 Q 432 700 431 700 L 430 700 L 429 701 L 428 702 L 428 702 L 427 702 L 427 700 L 427 699 L 428 699 L 429 699 L 429 698 L 430 697 L 430 697 L 430 696 L 430 696 L 430 696 L 431 696 L 431 696 L 432 695 Q 433 694 433 694 Q 434 694 436 691 Q 439 688 439 687 L 439 686 L 449 680 Q 458 673 468 669 Q 477 664 479 664 Q 481 664 482 664 z 
M 506 701 Q 506 700 507 702 L 507 703 L 505 703 L 503 702 L 504 702 L 506 702 L 506 701 z 
M 418 718 Q 418 718 419 718 Q 419 718 418 718 Q 418 718 418 718 z 
'/>
<path style='opacity:1;fill:#632511;fill-rule:evenodd;stroke:#632511;stroke-width:1px;stroke-linecap:butt;stroke-linejoin:miter;stroke-opacity:1;' d='M 137 686 L 138 686 L 138 687 L 138 688 L 139 688 L 139 688 L 139 691 Q 138 694 138 696 Q 137 698 136 698 Q 135 698 135 706 Q 135 713 136 713 Q 137 713 137 717 Q 137 721 133 722 Q 129 723 130 730 Q 132 736 131 738 Q 130 741 128 742 Q 126 744 125 747 Q 123 750 122 750 L 122 750 L 122 749 Q 122 748 124 747 L 124 746 L 124 745 Q 124 744 122 744 Q 119 744 118 739 Q 116 735 115 736 Q 114 736 114 735 Q 114 734 108 733 Q 103 732 103 733 Q 102 734 101 733 Q 100 732 98 732 Q 95 732 94 733 L 93 734 L 92 734 Q 92 734 89 733 Q 86 733 86 732 Q 86 731 80 728 L 74 724 L 74 724 L 74 724 L 75 723 L 76 722 L 76 722 L 76 722 L 76 721 L 76 720 L 76 720 L 76 720 L 76 719 L 76 719 L 77 719 L 77 718 L 77 718 Q 76 718 73 717 Q 70 716 69 714 Q 68 712 69 712 Q 70 712 70 708 Q 70 705 68 706 Q 67 706 67 703 L 66 699 L 67 699 L 67 698 L 68 698 L 69 698 L 69 697 L 68 697 L 68 697 L 68 696 L 68 696 L 68 696 L 68 696 L 68 695 L 69 695 L 69 696 L 69 696 L 70 696 L 70 696 L 70 696 L 70 697 L 70 697 L 75 699 Q 79 700 88 700 Q 97 698 103 698 Q 108 697 109 696 Q 109 695 116 695 Q 122 694 128 694 L 134 694 L 134 693 L 134 693 L 135 690 L 135 687 L 136 687 L 137 686 L 137 686 z 
'/>
<path style='opacity:1;fill:#615530;fill-rule:evenodd;stroke:#615530;stroke-width:1px;stroke-linecap:butt;stroke-linejoin:miter;stroke-opacity:1;' d='M 216 438 L 216 437 L 217 437 Q 218 437 218 438 Q 218 439 224 440 Q 230 440 230 441 Q 230 442 231 441 Q 231 440 233 440 Q 234 441 235 442 Q 235 443 238 444 Q 241 445 242 448 Q 242 450 242 450 L 242 450 L 242 451 L 242 451 L 243 451 L 243 452 L 244 452 Q 245 452 245 453 L 245 453 L 245 453 Q 244 453 243 454 L 242 454 L 244 455 Q 245 456 245 458 Q 245 461 243 462 Q 242 463 241 464 Q 241 465 242 465 Q 244 465 244 468 Q 244 470 244 471 Q 243 472 243 473 Q 243 475 239 477 Q 235 478 236 479 Q 236 480 237 481 L 237 482 L 237 482 Q 237 482 231 484 L 225 485 L 226 486 Q 226 488 227 488 Q 228 488 228 489 L 228 490 L 226 490 L 225 490 L 225 489 L 224 489 L 223 488 Q 221 488 221 490 L 220 491 L 220 491 L 220 491 L 220 490 L 220 488 L 219 487 L 218 486 L 218 486 L 218 486 L 218 485 L 218 485 L 217 485 Q 217 484 216 486 Q 215 486 215 484 Q 214 481 208 480 Q 202 480 203 478 Q 204 478 200 476 Q 196 476 195 475 Q 194 474 192 472 Q 190 470 189 469 Q 187 468 185 469 L 183 469 L 183 470 L 183 472 L 182 472 L 181 472 L 181 471 L 181 471 L 181 470 L 182 470 L 182 470 L 182 470 L 182 469 L 182 469 L 181 469 L 181 468 L 181 468 L 180 468 L 180 468 L 180 468 L 180 467 L 180 467 L 179 467 L 179 466 L 179 466 L 179 466 L 180 466 L 182 466 L 182 465 L 182 465 L 183 465 L 183 464 L 183 464 Q 184 464 191 462 Q 199 460 198 459 Q 198 457 199 457 Q 200 456 200 455 Q 199 453 200 452 Q 202 452 201 451 Q 200 450 200 448 L 201 446 L 202 446 Q 203 446 209 445 L 215 444 L 215 444 L 216 444 L 216 443 L 216 442 L 215 442 Q 215 442 215 441 L 216 441 L 216 441 L 216 440 L 216 440 L 216 440 L 217 440 Q 217 440 216 438 z 
'/>
<path style='opacity:1;fill:#6D5F28;fill-rule:evenodd;stroke:#6D5F28;stroke-width:1px;stroke-linecap:butt;stroke-linejoin:miter;stroke-opacity:1;' d='M 48 256 L 48 253 L 48 253 L 48 253 L 48 254 L 48 255 L 49 255 L 49 256 L 50 256 Q 51 256 51 255 Q 51 254 52 254 Q 54 255 54 254 Q 55 254 56 253 Q 58 253 59 257 Q 60 261 62 260 Q 63 260 64 259 L 66 259 L 68 259 L 69 259 L 69 260 L 68 261 L 67 264 Q 65 266 68 268 Q 70 270 71 273 Q 71 276 70 276 Q 68 277 69 284 Q 69 292 69 295 Q 69 298 71 298 Q 72 299 73 300 Q 74 302 74 302 L 75 302 L 75 302 L 75 302 L 75 303 L 74 303 L 74 304 Q 74 305 71 306 Q 68 308 66 310 Q 64 313 65 314 Q 66 314 66 315 Q 66 316 66 317 L 66 318 L 64 318 L 62 318 L 60 318 L 59 318 L 58 318 L 57 318 L 57 316 Q 56 315 57 314 Q 57 312 56 312 Q 55 312 54 308 Q 53 303 52 303 Q 51 303 51 304 Q 50 305 50 303 Q 50 301 48 302 Q 46 303 46 300 Q 46 298 45 300 Q 44 301 43 301 Q 42 300 41 301 L 40 302 L 40 302 L 39 302 L 39 301 L 38 301 L 38 300 L 38 298 L 38 297 Q 38 296 37 294 Q 37 291 38 291 Q 39 291 38 284 L 38 278 L 38 278 Q 38 278 40 278 Q 41 278 42 271 Q 42 264 46 263 Q 49 262 49 260 Q 50 259 48 256 z 
'/>
<path style='opacity:1;fill:#532F13;fill-rule:evenodd;stroke:#532F13;stroke-width:1px;stroke-linecap:butt;stroke-linejoin:miter;stroke-opacity:1;' d='M 386 674 L 386 675 L 386 676 Q 387 678 388 677 Q 390 676 390 678 Q 390 680 392 682 Q 394 684 396 684 Q 397 685 397 687 Q 396 689 396 690 L 396 690 L 396 690 Q 395 690 396 691 L 396 691 L 396 692 L 396 693 L 396 696 Q 396 698 394 698 Q 391 699 390 700 Q 390 700 388 701 Q 386 702 386 704 Q 386 705 384 706 Q 382 706 380 705 Q 380 704 378 707 Q 378 710 378 713 Q 379 716 376 716 Q 372 716 370 719 Q 368 721 368 721 L 368 722 L 368 722 L 368 722 L 367 723 L 367 724 L 367 724 L 366 724 L 366 726 L 366 727 L 365 727 L 364 728 L 363 728 L 362 728 L 362 727 L 362 727 L 361 722 L 361 716 L 361 716 Q 362 715 362 714 Q 363 712 363 711 Q 363 709 362 709 Q 361 710 360 708 L 360 707 L 360 706 Q 360 705 363 704 Q 365 702 365 700 Q 365 698 365 697 Q 365 695 366 695 Q 367 695 366 690 L 364 684 L 364 684 L 364 684 L 363 684 L 363 684 L 363 683 L 364 683 L 364 683 L 364 682 L 364 682 L 364 682 L 366 682 L 367 682 L 368 682 L 370 682 L 374 683 Q 379 683 382 678 Q 386 674 386 674 z 
'/>
<path style='opacity:1;fill:#804313;fill-rule:evenodd;stroke:#804313;stroke-width:1px;stroke-linecap:butt;stroke-linejoin:miter;stroke-opacity:1;' d='M 277 637 L 278 635 L 279 636 Q 280 636 280 636 L 280 636 L 281 637 L 282 638 L 283 638 L 284 638 L 285 639 L 286 640 L 286 640 L 287 640 L 288 640 L 288 640 L 288 640 Q 288 640 289 641 L 290 642 L 294 644 Q 298 646 299 646 L 300 646 L 299 648 Q 298 649 297 650 Q 296 652 296 652 L 296 652 L 295 652 Q 294 653 292 656 Q 291 658 290 658 Q 290 658 290 659 L 289 659 L 288 659 Q 287 658 286 658 Q 284 656 282 654 Q 281 651 280 651 Q 279 651 279 652 Q 278 653 277 652 L 275 650 L 275 650 Q 275 650 274 649 Q 273 648 274 646 L 275 644 L 274 644 L 273 644 L 273 643 L 274 643 L 274 643 L 274 642 L 274 642 L 274 642 L 275 641 Q 276 640 276 640 Q 276 639 277 637 z 
'/>
<path style='opacity:1;fill:#8C7730;fill-rule:evenodd;stroke:#8C7730;stroke-width:1px;stroke-linecap:butt;stroke-linejoin:miter;stroke-opacity:1;' d='M 618 1 L 618 0 L 650 0 L 683 0 L 691 2 Q 698 4 699 5 Q 699 6 702 6 Q 706 6 706 7 Q 706 8 714 10 Q 722 13 722 14 Q 722 16 724 16 Q 726 17 727 20 Q 729 22 730 22 Q 731 22 731 23 Q 731 24 734 24 Q 738 23 737 25 Q 736 27 738 28 Q 739 28 739 29 Q 739 30 740 30 Q 742 29 742 30 Q 742 32 743 31 Q 743 30 745 29 Q 747 28 748 28 L 749 28 L 749 28 L 750 28 L 750 27 L 750 26 L 751 26 L 751 26 L 751 27 L 752 27 L 752 28 Q 753 30 752 30 Q 751 30 751 31 L 752 32 L 752 32 L 752 32 L 752 33 Q 752 34 754 34 Q 756 34 755 36 Q 754 38 755 39 Q 756 39 757 42 Q 758 45 758 45 Q 760 45 759 46 Q 758 46 758 47 Q 759 48 760 48 Q 760 47 760 49 Q 760 51 761 52 Q 762 52 763 53 Q 763 54 761 56 Q 760 57 759 59 Q 758 61 759 62 L 759 62 L 758 62 Q 758 62 757 64 Q 756 64 754 65 Q 751 65 751 66 Q 752 68 749 68 Q 746 69 746 70 Q 746 71 745 71 Q 744 72 742 74 Q 741 78 738 80 L 735 82 L 736 83 Q 737 83 737 84 L 736 85 L 736 85 L 736 86 L 735 86 L 734 86 L 734 84 Q 734 83 733 82 L 732 80 L 732 81 Q 732 82 731 84 Q 730 85 729 86 Q 728 86 724 88 Q 720 88 720 90 Q 719 91 717 91 Q 715 92 713 93 Q 712 94 709 94 Q 706 95 706 97 Q 706 99 705 99 Q 703 100 702 100 Q 701 100 700 100 Q 700 99 698 100 Q 697 100 697 101 Q 696 102 695 102 Q 694 103 694 104 Q 694 105 693 105 Q 692 104 691 105 Q 690 106 686 106 Q 682 107 680 108 Q 678 108 678 107 Q 678 106 677 106 Q 676 106 676 104 L 676 103 L 675 103 L 675 104 L 674 104 L 673 104 L 673 104 Q 672 103 672 102 Q 672 101 671 102 Q 671 104 670 104 L 669 104 L 669 103 Q 670 102 669 100 Q 668 98 669 96 Q 669 94 670 94 Q 671 94 670 93 Q 669 93 669 90 Q 669 88 667 88 Q 664 88 663 87 Q 662 86 662 84 Q 662 83 660 83 Q 657 82 656 82 Q 656 81 653 81 L 650 81 L 650 81 L 650 80 L 649 80 Q 648 80 648 79 Q 648 78 646 77 Q 643 76 644 74 Q 644 71 643 70 Q 641 70 641 69 Q 641 68 642 68 Q 644 68 644 66 Q 644 66 641 64 Q 638 64 638 61 Q 638 58 637 58 Q 636 58 636 52 Q 636 47 633 47 Q 630 48 630 45 L 629 43 L 630 43 Q 631 42 632 40 Q 632 38 633 38 Q 634 38 633 34 Q 632 30 631 29 Q 630 28 629 27 L 628 26 L 628 25 Q 629 24 631 23 Q 634 23 634 22 L 634 22 L 633 22 L 633 22 L 633 21 Q 632 21 632 21 Q 630 21 629 18 Q 627 14 626 14 Q 625 14 625 13 Q 625 12 622 12 Q 620 12 620 11 Q 621 10 619 10 L 617 10 L 617 10 Q 617 10 616 9 L 615 8 L 615 8 L 616 8 L 616 8 L 616 7 L 615 6 L 614 5 L 614 5 L 614 4 L 614 4 L 614 4 L 614 3 Q 615 2 616 2 Q 618 2 618 1 z 
M 748 66 Q 748 65 749 65 Q 750 65 750 66 Q 750 67 749 67 Q 748 67 748 66 z 
M 652 80 Q 652 80 652 79 Q 652 79 652 80 Q 652 80 652 80 z 
'/>
<path style='opacity:1;fill:#E29427;fill-rule:evenodd;stroke:#E29427;stroke-width:1px;stroke-linecap:butt;stroke-linejoin:miter;stroke-opacity:1;' d='M 377 250 L 379 250 L 379 250 L 378 251 L 378 251 L 378 252 L 377 252 L 376 252 L 376 253 L 376 253 L 376 254 L 376 256 L 376 256 L 376 256 L 376 257 L 376 257 L 375 258 L 375 259 L 372 264 Q 368 270 368 272 L 368 273 L 367 273 L 366 274 L 364 278 Q 362 282 362 286 L 362 291 L 362 291 Q 361 290 360 290 Q 360 290 360 290 Q 359 289 358 289 Q 357 289 357 288 Q 357 286 354 286 Q 352 287 352 286 L 351 285 L 351 284 Q 350 284 350 278 Q 350 273 348 272 L 346 271 L 346 270 L 346 268 L 346 267 Q 346 266 343 262 L 341 258 L 341 258 L 340 258 L 340 258 L 340 258 L 340 257 L 340 257 L 339 256 L 338 255 L 338 255 L 338 254 L 338 254 L 338 254 L 338 253 L 338 252 L 339 252 L 339 252 L 339 253 L 340 253 L 340 254 L 340 255 L 342 255 L 344 256 L 346 255 Q 348 254 349 255 Q 350 256 351 256 Q 352 256 354 257 Q 355 258 360 259 Q 364 260 368 256 Q 372 252 374 252 Q 375 252 375 251 Q 375 250 377 250 z 
'/>
<path style='opacity:1;fill:#7D4A16;fill-rule:evenodd;stroke:#7D4A16;stroke-width:1px;stroke-linecap:butt;stroke-linejoin:miter;stroke-opacity:1;' d='M 109 635 L 109 635 L 109 635 L 110 635 L 110 636 Q 110 638 112 638 L 114 638 L 114 638 L 114 638 L 112 639 L 110 639 L 110 642 L 110 644 L 111 644 L 111 644 L 112 644 L 113 644 L 114 644 L 115 644 L 115 646 L 116 648 L 116 648 L 116 648 L 117 648 Q 118 648 118 649 Q 118 650 117 650 L 117 651 L 113 652 Q 108 653 107 654 Q 106 654 105 656 Q 104 658 104 657 Q 104 656 103 656 Q 102 656 102 658 Q 102 660 101 660 Q 100 659 99 663 L 99 667 L 98 667 L 97 667 L 97 666 L 96 665 L 96 665 L 96 664 L 96 664 L 96 664 L 97 663 L 97 662 L 96 662 L 95 662 L 95 661 L 94 661 L 94 660 Q 94 659 95 657 Q 96 655 94 655 Q 92 655 91 651 Q 90 647 89 646 Q 88 646 82 646 L 76 646 L 75 645 L 74 645 L 74 644 L 74 644 L 75 642 L 75 641 L 76 641 L 76 640 L 76 640 L 76 640 L 77 640 L 77 640 L 78 639 L 80 638 L 80 638 L 80 638 L 81 638 L 81 638 L 82 637 Q 84 636 82 634 Q 81 632 83 632 Q 84 632 85 633 Q 85 634 86 634 Q 87 634 88 635 Q 88 636 90 637 Q 92 637 93 638 Q 93 640 99 638 Q 105 636 107 635 Q 108 635 109 635 z 
'/>
<path style='opacity:1;fill:#543F12;fill-rule:evenodd;stroke:#543F12;stroke-width:1px;stroke-linecap:butt;stroke-linejoin:miter;stroke-opacity:1;' d='M 766 462 L 766 462 L 766 462 L 766 462 L 766 463 L 766 463 L 767 467 L 768 471 L 768 471 L 768 472 L 768 472 L 768 472 L 769 472 L 769 472 L 770 473 Q 772 474 772 474 L 772 474 L 772 476 L 772 478 L 773 478 L 774 478 L 774 480 L 774 481 L 773 482 L 772 483 L 772 484 L 772 485 L 772 485 L 771 485 L 771 485 Q 771 484 770 485 L 768 485 L 768 485 L 768 484 L 767 484 L 766 484 L 766 483 L 766 482 L 764 482 Q 763 482 763 480 Q 762 478 762 479 Q 762 480 760 481 Q 757 482 757 481 Q 756 480 753 479 Q 749 478 742 480 L 735 481 L 735 480 Q 734 480 733 480 Q 732 480 727 481 L 722 482 L 722 482 L 722 482 L 721 482 L 721 482 L 720 481 L 719 481 L 719 481 L 719 480 L 719 480 L 720 480 L 720 479 L 720 478 L 720 477 L 720 476 L 720 476 L 720 476 L 720 475 L 720 475 L 721 475 L 721 474 L 721 474 L 722 474 L 722 474 L 722 474 L 722 473 L 722 473 L 723 472 Q 724 470 724 470 L 724 469 L 724 469 Q 724 469 725 468 L 725 468 L 725 468 Q 726 467 726 467 L 726 468 L 728 468 L 730 468 L 730 468 L 730 468 L 730 469 Q 730 469 731 468 L 731 468 L 732 468 Q 732 468 732 467 L 732 467 L 733 467 L 733 468 L 733 468 L 734 468 L 734 468 L 734 468 L 736 467 Q 737 467 738 464 Q 738 462 740 463 Q 741 464 742 464 Q 744 464 745 464 Q 746 464 754 464 Q 763 464 764 463 Q 764 462 765 462 Q 766 462 766 462 z 
'/>
<path style='opacity:1;fill:#D78A2A;fill-rule:evenodd;stroke:#D78A2A;stroke-width:1px;stroke-linecap:butt;stroke-linejoin:miter;stroke-opacity:1;' d='M 336 382 L 338 382 L 340 381 L 341 381 L 343 381 L 345 381 L 345 381 L 346 381 L 346 381 L 346 382 L 351 382 Q 356 384 358 384 L 359 384 L 362 384 Q 364 384 366 385 L 367 385 L 366 387 Q 366 388 356 390 Q 347 392 346 394 Q 346 396 350 399 Q 354 402 354 402 L 354 403 L 352 403 Q 350 404 349 403 Q 348 403 346 403 Q 344 403 344 406 L 343 408 L 343 409 L 342 409 L 342 412 L 342 415 L 342 415 L 341 414 L 341 414 L 341 414 L 341 414 L 340 413 L 340 413 L 340 412 L 340 412 L 340 412 L 339 412 L 339 412 L 339 411 L 338 411 L 338 410 Q 338 408 337 405 Q 336 402 333 397 Q 330 392 329 390 L 328 387 L 329 386 L 329 385 L 332 384 Q 335 382 336 382 z 
'/>
<path style='opacity:1;fill:#AE641D;fill-rule:evenodd;stroke:#AE641D;stroke-width:1px;stroke-linecap:butt;stroke-linejoin:miter;stroke-opacity:1;' d='M 364 278 L 366 274 L 367 273 L 368 273 L 368 276 Q 368 278 368 282 L 368 286 L 369 287 L 369 288 L 370 288 L 372 288 L 373 288 L 374 288 L 377 286 Q 380 284 380 283 Q 381 282 382 282 Q 383 282 384 282 L 385 282 L 384 284 Q 384 286 385 289 Q 386 292 386 293 L 386 294 L 386 295 L 386 296 L 386 296 L 386 297 L 385 298 Q 384 300 385 300 L 386 300 L 385 303 Q 384 306 384 310 Q 385 314 384 315 Q 384 316 385 316 Q 386 316 386 330 Q 386 343 387 344 L 387 346 L 387 346 L 386 347 L 386 348 L 386 349 L 385 348 Q 385 346 383 346 L 381 347 L 371 347 Q 361 348 358 350 L 354 353 L 354 353 L 354 354 L 354 354 L 354 354 L 353 354 L 353 354 L 351 355 L 349 355 L 349 355 L 349 354 L 350 354 L 352 354 L 350 353 L 349 352 L 349 352 L 350 352 L 350 351 L 350 350 L 350 350 L 350 350 L 351 350 L 351 350 L 351 349 Q 352 349 353 347 Q 355 346 356 340 Q 358 335 360 313 L 362 291 L 362 286 Q 362 282 364 278 z 
'/>
<path style='opacity:1;fill:#7E3E16;fill-rule:evenodd;stroke:#7E3E16;stroke-width:1px;stroke-linecap:butt;stroke-linejoin:miter;stroke-opacity:1;' d='M 220 1080 L 224 1075 L 224 1076 L 224 1078 L 225 1080 L 226 1082 L 226 1083 L 226 1084 L 227 1084 L 227 1084 L 227 1083 L 228 1083 L 228 1083 L 228 1082 L 228 1082 L 228 1082 L 229 1081 Q 230 1080 231 1080 Q 232 1079 232 1078 Q 232 1077 234 1077 L 237 1076 L 238 1076 L 239 1076 L 239 1077 L 240 1077 L 240 1077 L 240 1078 L 240 1078 L 240 1078 L 239 1080 L 238 1082 L 238 1083 L 238 1084 L 237 1084 L 237 1084 L 236 1086 Q 236 1087 233 1090 Q 230 1093 228 1096 Q 226 1098 225 1100 L 224 1101 L 224 1102 L 224 1103 L 223 1103 L 223 1104 L 223 1104 L 222 1104 L 222 1106 L 222 1107 L 223 1108 L 223 1109 L 224 1109 L 226 1108 L 226 1108 L 226 1108 L 227 1108 L 227 1108 L 227 1109 L 227 1110 L 226 1110 L 225 1110 L 225 1111 L 224 1111 L 224 1111 L 224 1112 L 224 1113 Q 223 1114 220 1115 Q 218 1116 217 1115 Q 216 1114 216 1116 Q 216 1119 214 1118 Q 212 1117 211 1117 L 211 1117 L 211 1117 Q 211 1116 210 1116 L 209 1116 L 209 1116 Q 208 1115 208 1116 L 208 1116 L 208 1116 L 208 1116 L 207 1116 L 207 1117 L 207 1117 Q 207 1118 206 1118 L 205 1118 L 204 1118 L 203 1118 L 203 1118 L 202 1118 L 202 1117 L 202 1116 L 201 1116 L 201 1116 L 200 1115 L 199 1115 L 199 1114 L 199 1113 L 200 1113 L 201 1114 L 201 1114 L 202 1114 L 202 1113 L 202 1112 L 202 1110 Q 202 1107 204 1102 Q 206 1097 207 1098 Q 208 1098 212 1092 Q 216 1086 220 1080 z 
'/>
<path style='opacity:1;fill:#29110C;fill-rule:evenodd;stroke:#29110C;stroke-width:1px;stroke-linecap:butt;stroke-linejoin:miter;stroke-opacity:1;' d='M 465 1034 L 465 1034 L 466 1035 Q 466 1036 467 1036 Q 468 1036 470 1040 Q 472 1044 480 1046 Q 488 1048 488 1049 Q 488 1050 489 1050 L 489 1050 L 490 1050 L 490 1050 L 490 1050 L 490 1050 L 491 1050 L 491 1050 L 491 1049 L 491 1049 L 492 1050 Q 494 1052 495 1051 Q 496 1051 496 1052 Q 496 1053 497 1053 Q 498 1053 498 1054 Q 498 1055 499 1060 L 500 1064 L 500 1064 L 500 1064 L 500 1065 L 500 1065 L 501 1066 L 501 1067 L 502 1067 L 504 1066 L 504 1066 L 504 1066 L 505 1066 L 505 1066 L 505 1065 L 505 1065 L 505 1065 Q 506 1065 506 1066 L 506 1067 L 504 1076 Q 502 1085 500 1086 Q 498 1088 497 1090 Q 496 1092 489 1091 Q 482 1090 481 1088 Q 480 1086 480 1085 L 480 1084 L 479 1084 Q 479 1084 478 1084 L 477 1084 L 477 1084 L 478 1084 L 478 1083 L 478 1082 L 477 1082 L 476 1082 L 476 1083 L 476 1083 L 476 1086 Q 476 1088 475 1088 Q 474 1087 472 1090 Q 470 1092 469 1092 Q 468 1092 467 1091 Q 466 1090 466 1092 Q 466 1094 465 1096 L 465 1097 L 463 1097 L 461 1097 L 461 1095 Q 460 1093 457 1092 Q 454 1090 453 1092 L 452 1094 L 450 1094 L 449 1094 L 449 1093 L 448 1093 L 448 1093 L 448 1093 L 448 1092 L 448 1092 L 449 1092 L 449 1092 L 449 1091 L 450 1091 L 450 1090 L 450 1089 L 450 1088 L 450 1087 L 450 1086 L 450 1084 L 449 1082 L 448 1081 L 448 1081 L 448 1080 L 448 1080 L 448 1080 L 447 1080 L 447 1080 L 447 1080 L 446 1079 L 446 1079 L 446 1078 L 446 1078 Q 446 1078 444 1076 Q 442 1073 440 1069 Q 436 1065 434 1064 L 432 1062 L 432 1062 Q 432 1061 431 1061 L 431 1061 L 431 1059 L 432 1057 L 432 1051 Q 432 1045 432 1042 L 432 1040 L 432 1040 L 432 1040 L 432 1039 L 432 1039 L 433 1039 L 433 1038 L 433 1038 L 434 1038 L 434 1038 L 434 1038 L 434 1037 L 434 1037 L 435 1037 L 436 1038 L 437 1038 L 438 1038 L 442 1040 Q 445 1042 448 1044 Q 451 1046 458 1046 L 464 1046 L 464 1046 L 464 1046 L 465 1045 L 466 1044 L 466 1043 L 466 1042 L 465 1038 L 465 1035 L 465 1034 z 
M 463 1090 Q 464 1090 464 1090 Q 464 1090 464 1090 L 463 1090 L 463 1090 z 
'/>
<path style='opacity:1;fill:#736325;fill-rule:evenodd;stroke:#736325;stroke-width:1px;stroke-linecap:butt;stroke-linejoin:miter;stroke-opacity:1;' d='M 223 289 L 223 287 L 223 287 L 224 287 L 224 287 L 224 288 L 226 287 Q 228 287 229 289 Q 230 290 231 289 Q 232 287 233 287 L 234 287 L 234 288 L 234 289 L 235 292 L 236 294 L 236 297 Q 236 300 237 301 L 237 302 L 236 302 Q 235 302 235 301 Q 235 300 234 300 L 232 300 L 232 298 Q 232 297 230 300 L 228 302 L 228 300 Q 228 298 226 295 Q 226 292 224 292 Q 223 291 223 289 z 
'/>
<path style='opacity:1;fill:#23110B;fill-rule:evenodd;stroke:#23110B;stroke-width:1px;stroke-linecap:butt;stroke-linejoin:miter;stroke-opacity:1;' d='M 653 659 L 655 659 L 655 660 L 655 661 L 656 662 Q 658 662 659 666 Q 660 670 661 670 Q 662 671 663 672 Q 663 672 664 672 Q 666 672 665 671 Q 664 670 666 670 Q 669 670 669 672 Q 670 673 670 673 L 670 674 L 670 674 L 671 674 L 672 673 L 674 673 L 674 671 L 674 669 L 676 670 Q 678 672 678 673 Q 678 674 680 676 Q 682 677 682 682 Q 682 688 684 688 Q 685 689 685 694 Q 685 698 683 697 Q 682 696 682 699 Q 682 702 683 703 Q 684 704 684 706 Q 684 708 684 712 L 684 715 L 684 716 L 684 717 L 680 717 Q 675 718 672 718 Q 669 719 669 721 Q 668 723 665 727 Q 661 730 658 731 Q 656 732 655 733 Q 654 734 652 735 Q 650 736 650 737 Q 650 738 647 739 Q 644 740 638 742 L 633 745 L 632 745 Q 632 744 630 744 L 629 743 L 629 740 Q 628 738 628 738 Q 627 738 627 736 Q 626 734 626 732 Q 624 729 624 730 Q 624 731 621 730 Q 618 730 616 726 Q 614 722 614 716 Q 614 710 612 710 L 611 711 L 610 711 Q 608 710 608 710 L 608 710 L 607 710 L 607 710 L 607 709 L 608 709 L 608 708 L 608 706 L 609 706 L 609 706 L 609 705 L 610 705 L 610 704 Q 610 703 613 702 Q 616 702 618 699 Q 619 696 618 696 L 616 696 L 616 696 L 616 696 L 617 695 L 618 694 L 620 694 L 621 694 L 621 693 L 621 693 L 622 693 Q 622 692 626 692 Q 631 690 638 690 Q 646 690 646 687 Q 645 685 646 685 Q 647 685 648 683 Q 648 681 650 681 Q 652 681 651 680 Q 650 680 651 679 Q 652 679 652 671 L 651 663 L 651 661 Q 651 659 653 659 z 
M 676 675 Q 676 674 676 674 Q 676 674 676 674 Q 676 675 676 675 z 
M 649 683 Q 650 683 650 683 Q 650 684 650 684 Q 649 684 649 683 z 
'/>
<path style='opacity:1;fill:#3C371B;fill-rule:evenodd;stroke:#3C371B;stroke-width:1px;stroke-linecap:butt;stroke-linejoin:miter;stroke-opacity:1;' d='M 55 327 L 56 326 L 58 328 Q 59 330 60 330 Q 60 329 60 332 Q 59 336 59 337 Q 59 339 60 339 Q 62 339 62 340 Q 63 340 65 343 Q 68 345 68 348 Q 68 350 73 352 Q 78 353 78 357 Q 78 361 78 362 Q 78 364 78 365 L 78 366 L 78 368 L 78 370 L 79 370 L 80 370 L 80 369 L 80 369 L 81 368 Q 82 367 82 366 Q 82 365 85 364 Q 87 364 87 363 Q 87 362 88 362 L 89 362 L 89 363 L 90 363 L 90 363 L 90 364 L 90 364 L 90 364 L 91 364 L 91 364 L 91 365 L 92 365 L 92 365 L 92 366 L 92 366 L 92 366 L 93 366 L 93 366 L 94 367 L 94 367 L 94 367 L 95 367 L 96 367 L 96 367 L 96 367 L 96 368 L 96 368 L 96 368 L 96 372 L 96 375 L 96 376 Q 96 378 95 378 Q 94 378 94 377 Q 93 376 92 377 Q 90 378 90 380 Q 89 382 88 383 Q 88 383 86 388 Q 86 394 86 394 Q 86 395 87 396 L 87 397 L 84 397 Q 80 398 78 398 Q 75 400 74 399 Q 72 399 71 400 Q 70 402 66 400 Q 62 398 60 398 Q 59 398 60 398 Q 61 398 61 399 Q 61 400 60 400 Q 58 399 58 400 Q 58 401 55 401 Q 52 401 52 404 Q 52 408 51 408 Q 50 408 49 408 L 48 408 L 47 407 L 46 406 L 45 406 L 44 406 L 44 407 L 44 408 L 43 408 L 43 408 L 42 408 L 40 408 L 40 407 L 40 406 L 41 405 Q 42 404 42 404 Q 42 403 42 394 Q 40 386 39 386 Q 38 387 38 384 L 38 381 L 38 378 Q 38 376 40 376 Q 42 376 41 372 Q 40 369 41 368 Q 43 366 43 364 L 42 362 L 42 362 L 42 362 L 42 361 L 42 361 L 42 360 L 42 359 L 42 359 L 42 358 L 41 358 Q 40 358 40 360 Q 39 361 38 361 Q 37 361 37 354 L 37 346 L 36 346 Q 34 346 34 347 Q 34 348 34 348 Q 33 348 33 345 Q 33 342 32 342 Q 31 342 31 341 L 31 340 L 32 340 L 33 340 L 33 339 L 34 339 L 34 336 Q 34 334 37 332 Q 39 330 40 329 Q 42 327 43 328 Q 45 328 46 331 Q 46 333 49 332 Q 52 330 52 329 Q 52 328 53 328 Q 54 328 55 327 z 
M 51 332 L 52 332 L 52 333 L 52 333 L 51 333 L 51 334 L 51 334 L 50 334 L 50 333 Q 50 332 51 332 z 
M 42 405 L 42 405 L 43 405 Q 43 406 42 406 L 42 406 L 42 405 z 
'/>
<path style='opacity:1;fill:#DA962B;fill-rule:evenodd;stroke:#DA962B;stroke-width:1px;stroke-linecap:butt;stroke-linejoin:miter;stroke-opacity:1;' d='M 386 511 L 386 511 L 387 514 Q 387 516 389 516 Q 391 516 392 517 Q 392 518 394 519 Q 396 519 395 521 Q 395 524 396 524 Q 397 524 397 525 L 397 525 L 397 526 L 397 527 L 396 527 L 395 528 L 395 528 L 394 528 L 394 528 L 394 528 L 396 529 L 397 529 L 397 530 L 397 531 L 398 531 L 399 531 L 399 531 L 399 532 L 399 532 L 398 532 L 398 532 L 398 532 L 398 532 L 397 532 L 397 532 L 396 532 L 396 532 L 396 532 L 396 531 Q 396 531 395 532 L 395 534 L 394 534 Q 393 534 393 533 Q 393 532 390 532 Q 388 532 388 533 Q 388 534 387 533 Q 386 532 382 533 Q 377 534 376 533 Q 376 531 375 532 Q 374 534 374 533 Q 374 532 371 532 L 368 532 L 368 532 L 368 532 L 368 534 Q 368 536 368 537 Q 368 538 368 538 L 368 538 L 368 538 L 367 538 L 367 538 L 366 538 L 366 538 L 366 538 L 364 537 Q 362 537 362 538 Q 362 539 361 537 Q 360 534 357 535 Q 354 536 352 536 Q 350 536 349 539 Q 348 541 348 540 L 346 538 L 346 538 L 346 538 L 346 538 L 345 538 L 344 538 L 343 538 L 343 539 L 342 539 L 342 539 L 342 540 L 341 540 L 340 540 L 340 540 L 340 539 L 341 539 L 341 538 L 341 538 L 342 538 L 342 536 Q 342 534 343 531 Q 344 528 343 528 L 342 527 L 342 527 Q 342 526 343 526 Q 344 526 344 525 Q 343 524 344 524 Q 346 524 348 521 Q 349 519 350 519 Q 351 519 351 518 Q 351 517 352 517 Q 353 516 354 514 Q 355 512 356 512 L 357 512 L 358 512 Q 358 512 358 511 L 358 511 L 359 512 Q 360 512 360 512 L 360 512 L 360 512 L 361 512 L 361 512 L 362 512 L 363 511 Q 364 510 369 511 Q 374 512 375 514 Q 376 516 378 516 Q 380 516 381 515 Q 382 514 384 515 Q 385 516 386 514 Q 386 512 386 511 z 
'/>
<path style='opacity:1;fill:#D3861E;fill-rule:evenodd;stroke:#D3861E;stroke-width:1px;stroke-linecap:butt;stroke-linejoin:miter;stroke-opacity:1;' d='M 469 560 L 469 559 L 470 562 Q 472 564 472 566 L 472 568 L 473 568 L 474 568 L 474 567 L 474 567 L 475 567 L 475 568 L 478 568 L 480 568 L 481 567 L 482 566 L 484 566 L 485 566 L 485 566 Q 486 567 486 568 L 486 569 L 486 570 L 486 571 L 486 573 L 486 575 L 487 583 Q 488 591 486 598 Q 485 604 484 604 Q 482 605 482 607 Q 482 609 481 609 L 480 609 L 480 610 L 480 611 L 483 611 Q 485 612 486 613 Q 488 614 488 616 Q 488 619 488 622 Q 489 624 490 624 Q 491 624 490 626 Q 490 627 489 630 L 489 632 L 489 632 L 489 632 L 489 633 L 488 633 L 488 633 L 488 634 L 487 634 L 486 634 L 486 633 L 486 632 L 485 632 L 485 632 L 484 632 Q 483 632 480 633 Q 478 634 478 633 Q 478 632 475 632 Q 472 631 473 630 Q 474 628 473 627 Q 472 626 468 626 Q 465 628 463 626 L 461 624 L 461 622 Q 461 619 460 618 Q 458 618 458 609 Q 458 600 459 600 L 460 599 L 461 599 L 461 598 L 461 598 L 460 598 L 460 598 Q 460 598 459 596 L 458 595 L 458 595 Q 458 594 457 596 Q 456 597 455 596 Q 455 594 454 594 Q 453 594 454 592 Q 454 589 453 588 Q 451 586 451 584 Q 451 582 452 582 Q 453 582 453 581 Q 452 580 455 577 Q 457 574 458 572 Q 458 570 459 570 L 460 569 L 460 569 L 460 569 L 461 569 L 461 570 L 462 570 L 463 570 L 463 569 L 462 568 L 462 567 L 462 566 L 463 566 L 463 566 L 463 565 Q 464 565 464 564 L 464 563 L 463 563 Q 463 562 463 562 L 462 562 L 462 561 L 462 560 L 463 560 Q 464 560 466 561 L 469 561 L 469 560 z 
M 479 631 Q 480 631 480 631 Q 480 632 480 632 Q 479 632 479 631 z 
'/>
<path style='opacity:1;fill:#371E10;fill-rule:evenodd;stroke:#371E10;stroke-width:1px;stroke-linecap:butt;stroke-linejoin:miter;stroke-opacity:1;' d='M 562 739 L 566 738 L 566 739 Q 566 740 565 740 Q 564 740 565 743 Q 566 746 565 746 Q 564 746 563 751 Q 562 756 564 756 Q 566 756 567 759 Q 568 762 568 766 Q 568 769 568 772 L 568 775 L 567 775 Q 566 775 565 778 Q 564 780 562 780 Q 560 780 558 780 Q 555 780 554 781 Q 552 783 549 785 Q 546 786 545 787 L 544 788 L 543 788 L 542 788 L 542 787 L 542 786 L 541 786 L 541 786 L 541 785 L 540 785 L 540 785 L 540 786 L 539 786 L 538 786 L 537 787 L 536 787 L 536 786 L 536 785 L 537 784 Q 538 782 538 781 L 540 780 L 540 780 L 540 780 L 538 779 L 537 779 L 537 778 Q 538 778 539 774 Q 540 769 542 768 Q 544 768 544 763 Q 544 759 546 759 Q 547 759 548 752 Q 550 744 551 744 Q 552 744 552 746 Q 552 748 553 746 Q 554 744 556 744 Q 559 743 559 742 Q 559 740 562 739 z 
'/>
<path style='opacity:1;fill:#342114;fill-rule:evenodd;stroke:#342114;stroke-width:1px;stroke-linecap:butt;stroke-linejoin:miter;stroke-opacity:1;' d='M 573 657 L 573 657 L 573 662 Q 572 666 564 681 Q 556 696 555 697 Q 554 698 554 699 L 554 700 L 553 700 L 553 700 L 553 701 L 552 701 L 552 702 L 552 703 L 551 703 L 551 704 L 551 704 L 550 704 L 550 704 L 550 704 L 550 705 L 550 705 L 549 705 L 549 706 L 549 706 L 548 706 L 548 705 L 548 704 L 549 704 L 549 704 L 549 703 L 548 703 L 548 703 L 548 702 L 548 702 L 548 702 L 547 700 Q 546 699 546 696 Q 544 693 545 691 Q 545 689 542 690 Q 540 691 540 688 L 540 686 L 539 686 L 538 686 L 538 687 L 538 687 L 537 687 L 537 688 L 537 688 L 536 688 L 536 689 L 536 690 L 535 690 L 534 690 L 534 689 L 534 688 L 533 688 L 533 688 L 533 688 L 534 687 L 534 687 L 534 686 L 534 686 L 534 686 L 535 686 L 535 686 L 535 685 L 536 685 L 536 684 Q 536 682 537 680 Q 538 678 540 675 Q 541 671 542 671 Q 543 671 544 670 Q 545 668 548 665 L 551 662 L 551 662 L 552 662 L 552 664 L 552 665 L 553 665 L 553 666 L 555 666 L 557 666 L 557 664 Q 557 663 558 663 Q 559 663 560 661 Q 562 660 564 660 Q 566 661 566 660 Q 566 658 567 658 Q 568 658 569 657 Q 570 656 571 656 Q 572 658 572 657 Q 572 657 573 657 z 
'/>
<path style='opacity:1;fill:#2A180E;fill-rule:evenodd;stroke:#2A180E;stroke-width:1px;stroke-linecap:butt;stroke-linejoin:miter;stroke-opacity:1;' d='M 341 716 L 341 717 L 342 718 Q 343 718 344 723 Q 346 728 346 733 L 346 738 L 346 738 Q 346 738 345 738 L 345 739 L 345 739 Q 344 739 344 740 L 344 740 L 344 740 L 344 740 L 342 745 Q 341 749 339 748 Q 337 748 336 749 Q 336 750 334 751 Q 332 752 328 754 Q 324 756 323 758 L 323 759 L 323 759 L 322 759 L 322 760 L 322 760 L 321 760 L 320 760 L 320 758 L 320 755 L 321 755 L 321 754 L 319 754 L 317 754 L 317 752 Q 316 751 316 751 L 316 751 L 316 750 Q 316 749 317 748 Q 318 748 322 739 Q 326 730 328 730 Q 329 730 330 729 L 331 728 L 331 726 L 332 725 L 332 723 Q 332 721 334 718 L 336 714 L 338 713 Q 340 712 340 714 Q 340 715 341 716 z 
'/>
<path style='opacity:1;fill:#DE9A2A;fill-rule:evenodd;stroke:#DE9A2A;stroke-width:1px;stroke-linecap:butt;stroke-linejoin:miter;stroke-opacity:1;' d='M 305 583 L 305 584 L 307 584 L 309 584 L 309 587 Q 309 590 308 590 Q 306 591 306 592 Q 306 593 305 593 Q 304 593 304 594 Q 304 595 305 595 Q 306 595 305 599 Q 304 603 302 604 Q 300 604 299 606 Q 298 608 297 607 Q 296 606 295 607 Q 294 607 293 610 Q 292 612 291 613 Q 291 614 288 614 L 286 614 L 286 615 L 286 615 L 285 615 L 285 616 L 285 616 L 284 616 L 284 617 L 284 618 L 282 618 L 281 618 L 281 617 L 281 617 L 281 617 L 282 617 L 282 616 L 282 615 L 281 614 L 281 613 L 282 613 L 283 614 L 284 614 Q 285 614 286 612 Q 286 611 286 606 Q 286 602 284 600 L 282 598 L 284 598 L 285 598 L 285 596 Q 286 593 288 592 Q 290 592 290 591 Q 291 590 292 591 Q 292 592 295 590 Q 297 587 298 587 Q 299 587 299 586 L 299 585 L 300 585 L 302 584 L 302 584 L 302 584 L 303 584 L 303 584 L 304 582 Q 304 581 305 581 Q 306 581 306 582 Q 306 583 305 583 z 
'/>
<path style='opacity:1;fill:#5E2514;fill-rule:evenodd;stroke:#5E2514;stroke-width:1px;stroke-linecap:butt;stroke-linejoin:miter;stroke-opacity:1;' d='M 64 694 L 65 694 L 65 694 L 65 694 L 65 695 L 66 695 L 66 695 L 66 696 L 67 696 L 68 696 L 68 696 L 68 696 L 68 697 L 68 697 L 69 697 L 69 698 L 68 698 L 67 698 L 67 699 L 66 699 L 67 703 Q 67 706 68 706 Q 70 705 70 708 Q 70 712 69 712 Q 68 712 69 714 Q 70 716 73 717 Q 76 718 77 718 L 77 718 L 77 719 L 76 719 L 76 719 L 76 720 L 76 720 L 76 720 L 76 721 L 76 722 L 76 722 L 76 722 L 75 723 L 74 724 L 74 724 L 74 724 L 74 724 L 74 724 L 70 724 Q 65 724 62 726 Q 59 726 56 728 Q 52 730 49 730 Q 46 731 44 734 Q 42 736 40 737 Q 38 738 36 738 L 33 738 L 33 739 L 32 739 L 32 739 L 32 740 L 32 740 L 31 740 L 30 740 L 28 740 L 26 740 L 25 740 L 25 740 L 26 739 L 26 739 L 26 738 L 26 738 L 26 738 L 27 738 L 27 738 L 27 737 L 28 737 L 28 736 Q 28 735 30 732 Q 30 728 31 716 Q 32 705 34 705 Q 37 704 38 701 L 40 697 L 40 697 Q 40 696 40 696 L 39 696 L 39 695 L 39 695 L 39 695 L 39 694 L 40 694 L 41 694 L 44 695 Q 48 695 48 696 Q 49 698 50 696 Q 50 694 52 694 Q 54 694 54 693 Q 54 692 58 693 Q 63 694 64 694 z 
'/>
<path style='opacity:1;fill:#773D0F;fill-rule:evenodd;stroke:#773D0F;stroke-width:1px;stroke-linecap:butt;stroke-linejoin:miter;stroke-opacity:1;' d='M 488 990 L 488 987 L 489 987 L 490 987 L 490 987 Q 490 988 490 988 L 491 988 L 491 988 Q 491 988 492 989 L 493 990 L 508 994 Q 523 1000 524 1000 L 526 1000 L 526 1002 L 526 1003 L 527 1003 L 528 1003 L 528 1004 L 528 1005 L 527 1005 L 526 1005 L 526 1006 L 526 1007 L 524 1008 Q 522 1009 521 1010 Q 520 1011 520 1012 L 520 1013 L 521 1013 L 521 1014 L 521 1014 L 522 1014 L 522 1014 L 522 1015 L 521 1015 L 520 1014 L 519 1014 Q 518 1014 517 1013 Q 516 1012 514 1012 Q 511 1011 510 1010 Q 510 1008 502 1002 L 495 996 L 495 996 Q 494 995 493 994 L 492 994 L 491 993 Q 490 992 489 992 Q 488 992 488 990 z 
'/>
<path style='opacity:1;fill:#453D1C;fill-rule:evenodd;stroke:#453D1C;stroke-width:1px;stroke-linecap:butt;stroke-linejoin:miter;stroke-opacity:1;' d='M 163 296 L 163 296 L 164 297 L 166 297 L 166 298 L 166 300 L 167 300 L 167 300 L 167 301 L 168 301 L 168 301 L 168 302 L 168 302 L 169 302 L 170 301 L 171 300 L 171 300 L 172 300 L 172 298 Q 172 297 172 292 L 172 287 L 173 287 L 174 287 L 174 288 L 174 289 L 175 289 L 175 290 L 176 290 Q 178 290 179 288 Q 180 286 180 288 Q 180 289 181 291 L 182 293 L 182 293 L 182 293 L 182 298 L 182 304 L 183 304 L 184 304 L 184 302 Q 184 301 185 300 Q 186 299 188 299 L 190 298 L 191 300 Q 192 302 192 302 L 192 303 L 192 304 L 192 305 L 192 306 L 192 307 L 192 309 L 192 311 L 193 311 L 193 310 L 193 310 L 194 310 L 194 310 L 194 310 L 196 309 L 197 309 L 195 314 Q 192 319 192 319 L 192 320 L 192 320 L 191 320 L 191 320 L 190 320 L 190 320 L 190 320 L 190 321 L 190 321 L 190 332 Q 190 342 192 342 Q 193 342 194 343 Q 194 344 192 345 Q 191 345 190 348 Q 190 350 188 350 Q 186 351 185 351 Q 185 350 184 350 L 183 350 L 183 351 L 184 351 L 184 352 L 184 353 L 183 353 L 183 354 L 182 354 L 181 354 L 180 354 Q 178 354 178 354 Q 177 355 176 355 Q 175 355 174 353 Q 174 350 173 353 L 172 356 L 170 356 Q 169 356 169 355 L 168 355 L 168 355 Q 168 356 168 357 Q 167 358 166 358 Q 165 358 165 356 Q 164 355 164 357 Q 162 359 162 358 Q 162 357 160 357 Q 159 357 159 358 L 158 359 L 158 358 Q 158 356 157 356 Q 156 356 155 352 Q 154 347 153 348 Q 152 349 152 348 Q 151 348 150 346 Q 148 344 147 343 Q 145 342 141 342 L 137 343 L 137 342 Q 138 341 138 340 Q 138 340 138 340 Q 137 339 137 336 Q 137 334 136 334 L 135 334 L 135 334 L 134 333 L 134 332 L 134 330 L 133 332 Q 133 333 131 334 Q 129 334 129 333 Q 130 332 130 332 L 130 332 L 130 331 Q 130 331 128 329 L 126 326 L 126 326 L 126 326 L 126 326 L 127 326 L 127 325 L 127 325 L 128 325 Q 128 324 128 324 Q 129 324 128 320 Q 128 317 130 317 Q 131 316 133 314 Q 136 311 136 308 Q 136 306 137 305 Q 138 304 138 302 Q 139 300 142 298 Q 146 298 144 297 Q 143 297 143 294 L 142 292 L 143 292 L 143 292 L 143 291 L 144 291 L 144 291 L 144 292 L 145 292 Q 146 292 148 292 Q 149 292 150 291 Q 150 289 152 289 Q 153 289 154 286 L 155 282 L 156 281 Q 156 280 157 281 Q 157 282 158 282 Q 160 283 160 288 Q 160 292 160 294 Q 160 297 161 296 Q 162 296 163 296 z 
'/>
<path style='opacity:1;fill:#907C36;fill-rule:evenodd;stroke:#907C36;stroke-width:1px;stroke-linecap:butt;stroke-linejoin:miter;stroke-opacity:1;' d='M 43 48 L 43 48 L 43 48 L 43 49 L 43 49 Q 42 49 42 50 L 42 50 L 41 52 Q 40 54 41 56 Q 42 58 41 60 Q 41 63 40 63 Q 38 63 39 66 Q 40 68 39 68 Q 38 68 38 67 Q 38 66 37 66 Q 36 66 36 70 Q 36 73 35 73 Q 34 73 34 72 Q 34 70 32 76 Q 31 81 30 82 Q 28 82 29 82 Q 29 82 28 83 L 26 84 L 25 84 L 24 84 L 24 85 L 24 86 L 25 86 L 25 86 L 24 87 L 23 88 L 23 88 L 23 88 L 23 88 L 23 88 L 22 89 L 21 89 L 21 88 Q 20 86 20 82 Q 20 79 18 78 Q 16 78 16 77 Q 15 76 14 76 Q 12 76 11 75 Q 10 73 9 73 L 8 73 L 8 72 Q 8 71 10 63 Q 11 56 13 52 Q 15 48 16 49 Q 16 50 18 48 Q 18 47 19 48 Q 20 49 20 46 Q 20 44 23 42 Q 26 39 26 38 L 26 37 L 27 37 L 27 38 L 27 38 L 28 38 L 28 39 Q 29 40 29 39 Q 30 39 30 39 L 30 39 L 31 39 Q 32 38 32 38 L 32 38 L 33 37 Q 34 36 36 42 Q 38 47 38 46 Q 38 45 40 46 Q 42 47 43 48 z 
M 39 47 Q 40 47 40 47 Q 40 48 40 48 Q 39 48 39 47 z 
M 28 79 Q 28 78 29 78 Q 30 79 29 80 Q 28 80 28 79 z 
'/>
<path style='opacity:1;fill:#22130F;fill-rule:evenodd;stroke:#22130F;stroke-width:1px;stroke-linecap:butt;stroke-linejoin:miter;stroke-opacity:1;' d='M 5 768 L 5 768 L 8 767 L 10 767 L 10 767 L 10 767 L 11 767 L 11 768 L 11 768 L 10 768 L 10 769 L 10 770 L 11 770 L 11 770 L 11 771 L 12 771 L 12 771 L 12 772 L 12 772 L 12 772 L 13 773 L 13 774 L 16 775 Q 18 776 26 776 Q 33 776 35 777 L 37 777 L 37 779 Q 37 782 38 782 Q 38 783 36 785 Q 34 787 39 790 Q 44 792 44 794 Q 44 797 44 797 Q 46 797 45 800 Q 44 804 43 805 Q 42 806 41 807 Q 41 808 42 808 Q 43 808 44 810 Q 44 812 46 814 Q 47 816 50 818 Q 53 818 53 819 Q 52 819 52 820 L 52 821 L 53 821 L 53 821 L 53 821 L 53 822 L 53 822 L 52 822 L 51 825 Q 49 828 44 833 Q 38 838 36 844 Q 34 851 35 856 Q 36 862 33 865 Q 31 868 30 868 Q 30 868 31 871 Q 32 874 32 876 Q 33 878 31 878 Q 30 879 28 882 Q 26 886 27 886 Q 28 885 29 890 L 29 894 L 28 894 Q 26 894 25 893 Q 24 892 23 892 L 22 892 L 22 893 L 22 893 L 22 899 Q 22 905 22 906 Q 22 907 22 907 Q 24 907 24 909 L 24 911 L 25 911 L 25 912 L 24 912 Q 23 912 22 913 Q 21 913 21 912 L 20 910 L 20 910 L 20 910 L 20 911 L 20 911 L 20 913 L 20 915 L 22 916 Q 26 918 26 920 L 26 922 L 24 922 Q 23 922 23 923 Q 23 924 21 924 Q 20 925 20 932 Q 20 939 20 942 L 20 945 L 20 945 L 19 944 L 19 944 L 18 944 L 18 944 L 18 944 L 18 945 L 18 945 L 17 947 L 16 949 L 16 951 L 16 953 L 12 953 L 9 953 L 9 952 Q 9 950 8 950 Q 7 950 6 948 L 5 946 L 4 945 L 2 945 L 2 944 L 2 943 L 1 944 L 0 945 L 0 945 L 0 945 L 0 858 L 0 770 L 2 770 L 3 770 L 3 769 L 4 769 L 4 769 L 4 768 L 4 768 L 4 768 L 5 768 z 
M 35 779 Q 36 779 36 779 Q 36 780 36 780 Q 35 780 35 779 z 
'/>
<path style='opacity:1;fill:#512410;fill-rule:evenodd;stroke:#512410;stroke-width:1px;stroke-linecap:butt;stroke-linejoin:miter;stroke-opacity:1;' d='M 290 245 L 290 245 L 290 245 L 290 246 L 290 246 L 290 246 L 291 248 L 292 251 L 292 252 L 292 253 L 293 253 L 293 253 L 294 258 Q 296 264 301 265 Q 306 266 307 266 L 308 266 L 309 266 L 310 266 L 310 267 L 310 267 L 310 268 L 310 268 L 310 268 L 310 268 L 310 269 L 310 269 L 309 269 L 309 270 L 309 270 L 308 270 L 308 270 L 308 270 L 308 271 L 308 271 L 308 272 L 308 274 L 308 274 L 308 274 L 308 275 L 308 275 L 309 275 L 309 274 L 310 274 L 310 274 L 310 274 L 310 274 L 312 275 L 315 276 L 315 276 L 314 276 L 314 276 L 314 276 L 314 277 L 314 277 L 314 277 L 313 278 L 313 278 L 313 278 L 312 278 L 312 278 L 312 279 L 312 279 L 311 279 L 311 280 L 311 280 L 311 280 L 310 280 L 309 280 L 309 281 Q 308 281 308 281 Q 308 282 300 282 Q 293 282 291 289 L 290 296 L 289 296 L 289 296 L 289 294 L 289 291 L 289 268 Q 290 245 290 245 z 
'/>
<path style='opacity:1;fill:#955A12;fill-rule:evenodd;stroke:#955A12;stroke-width:1px;stroke-linecap:butt;stroke-linejoin:miter;stroke-opacity:1;' d='M 451 996 L 452 995 L 456 996 Q 460 998 462 998 L 464 998 L 466 999 Q 468 1000 469 998 L 469 997 L 474 1000 Q 479 1002 480 1004 Q 480 1006 478 1006 L 476 1006 L 476 1007 L 476 1007 L 475 1007 L 474 1007 L 472 1007 Q 470 1006 463 1004 L 456 1002 L 456 1001 L 456 1001 L 455 1001 L 455 1000 L 455 1000 L 454 1000 L 454 1000 L 454 1000 L 453 999 L 452 999 L 452 999 Q 452 998 451 998 Q 450 998 450 997 Q 450 996 451 996 z 
'/>
<path style='opacity:1;fill:#B76D1E;fill-rule:evenodd;stroke:#B76D1E;stroke-width:1px;stroke-linecap:butt;stroke-linejoin:miter;stroke-opacity:1;' d='M 301 234 L 302 234 L 302 239 Q 303 244 304 247 Q 305 250 307 250 Q 308 251 309 252 Q 309 254 312 253 Q 314 252 315 253 L 316 253 L 316 254 Q 316 254 317 254 L 317 253 L 318 253 L 319 253 L 319 254 L 318 255 L 318 256 L 318 257 L 317 257 L 317 258 L 318 258 L 319 258 L 319 259 L 320 259 L 320 260 L 320 260 L 319 260 L 318 260 L 317 261 L 316 262 L 316 262 Q 316 262 315 264 Q 314 265 311 265 L 308 266 L 308 266 L 308 266 L 307 266 Q 306 266 301 265 Q 296 264 294 258 L 293 253 L 293 248 Q 294 242 294 240 L 296 238 L 296 239 L 296 240 L 298 238 Q 300 237 300 236 Q 300 234 301 234 z 
'/>
<path style='opacity:1;fill:#694912;fill-rule:evenodd;stroke:#694912;stroke-width:1px;stroke-linecap:butt;stroke-linejoin:miter;stroke-opacity:1;' d='M 764 482 L 766 482 L 766 483 L 766 484 L 767 484 L 768 484 L 768 485 L 768 485 L 768 485 L 767 486 L 767 486 L 766 486 L 766 487 L 766 488 L 765 488 L 765 488 L 764 489 Q 763 489 763 490 Q 763 491 761 492 Q 759 492 755 493 Q 752 494 746 496 Q 741 498 741 500 Q 740 502 738 503 L 736 504 L 736 504 L 736 504 L 735 503 Q 735 502 734 502 L 733 502 L 733 501 Q 732 500 732 500 L 732 500 L 730 500 L 728 500 L 729 500 Q 730 500 730 499 Q 730 499 730 498 Q 731 498 731 496 Q 730 495 729 494 Q 728 494 728 491 Q 727 488 730 487 Q 734 486 734 484 L 735 481 L 742 480 Q 749 478 753 479 Q 756 480 757 481 Q 757 482 760 481 Q 762 480 762 479 Q 762 478 763 480 Q 763 482 764 482 z 
'/>
<path style='opacity:1;fill:#D07116;fill-rule:evenodd;stroke:#D07116;stroke-width:1px;stroke-linecap:butt;stroke-linejoin:miter;stroke-opacity:1;' d='M 399 981 L 397 978 L 400 979 Q 403 980 404 981 L 404 981 L 404 981 Q 404 982 404 982 L 405 982 L 412 988 Q 418 993 419 993 L 419 994 L 420 994 L 420 994 L 422 998 Q 424 1003 424 1003 Q 424 1004 424 1004 L 424 1004 L 424 1005 L 424 1006 L 424 1008 L 424 1009 L 423 1010 L 423 1011 L 422 1011 L 421 1012 L 418 1012 Q 415 1012 414 1011 Q 413 1010 406 1009 L 400 1008 L 396 1007 L 393 1007 L 392 1007 Q 392 1006 392 1006 L 391 1006 L 391 1006 Q 390 1005 390 1005 L 390 1004 L 391 1004 Q 392 1004 391 1003 L 390 1002 L 390 1002 L 390 1002 L 389 1001 L 388 1001 L 388 1000 L 388 999 L 389 999 L 390 998 L 390 998 L 390 998 L 391 998 L 391 998 L 392 998 Q 392 998 391 996 Q 390 994 394 994 Q 399 994 402 994 L 404 994 L 404 993 L 404 993 L 405 993 L 405 992 L 405 992 L 404 992 L 404 991 L 404 990 L 403 989 L 402 988 L 402 987 L 402 986 L 401 985 Q 400 984 399 981 z 
'/>
<path style='opacity:1;fill:#442411;fill-rule:evenodd;stroke:#442411;stroke-width:1px;stroke-linecap:butt;stroke-linejoin:miter;stroke-opacity:1;' d='M 176 925 L 180 922 L 180 922 L 180 922 L 181 922 L 181 922 L 181 923 L 182 923 L 182 924 L 182 924 L 181 926 Q 180 929 179 930 L 179 931 L 179 931 L 178 931 L 178 932 L 178 932 L 178 932 L 178 932 L 177 932 L 177 933 L 177 933 L 177 934 L 177 934 L 176 934 L 176 935 L 176 936 L 176 936 L 176 936 L 175 936 L 175 937 L 175 938 L 175 938 L 175 938 Q 174 938 174 938 L 174 939 L 171 947 Q 168 955 168 960 Q 168 964 167 966 L 166 967 L 166 967 L 166 968 L 166 968 L 166 968 L 165 969 L 164 970 L 164 971 L 164 972 L 162 972 L 159 972 L 159 971 L 158 970 L 158 970 L 158 970 L 158 969 L 158 969 L 157 967 Q 156 965 156 965 L 156 964 L 156 964 L 156 964 L 155 964 L 155 964 L 154 964 L 154 964 L 153 964 L 152 964 L 152 966 L 152 967 L 151 967 L 151 967 L 151 964 Q 152 961 152 956 Q 154 952 156 948 Q 158 943 161 940 Q 164 936 164 936 Q 164 934 166 933 Q 168 931 168 930 Q 168 929 170 928 L 171 928 L 172 928 Q 173 928 176 925 z 
'/>
<path style='opacity:1;fill:#544B2E;fill-rule:evenodd;stroke:#544B2E;stroke-width:1px;stroke-linecap:butt;stroke-linejoin:miter;stroke-opacity:1;' d='M 169 440 L 171 439 L 171 439 Q 171 440 172 440 L 172 440 L 173 442 Q 174 444 184 445 Q 194 446 198 446 L 201 446 L 200 448 Q 200 450 201 451 Q 202 452 200 452 Q 199 453 200 455 Q 200 456 199 457 Q 198 457 198 459 Q 199 460 191 462 Q 184 464 183 464 L 183 464 L 183 465 L 182 465 L 182 465 L 182 466 L 180 466 L 179 466 L 178 466 Q 177 466 176 466 Q 176 465 174 465 Q 173 466 174 464 Q 175 464 173 462 Q 171 462 170 461 Q 170 460 169 460 Q 168 460 168 462 Q 168 463 167 462 Q 166 462 162 462 Q 157 464 156 460 Q 156 456 155 456 L 154 456 L 154 454 L 154 453 L 153 453 L 152 452 L 152 452 L 152 452 L 152 450 L 152 447 L 153 447 L 153 448 L 154 448 Q 155 448 157 448 Q 159 448 160 448 Q 160 447 164 446 Q 167 445 167 442 Q 168 440 169 440 z 
'/>
<path style='opacity:1;fill:#44240D;fill-rule:evenodd;stroke:#44240D;stroke-width:1px;stroke-linecap:butt;stroke-linejoin:miter;stroke-opacity:1;' d='M 807 626 L 807 624 L 810 624 L 813 624 L 813 636 L 813 647 L 812 647 L 811 646 L 810 646 Q 809 646 807 644 L 805 643 L 805 642 Q 804 642 801 640 Q 798 638 796 636 L 795 634 L 794 633 L 793 632 L 793 632 L 793 632 L 795 632 L 797 632 L 801 630 Q 805 628 806 627 L 806 627 L 806 628 Q 806 628 807 628 L 807 627 L 807 627 Q 808 627 807 626 z 
'/>
<path style='opacity:1;fill:#250E0C;fill-rule:evenodd;stroke:#250E0C;stroke-width:1px;stroke-linecap:butt;stroke-linejoin:miter;stroke-opacity:1;' d='M 524 1008 L 526 1007 L 526 1007 L 526 1007 L 527 1007 L 527 1008 L 531 1010 Q 536 1012 541 1016 Q 546 1020 547 1020 L 548 1020 L 548 1020 L 549 1020 L 550 1020 L 551 1020 L 552 1021 L 553 1021 L 554 1021 Q 555 1021 555 1022 Q 555 1023 560 1025 Q 566 1028 568 1030 Q 571 1032 572 1033 L 573 1034 L 575 1034 L 577 1034 L 577 1034 L 577 1034 L 577 1035 L 578 1035 L 578 1036 L 578 1037 L 579 1037 L 579 1038 L 579 1038 L 580 1038 L 580 1038 L 580 1038 L 583 1038 Q 586 1038 590 1038 Q 593 1038 596 1039 Q 598 1040 602 1042 Q 607 1044 608 1042 Q 609 1040 610 1041 Q 612 1041 612 1043 Q 614 1045 614 1043 Q 614 1042 615 1041 Q 616 1041 616 1042 Q 616 1043 618 1044 Q 620 1044 624 1044 L 629 1044 L 629 1044 L 630 1044 L 630 1042 L 630 1041 L 631 1041 L 631 1040 L 631 1040 L 632 1040 L 632 1038 L 632 1036 L 632 1036 L 632 1036 L 633 1038 L 634 1039 L 634 1042 L 634 1044 L 633 1044 L 633 1044 L 633 1045 L 632 1045 L 631 1047 Q 630 1048 626 1050 Q 622 1051 622 1056 Q 622 1061 619 1062 Q 617 1062 613 1062 Q 609 1062 609 1062 L 608 1062 L 608 1062 L 608 1062 L 606 1063 L 604 1063 L 604 1065 Q 604 1067 606 1067 Q 609 1067 608 1070 Q 608 1072 606 1076 Q 604 1081 602 1082 Q 600 1082 596 1084 Q 591 1084 590 1086 Q 590 1087 585 1087 Q 580 1087 580 1086 Q 580 1085 578 1085 Q 576 1085 576 1086 Q 576 1087 574 1088 Q 572 1088 571 1084 Q 570 1081 565 1079 Q 561 1077 560 1079 Q 560 1081 556 1081 L 553 1080 L 552 1080 L 551 1080 L 548 1081 Q 546 1082 546 1082 L 546 1082 L 546 1082 L 545 1082 L 543 1084 Q 542 1085 540 1086 Q 539 1088 536 1088 Q 534 1088 534 1090 Q 534 1091 533 1094 L 533 1096 L 532 1096 L 530 1096 L 530 1095 L 530 1095 L 531 1095 L 531 1094 L 530 1094 L 529 1094 L 528 1093 Q 527 1092 527 1092 Q 528 1092 527 1092 Q 526 1091 525 1086 Q 524 1082 522 1082 Q 521 1082 521 1081 Q 520 1080 518 1079 Q 514 1078 514 1074 Q 514 1071 513 1070 Q 512 1070 512 1068 Q 512 1067 509 1067 L 506 1067 L 506 1066 Q 506 1065 505 1065 L 505 1065 L 505 1064 L 506 1063 L 506 1063 L 506 1062 L 506 1062 L 506 1062 L 507 1062 L 507 1062 L 507 1061 L 508 1061 L 508 1060 Q 508 1058 510 1052 L 510 1047 L 511 1046 L 511 1045 L 516 1046 Q 520 1047 522 1048 Q 524 1048 524 1049 Q 525 1050 527 1051 Q 528 1052 529 1054 Q 529 1055 530 1055 Q 531 1054 533 1054 L 535 1054 L 535 1055 L 536 1055 L 536 1055 L 536 1056 L 536 1056 L 537 1056 L 538 1055 L 540 1054 L 540 1054 L 540 1054 L 541 1054 L 541 1054 L 541 1053 L 542 1053 L 542 1053 L 542 1052 L 542 1052 L 542 1052 L 543 1051 L 543 1050 L 543 1046 L 542 1043 L 542 1042 L 542 1041 L 541 1038 Q 540 1036 539 1035 Q 537 1034 535 1030 Q 534 1026 528 1021 L 523 1016 L 523 1015 L 522 1015 L 522 1015 L 522 1015 L 522 1014 L 522 1014 L 521 1014 L 521 1014 L 521 1013 L 520 1013 L 520 1012 Q 520 1011 521 1010 Q 522 1009 524 1008 z 
'/>
<path style='opacity:1;fill:#6A4E0D;fill-rule:evenodd;stroke:#6A4E0D;stroke-width:1px;stroke-linecap:butt;stroke-linejoin:miter;stroke-opacity:1;' d='M 746 552 L 748 552 L 748 552 L 748 552 L 749 554 Q 750 555 752 556 Q 753 556 751 560 Q 750 565 749 566 L 748 568 L 748 568 L 748 568 L 751 568 Q 754 568 754 570 Q 754 571 756 571 Q 758 572 758 572 L 758 572 L 758 573 Q 758 574 754 574 Q 750 575 750 576 Q 750 577 746 577 Q 742 577 742 574 Q 741 572 738 573 Q 734 575 734 578 L 733 581 L 732 581 L 731 581 L 731 579 Q 731 577 730 577 Q 729 578 728 577 Q 728 576 727 576 L 726 575 L 725 575 Q 725 576 724 576 L 723 576 L 723 576 Q 723 576 721 575 L 720 574 L 719 574 L 719 574 L 719 573 L 718 573 L 718 573 L 718 572 L 718 572 L 718 572 L 719 572 L 719 571 L 719 571 L 720 571 L 720 570 L 720 570 L 720 570 L 720 570 L 720 569 L 720 569 L 721 569 Q 721 568 721 567 L 722 565 L 721 565 L 721 564 L 721 564 L 721 564 L 721 562 L 721 561 L 722 561 Q 724 560 724 560 L 724 560 L 732 558 Q 741 556 740 555 Q 740 554 740 553 L 740 553 L 742 553 Q 745 552 746 552 z 
'/>
<path style='opacity:1;fill:#22120C;fill-rule:evenodd;stroke:#22120C;stroke-width:1px;stroke-linecap:butt;stroke-linejoin:miter;stroke-opacity:1;' d='M 588 645 L 588 644 L 590 644 L 591 644 L 591 645 L 592 645 L 592 645 L 592 646 L 592 646 L 592 646 L 593 646 L 593 646 L 593 647 L 594 647 L 594 647 L 594 648 L 594 648 L 594 648 L 595 648 L 595 648 L 595 649 L 596 649 L 596 649 L 596 650 L 596 650 L 596 650 L 597 654 Q 597 657 596 658 Q 594 658 594 661 L 594 664 L 596 664 Q 597 664 599 664 Q 601 666 602 665 Q 604 664 606 670 Q 608 676 609 676 Q 610 675 609 679 Q 609 682 611 683 Q 612 684 612 688 Q 612 691 616 691 L 619 691 L 619 692 L 619 693 L 620 693 L 621 693 L 621 693 L 621 694 L 620 694 L 618 694 L 617 695 L 616 696 L 616 696 L 616 696 L 614 696 Q 612 696 607 698 Q 602 700 596 703 Q 590 705 590 706 Q 590 707 588 708 Q 587 708 587 709 L 586 710 L 586 710 L 586 710 L 586 711 L 586 711 L 585 711 L 585 712 L 584 712 L 583 712 L 583 713 L 582 714 L 582 714 L 582 715 L 580 715 L 579 715 L 578 717 Q 577 718 576 719 Q 575 719 575 720 Q 574 722 574 724 L 574 725 L 573 727 L 573 729 L 573 729 L 572 729 L 572 726 L 572 723 L 571 722 L 571 721 L 569 721 L 567 721 L 567 720 Q 567 718 570 718 Q 572 718 572 713 Q 572 708 574 702 Q 576 696 578 679 Q 580 662 579 662 Q 578 662 576 660 L 575 658 L 574 657 L 573 657 L 573 657 L 573 656 L 577 655 Q 580 654 582 654 Q 583 653 584 651 Q 585 650 586 649 Q 587 649 587 647 L 588 645 L 588 645 z 
'/>
<path style='opacity:1;fill:#443614;fill-rule:evenodd;stroke:#443614;stroke-width:1px;stroke-linecap:butt;stroke-linejoin:miter;stroke-opacity:1;' d='M 634 465 L 637 465 L 636 466 Q 636 468 637 468 Q 638 468 638 469 Q 638 470 636 472 Q 634 473 634 474 Q 634 476 635 476 Q 636 475 636 476 Q 636 477 633 478 Q 630 480 630 480 L 630 480 L 629 480 L 629 480 L 630 481 L 631 481 L 631 483 Q 631 484 632 485 Q 634 486 634 486 L 634 486 L 635 486 L 635 486 L 636 487 L 637 488 L 636 488 L 634 488 L 634 489 L 634 489 L 632 489 L 631 490 L 629 490 Q 627 490 620 488 Q 613 488 604 486 Q 595 484 594 481 Q 594 478 594 474 L 594 470 L 594 470 L 594 470 L 593 469 L 592 468 L 592 468 L 592 468 L 591 468 L 591 468 L 591 468 L 591 468 L 592 468 L 594 468 L 594 468 L 594 468 L 595 468 L 595 468 L 595 467 L 596 467 L 596 467 L 596 466 L 596 466 L 596 466 L 598 467 Q 599 468 601 467 Q 602 467 603 468 Q 603 469 607 470 Q 610 470 613 468 Q 616 467 616 466 Q 616 465 622 465 Q 629 465 629 466 Q 629 467 630 466 Q 632 466 634 465 z 
'/>
<path style='opacity:1;fill:#856013;fill-rule:evenodd;stroke:#856013;stroke-width:1px;stroke-linecap:butt;stroke-linejoin:miter;stroke-opacity:1;' d='M 735 480 L 735 481 L 734 484 Q 734 486 730 487 Q 727 488 728 491 Q 728 494 729 494 Q 730 495 731 496 Q 731 498 730 498 Q 730 499 730 499 Q 730 500 729 500 L 728 500 L 730 500 L 732 500 L 732 500 Q 732 500 733 501 L 733 502 L 734 502 Q 735 502 735 503 L 736 504 L 736 504 L 736 504 L 736 504 Q 736 505 734 507 Q 733 509 732 509 Q 730 509 730 510 Q 729 512 729 512 Q 729 514 728 517 Q 728 520 725 521 Q 722 522 720 522 L 719 523 L 718 523 Q 718 524 718 524 L 718 524 L 718 524 Q 717 524 716 525 L 716 525 L 716 525 Q 715 524 716 524 Q 717 522 710 522 L 704 522 L 703 522 L 702 522 L 702 522 L 702 522 L 701 522 L 701 522 L 701 521 L 700 521 L 700 521 L 700 520 L 700 520 L 700 520 L 701 520 L 702 520 L 702 519 L 702 519 L 702 518 Q 702 516 702 515 Q 703 514 704 514 Q 706 514 706 507 Q 705 501 704 501 Q 703 500 700 498 L 698 495 L 697 493 L 697 491 L 697 491 L 698 491 L 698 491 L 698 490 L 698 490 L 698 490 L 699 490 L 699 490 L 704 486 Q 708 484 712 482 Q 717 482 718 481 L 719 481 L 720 481 L 721 482 L 721 482 L 722 482 L 722 482 L 722 482 L 727 481 Q 732 480 733 480 Q 734 480 735 480 z 
'/>
<path style='opacity:1;fill:#B6963C;fill-rule:evenodd;stroke:#B6963C;stroke-width:1px;stroke-linecap:butt;stroke-linejoin:miter;stroke-opacity:1;' d='M 531 100 L 532 100 L 536 102 Q 540 104 542 104 Q 545 104 546 106 Q 546 109 549 109 Q 552 109 552 112 Q 552 115 553 118 Q 554 120 555 122 Q 556 124 557 125 Q 558 126 558 125 Q 558 124 559 127 Q 559 130 564 130 Q 570 130 572 130 Q 573 130 574 131 Q 574 132 576 132 Q 577 132 577 134 Q 577 136 578 135 Q 580 135 580 138 Q 580 140 583 142 Q 586 143 586 145 Q 585 147 586 146 Q 588 146 588 147 Q 588 148 587 148 L 587 148 L 587 149 L 586 149 L 586 149 L 586 150 L 587 150 L 588 150 L 588 149 L 588 149 L 589 149 L 589 148 L 590 148 Q 590 148 592 147 L 594 147 L 594 148 Q 593 148 594 149 L 595 149 L 595 149 L 595 150 L 596 150 L 598 150 L 600 149 L 602 149 L 602 150 Q 603 152 606 150 Q 608 150 606 149 Q 605 149 605 148 L 605 147 L 607 147 L 609 146 L 609 146 L 610 146 L 610 146 L 610 146 L 611 147 Q 612 147 612 148 Q 612 149 613 150 Q 614 150 615 151 Q 615 152 616 152 Q 618 152 620 152 Q 623 154 626 155 Q 628 156 629 157 Q 629 158 634 157 Q 638 156 640 158 Q 642 159 642 158 Q 643 158 644 158 Q 645 158 646 157 Q 646 156 646 155 L 646 155 L 647 155 L 647 154 L 648 154 L 649 154 L 649 155 L 648 156 L 648 156 L 648 156 L 648 157 L 648 157 L 649 159 Q 649 160 650 159 Q 652 157 652 160 Q 652 162 652 163 L 653 163 L 653 164 L 653 166 L 654 166 Q 655 166 655 168 L 655 169 L 656 169 L 657 168 L 657 168 L 658 168 L 660 168 Q 662 167 662 168 Q 663 170 664 170 Q 665 170 665 168 Q 665 167 668 167 Q 670 167 671 166 Q 672 165 671 164 L 671 163 L 672 163 L 673 162 L 673 162 L 674 162 L 674 162 L 674 162 L 674 163 L 674 163 L 675 164 L 676 165 L 676 165 L 676 164 L 676 164 L 676 164 L 677 165 L 678 166 L 679 173 Q 681 180 678 180 Q 676 181 676 182 Q 676 184 677 184 Q 678 184 678 186 Q 678 187 679 187 Q 680 187 681 188 Q 682 190 683 189 Q 684 188 684 190 Q 684 193 685 193 Q 686 193 686 195 Q 686 197 690 197 Q 693 197 694 202 Q 694 206 696 206 Q 697 206 698 207 Q 698 208 699 207 Q 700 207 700 209 Q 701 212 702 211 Q 704 211 704 213 Q 705 216 706 217 Q 708 218 708 226 Q 708 233 707 234 Q 707 235 705 237 Q 702 239 701 244 Q 699 248 698 248 Q 698 248 698 249 L 698 249 L 697 248 L 696 247 L 696 247 L 696 248 L 696 248 L 696 248 L 696 249 L 696 250 L 696 250 L 696 251 L 696 251 Q 695 252 694 254 L 694 256 L 693 254 Q 692 252 692 252 L 692 251 L 691 251 L 691 252 L 690 252 L 689 252 L 689 253 L 688 253 L 688 253 L 688 254 L 688 254 L 688 254 L 687 256 Q 687 259 686 259 Q 685 259 685 262 Q 685 264 686 264 Q 687 264 688 266 Q 688 269 687 269 Q 686 269 686 268 Q 686 266 686 268 L 686 270 L 686 270 L 686 270 L 684 271 L 683 271 L 683 272 L 683 274 L 683 274 L 682 274 L 682 273 L 682 272 L 681 270 Q 680 269 680 264 Q 678 258 677 256 Q 675 253 673 253 Q 671 253 671 252 Q 671 251 670 251 Q 668 250 668 248 Q 667 245 666 245 Q 665 245 664 242 L 664 240 L 664 240 Q 664 240 664 235 Q 664 230 664 226 Q 665 221 664 221 Q 663 221 663 216 L 664 212 L 663 212 L 663 212 L 663 213 L 662 213 L 662 213 L 662 212 L 662 212 Q 662 212 661 212 Q 661 212 660 212 Q 658 212 657 213 Q 656 214 655 212 Q 654 211 650 211 Q 647 212 646 210 L 644 209 L 644 209 Q 644 210 641 217 L 638 224 L 638 224 Q 637 224 637 225 L 637 225 L 636 225 Q 636 226 636 226 L 636 226 L 635 226 Q 635 226 634 227 L 634 228 L 633 228 L 633 228 L 633 229 L 632 229 L 632 228 Q 632 226 631 226 L 630 227 L 630 226 Q 630 224 629 223 Q 628 222 628 223 Q 627 224 626 221 Q 626 218 624 218 Q 622 218 622 216 Q 622 215 620 215 Q 618 216 616 214 Q 613 212 612 213 Q 612 214 611 214 Q 610 213 610 213 Q 608 213 606 213 Q 604 214 602 217 Q 599 220 598 221 Q 596 222 592 223 Q 588 224 587 225 L 585 226 L 585 227 L 584 227 L 584 227 L 584 226 L 583 226 L 582 226 L 582 227 L 582 227 L 580 227 L 577 228 L 577 228 L 576 228 L 576 226 Q 576 224 575 220 Q 574 216 572 216 Q 571 216 570 216 Q 570 215 566 216 Q 561 216 560 218 Q 559 219 557 219 Q 555 219 554 217 Q 554 216 552 215 L 551 214 L 551 213 Q 550 212 544 196 Q 538 180 526 164 L 515 149 L 516 149 L 518 148 L 518 148 L 518 148 L 518 142 Q 518 137 519 134 Q 520 132 521 131 Q 522 130 521 126 Q 521 123 524 122 Q 526 122 526 120 Q 526 118 524 118 Q 523 118 525 115 Q 526 113 527 112 Q 528 112 528 109 Q 528 106 529 103 Q 530 100 531 100 z 
M 531 103 Q 531 102 531 102 Q 532 102 532 102 Q 532 103 531 103 z 
M 521 136 Q 521 136 521 135 Q 522 135 522 136 Q 522 136 521 136 z 
M 649 164 L 649 164 L 649 163 L 650 163 L 650 164 Q 650 165 649 165 L 648 164 L 648 164 L 648 164 L 649 164 z 
'/>
<path style='opacity:1;fill:#DF992F;fill-rule:evenodd;stroke:#DF992F;stroke-width:1px;stroke-linecap:butt;stroke-linejoin:miter;stroke-opacity:1;' d='M 325 177 L 326 177 L 324 180 Q 322 182 321 184 Q 320 186 319 187 Q 318 187 319 198 Q 320 208 322 210 Q 323 213 326 213 Q 329 213 329 215 Q 330 217 330 216 Q 330 215 331 215 Q 332 215 332 218 Q 331 221 332 221 Q 333 221 333 224 Q 334 228 334 226 Q 335 224 334 231 Q 334 238 335 238 Q 337 238 336 239 Q 336 240 335 241 Q 334 241 334 245 Q 334 249 334 250 L 334 251 L 332 251 Q 330 250 328 250 Q 325 250 321 251 L 317 253 L 317 253 Q 317 254 316 253 Q 314 253 312 254 Q 309 254 309 252 Q 308 251 307 250 Q 305 250 304 247 Q 303 244 302 239 L 301 235 L 301 235 Q 302 235 302 234 L 302 234 L 302 234 Q 302 234 302 232 Q 302 231 304 226 Q 305 222 304 222 Q 304 221 304 208 L 304 195 L 304 195 L 304 194 L 304 194 L 304 194 L 306 191 Q 307 188 309 188 Q 311 187 311 186 Q 311 184 314 183 Q 316 182 320 180 Q 324 178 325 177 z 
'/>
<path style='opacity:1;fill:#907A34;fill-rule:evenodd;stroke:#907A34;stroke-width:1px;stroke-linecap:butt;stroke-linejoin:miter;stroke-opacity:1;' d='M 117 22 L 117 22 L 118 23 Q 120 24 120 26 Q 119 28 121 30 Q 122 31 122 40 Q 122 50 123 50 Q 124 50 124 52 Q 124 53 125 52 Q 126 51 126 51 L 126 52 L 126 52 L 126 52 L 127 54 L 127 55 L 126 55 L 126 54 L 126 54 L 126 54 L 125 54 Q 125 54 125 55 Q 124 55 122 55 Q 119 55 120 56 Q 120 58 119 59 Q 118 60 118 62 Q 118 64 114 64 Q 111 65 111 66 Q 110 67 111 70 Q 112 72 110 73 Q 109 74 107 74 L 105 73 L 104 73 Q 104 74 104 74 L 104 74 L 104 74 Q 104 74 103 77 L 102 80 L 102 80 L 102 80 L 102 79 L 102 79 L 101 77 Q 101 75 100 75 L 99 76 L 99 76 L 98 76 L 98 76 L 98 76 L 98 77 L 98 77 L 98 76 L 98 75 L 98 75 Q 98 74 97 74 Q 96 74 96 73 Q 96 72 98 72 Q 99 72 98 68 Q 97 64 96 64 Q 95 64 94 64 Q 93 64 92 64 Q 91 64 91 60 Q 90 56 90 56 Q 88 56 86 55 Q 84 54 83 54 L 82 53 L 82 52 Q 82 51 83 50 Q 84 50 85 44 Q 86 38 88 38 Q 90 38 90 37 L 90 36 L 90 36 L 90 36 L 90 34 Q 90 32 91 32 Q 92 31 92 30 Q 92 28 96 28 Q 101 28 102 25 Q 103 22 104 22 Q 106 22 107 22 Q 108 23 108 21 Q 109 20 112 20 Q 116 20 116 21 Q 116 22 117 22 z 
M 87 46 Q 87 46 87 45 Q 88 45 88 46 Q 88 46 87 46 z 
'/>
<path style='opacity:1;fill:#2C1D10;fill-rule:evenodd;stroke:#2C1D10;stroke-width:1px;stroke-linecap:butt;stroke-linejoin:miter;stroke-opacity:1;' d='M 253 330 L 254 330 L 254 330 L 254 330 L 254 331 L 254 332 L 254 332 L 254 332 L 254 333 L 254 333 L 255 334 L 256 335 L 257 340 Q 258 344 260 344 Q 262 344 264 348 Q 267 352 268 352 L 268 352 L 268 366 Q 268 379 266 380 Q 265 380 265 382 Q 265 383 262 384 Q 259 386 258 385 Q 256 384 256 386 Q 255 388 254 388 Q 253 388 253 389 Q 253 390 254 391 Q 256 392 252 394 Q 249 396 250 396 Q 251 396 251 397 Q 251 398 248 400 Q 246 402 245 404 L 244 407 L 244 407 L 244 406 L 243 406 L 242 406 L 242 406 L 241 406 L 241 405 L 241 405 L 240 405 Q 239 405 239 402 Q 239 399 236 399 Q 233 398 230 396 Q 228 394 224 395 Q 221 396 221 394 Q 221 392 217 392 Q 213 392 212 389 Q 212 387 209 387 Q 207 388 204 388 Q 201 388 201 387 Q 201 386 196 384 L 192 382 L 191 382 L 190 382 L 190 381 L 190 381 L 190 380 L 190 380 L 189 380 L 189 380 L 190 379 Q 191 378 191 378 Q 192 377 193 376 Q 194 376 194 374 Q 194 372 197 367 L 200 362 L 200 360 L 200 358 L 200 358 Q 201 358 201 357 L 201 357 L 208 358 Q 215 358 214 356 Q 214 354 215 354 Q 216 354 216 352 Q 217 350 220 349 Q 222 349 222 348 Q 222 347 224 347 Q 226 347 227 346 Q 228 344 228 345 Q 228 346 230 346 Q 231 346 232 345 Q 232 344 236 343 Q 239 343 240 341 Q 240 338 244 338 Q 248 336 248 336 Q 248 336 249 334 L 249 332 L 250 331 Q 252 330 253 330 z 
M 238 345 Q 238 345 239 345 Q 239 346 238 346 Q 238 346 238 345 z 
'/>
<path style='opacity:1;fill:#522F12;fill-rule:evenodd;stroke:#522F12;stroke-width:1px;stroke-linecap:butt;stroke-linejoin:miter;stroke-opacity:1;' d='M 273 651 L 275 650 L 277 652 Q 278 653 279 652 Q 279 651 280 651 Q 281 651 282 654 Q 284 656 286 658 Q 287 658 288 659 L 289 659 L 288 660 Q 286 662 287 662 Q 288 662 288 663 Q 287 664 286 665 Q 285 665 284 668 Q 282 671 282 672 L 282 674 L 282 673 Q 281 672 278 672 Q 276 673 275 675 Q 275 677 271 680 Q 268 683 267 683 L 267 684 L 267 684 L 266 684 L 266 682 L 266 679 L 265 680 L 264 682 L 264 682 L 264 682 L 262 682 L 260 682 L 260 681 L 260 680 L 260 679 L 260 678 L 261 677 L 262 676 L 262 674 Q 262 673 264 673 Q 265 673 265 668 Q 264 664 265 659 L 265 654 L 266 654 Q 268 654 268 654 L 268 654 L 269 654 L 269 654 L 269 655 L 270 655 L 270 654 Q 270 652 273 651 z 
'/>
<path style='opacity:1;fill:#35140E;fill-rule:evenodd;stroke:#35140E;stroke-width:1px;stroke-linecap:butt;stroke-linejoin:miter;stroke-opacity:1;' d='M 602 987 L 602 986 L 604 987 Q 605 988 606 989 L 607 990 L 607 990 L 608 990 L 608 990 L 608 990 L 608 991 L 608 991 L 609 991 L 609 992 L 610 992 L 610 992 L 610 992 L 610 992 L 612 994 Q 614 996 614 998 Q 614 1000 615 1000 Q 616 1001 618 1004 Q 619 1008 621 1008 Q 622 1009 623 1010 Q 623 1011 624 1011 Q 625 1011 626 1014 Q 626 1018 626 1020 Q 626 1022 625 1022 Q 624 1023 628 1029 Q 632 1035 632 1036 L 632 1036 L 632 1038 L 632 1040 L 631 1040 L 631 1040 L 631 1041 L 630 1041 L 630 1042 L 630 1044 L 629 1044 L 629 1044 L 624 1044 Q 620 1044 618 1044 Q 616 1043 616 1042 Q 616 1041 615 1041 Q 614 1042 614 1043 Q 614 1045 612 1043 Q 612 1041 610 1041 Q 609 1040 608 1042 Q 607 1044 602 1042 Q 598 1040 596 1039 Q 593 1038 590 1038 Q 586 1038 583 1038 L 580 1038 L 580 1038 L 580 1038 L 579 1038 L 579 1038 L 579 1037 L 578 1037 L 578 1036 L 578 1035 L 577 1035 L 577 1034 L 577 1034 L 577 1034 L 578 1034 L 580 1034 L 580 1032 L 580 1030 L 580 1026 Q 580 1023 580 1020 Q 578 1016 576 1014 Q 574 1013 571 1007 L 568 1001 L 568 1000 Q 568 999 567 998 L 566 998 L 566 996 Q 566 995 563 994 L 561 992 L 560 992 L 559 992 L 559 990 L 558 989 L 558 989 L 558 988 L 559 988 L 560 988 L 562 988 L 564 988 L 572 990 Q 579 992 583 993 L 587 993 L 587 994 L 587 995 L 590 995 Q 592 995 592 994 Q 592 992 591 992 L 590 992 L 596 992 Q 601 991 601 990 Q 602 988 602 987 z 
'/>
<path style='opacity:1;fill:#3D2213;fill-rule:evenodd;stroke:#3D2213;stroke-width:1px;stroke-linecap:butt;stroke-linejoin:miter;stroke-opacity:1;' d='M 156 918 L 159 916 L 159 918 L 159 921 L 160 921 L 162 920 L 164 920 L 165 920 L 166 919 Q 167 918 168 918 Q 170 918 170 919 Q 170 920 171 918 L 172 917 L 174 918 Q 176 918 176 919 Q 175 920 175 921 L 174 921 L 174 922 L 174 924 L 172 925 Q 170 926 170 927 Q 170 928 171 928 L 171 928 L 170 928 Q 168 929 168 931 Q 167 934 166 934 Q 164 934 164 936 Q 164 936 161 940 Q 158 943 156 948 Q 154 952 152 956 Q 152 961 151 964 L 151 967 L 150 970 Q 150 973 149 978 L 148 982 L 148 982 L 148 982 L 148 983 L 148 983 L 147 983 L 147 984 L 146 984 L 144 984 L 143 984 L 142 984 L 141 984 L 140 984 L 139 983 L 138 983 L 138 982 L 138 981 L 138 980 L 138 979 L 138 974 Q 138 969 138 958 L 138 946 L 137 946 L 137 946 L 136 945 L 134 945 L 134 944 Q 134 944 135 942 Q 136 940 138 940 Q 140 940 148 930 Q 155 921 154 921 L 153 921 L 153 920 Q 154 920 156 918 z 
'/>
<path style='opacity:1;fill:#AB621A;fill-rule:evenodd;stroke:#AB621A;stroke-width:1px;stroke-linecap:butt;stroke-linejoin:miter;stroke-opacity:1;' d='M 208 944 L 211 934 L 212 938 Q 212 942 212 945 Q 211 948 216 950 Q 220 951 220 952 Q 220 953 224 953 Q 227 953 227 954 Q 227 955 226 955 Q 225 955 226 958 Q 226 960 228 960 Q 230 960 230 959 Q 230 958 232 960 Q 233 962 246 964 Q 258 966 261 969 Q 264 972 264 973 L 264 973 L 265 973 L 265 974 L 265 974 L 266 974 L 266 975 L 266 976 L 267 976 L 267 976 L 268 977 L 269 978 L 270 978 L 271 978 L 271 979 L 271 979 L 269 979 L 267 978 L 267 978 L 266 978 L 266 978 L 266 978 L 265 978 L 264 978 L 263 978 Q 262 978 262 977 Q 262 976 260 976 Q 260 976 257 975 L 255 974 L 254 975 L 252 976 L 252 976 L 252 976 L 253 976 L 253 976 L 254 978 Q 254 979 254 980 Q 254 980 254 981 L 254 982 L 254 983 L 254 984 L 253 984 L 252 984 L 252 984 L 251 984 L 251 984 L 250 984 L 250 984 Q 250 984 247 983 L 244 982 L 244 982 Q 243 982 234 981 Q 226 980 226 981 Q 226 982 225 982 Q 224 982 216 978 Q 207 974 206 971 L 205 968 L 205 961 Q 206 954 208 944 z 
'/>
<path style='opacity:1;fill:#83310E;fill-rule:evenodd;stroke:#83310E;stroke-width:1px;stroke-linecap:butt;stroke-linejoin:miter;stroke-opacity:1;' d='M 422 998 L 420 994 L 420 994 L 420 994 L 421 994 L 421 994 L 422 995 L 423 996 L 424 996 L 424 996 L 424 996 Q 424 996 425 996 L 425 996 L 425 997 L 426 997 L 426 997 L 426 998 L 434 1000 Q 441 1004 442 1005 Q 444 1006 444 1007 L 445 1007 L 446 1008 Q 446 1008 449 1011 Q 451 1014 453 1016 Q 454 1017 457 1021 Q 460 1025 460 1027 Q 460 1028 462 1030 Q 465 1031 465 1032 L 465 1034 L 464 1034 Q 464 1034 464 1035 L 465 1035 L 465 1038 L 466 1042 L 466 1043 L 466 1044 L 465 1045 L 464 1046 L 464 1046 L 464 1046 L 458 1046 Q 451 1046 448 1044 Q 445 1042 442 1040 L 438 1038 L 437 1038 L 436 1038 L 435 1037 L 434 1037 L 434 1037 Q 434 1036 417 1024 L 400 1012 L 399 1011 L 398 1010 L 398 1010 L 398 1010 L 397 1010 L 397 1010 L 396 1009 L 395 1008 L 394 1008 L 393 1008 L 393 1007 L 393 1007 L 396 1007 L 400 1008 L 406 1009 Q 413 1010 414 1011 Q 415 1012 418 1012 L 421 1012 L 422 1011 L 423 1011 L 423 1010 L 424 1009 L 424 1008 L 424 1006 L 424 1005 L 424 1004 L 424 1004 Q 424 1004 424 1003 Q 424 1003 422 998 z 
'/>
<path style='opacity:1;fill:#29130C;fill-rule:evenodd;stroke:#29130C;stroke-width:1px;stroke-linecap:butt;stroke-linejoin:miter;stroke-opacity:1;' d='M 646 573 L 646 574 L 647 574 L 647 574 L 647 575 L 648 575 L 648 575 L 648 576 L 648 576 L 648 576 L 649 576 L 649 575 L 651 576 Q 652 578 653 579 Q 653 580 654 580 Q 655 580 656 579 Q 656 578 658 579 Q 660 580 661 582 Q 662 584 663 585 Q 664 585 664 586 Q 664 587 666 587 Q 668 587 668 588 Q 668 590 669 590 Q 670 590 672 591 L 673 591 L 673 594 L 672 596 L 672 596 L 672 596 L 670 596 Q 669 596 670 597 Q 670 598 669 598 Q 668 598 668 597 Q 667 596 666 598 Q 666 599 668 600 Q 669 600 668 601 Q 666 602 666 602 Q 666 603 666 606 L 666 610 L 665 610 L 664 610 L 664 608 Q 664 606 662 606 Q 661 606 661 605 Q 660 604 654 604 Q 648 604 642 602 Q 635 602 630 600 L 626 599 L 624 599 Q 621 598 616 598 L 610 596 L 609 596 L 608 596 L 608 594 L 608 592 L 609 592 L 609 592 L 610 591 L 611 591 L 611 591 L 612 591 L 612 592 L 612 593 L 613 593 L 613 592 L 613 592 L 614 592 L 614 592 L 614 592 L 616 591 Q 617 590 617 589 Q 617 588 618 588 Q 619 588 618 587 Q 618 586 622 586 Q 626 585 625 584 Q 625 582 626 582 Q 628 582 628 580 Q 628 578 630 578 Q 631 578 632 577 Q 632 576 632 575 L 633 575 L 634 576 Q 636 576 636 575 Q 636 574 640 573 Q 645 572 645 572 Q 646 572 646 573 z 
'/>
<path style='opacity:1;fill:#624915;fill-rule:evenodd;stroke:#624915;stroke-width:1px;stroke-linecap:butt;stroke-linejoin:miter;stroke-opacity:1;' d='M 124 538 L 128 536 L 128 536 L 128 536 L 129 537 Q 130 538 131 538 Q 132 539 132 540 Q 132 541 130 541 Q 129 541 128 546 Q 128 550 127 550 L 127 551 L 126 552 Q 125 554 123 553 Q 122 553 121 556 L 121 559 L 120 558 Q 120 558 119 559 Q 119 560 117 560 Q 115 560 114 565 Q 113 570 112 569 Q 112 569 111 569 L 111 570 L 111 570 L 110 570 L 110 572 L 110 573 L 109 573 L 109 574 L 108 574 L 108 574 L 108 573 L 108 573 L 107 572 L 107 571 L 105 571 L 103 571 L 103 570 L 104 569 L 104 568 L 104 567 L 105 567 L 105 566 L 105 566 L 105 566 L 106 566 Q 106 566 106 565 Q 106 565 107 562 Q 108 558 110 556 Q 112 554 113 548 L 115 542 L 116 542 L 116 542 L 116 541 L 116 541 L 117 541 L 117 540 L 118 540 Q 119 540 124 538 z 
'/>
<path style='opacity:1;fill:#52472A;fill-rule:evenodd;stroke:#52472A;stroke-width:1px;stroke-linecap:butt;stroke-linejoin:miter;stroke-opacity:1;' d='M 217 485 L 218 485 L 218 485 L 218 486 L 218 486 L 218 486 L 219 487 L 220 488 L 220 490 L 220 491 L 220 491 L 220 491 L 220 492 L 220 493 L 220 493 L 220 494 L 218 494 Q 217 494 216 496 Q 214 498 214 498 L 214 498 L 214 498 Q 213 498 211 496 Q 209 495 209 497 Q 209 499 204 501 Q 200 503 200 504 Q 200 505 196 505 Q 193 506 192 504 Q 191 504 190 505 Q 190 506 186 504 Q 182 501 182 500 L 182 499 L 180 499 L 177 499 L 177 498 Q 176 498 175 498 Q 173 498 172 496 L 172 495 L 171 494 L 170 493 L 170 492 L 170 491 L 170 491 L 171 490 L 171 490 Q 172 490 172 489 Q 172 488 174 486 Q 176 485 176 483 Q 176 481 178 481 Q 180 481 180 480 Q 180 479 180 478 Q 181 478 180 477 Q 178 477 178 476 Q 178 475 179 475 Q 180 475 180 473 L 181 471 L 181 471 L 181 472 L 182 472 Q 182 472 182 471 L 182 471 L 182 471 Q 182 471 183 470 L 183 469 L 185 469 Q 187 468 189 469 Q 190 470 192 472 Q 194 474 195 475 Q 196 476 200 476 Q 204 478 203 478 Q 202 480 208 480 Q 214 481 215 484 Q 215 486 216 486 Q 217 484 217 485 z 
'/>
<path style='opacity:1;fill:#694D16;fill-rule:evenodd;stroke:#694D16;stroke-width:1px;stroke-linecap:butt;stroke-linejoin:miter;stroke-opacity:1;' d='M 138 534 L 138 536 L 137 536 L 137 536 L 137 537 L 136 537 L 136 537 L 136 538 L 136 538 L 136 538 L 137 538 L 137 538 L 138 538 L 140 538 L 141 538 L 142 538 L 142 536 Q 142 535 143 535 L 144 535 L 143 538 Q 142 542 141 544 Q 139 546 140 547 Q 141 547 141 550 Q 140 553 140 552 Q 140 551 138 557 Q 136 563 138 566 Q 138 570 139 574 L 139 577 L 139 577 Q 139 578 138 578 L 138 578 L 138 576 Q 138 574 137 575 Q 136 576 134 574 Q 133 572 132 575 L 130 578 L 129 578 L 128 578 L 127 577 L 126 577 L 126 574 Q 126 572 126 570 Q 126 567 125 565 L 124 564 L 124 563 L 124 563 L 123 563 L 123 562 L 123 562 L 122 562 L 122 562 L 122 562 L 122 561 L 122 561 L 121 560 L 121 559 L 122 559 L 123 560 L 123 560 L 124 560 L 124 561 Q 126 562 126 563 L 126 564 L 127 562 L 128 560 L 128 560 L 128 560 L 128 559 L 128 559 L 128 556 Q 128 554 128 552 L 127 551 L 127 550 Q 128 550 128 546 Q 129 541 130 541 Q 132 541 132 540 Q 132 539 131 538 Q 130 538 129 537 L 128 536 L 128 536 L 128 536 L 129 536 Q 130 536 130 535 L 130 535 L 130 535 Q 131 534 131 534 L 131 534 L 134 534 Q 136 534 137 533 Q 138 533 138 534 z 
'/>
<path style='opacity:1;fill:#220D07;fill-rule:evenodd;stroke:#220D07;stroke-width:1px;stroke-linecap:butt;stroke-linejoin:miter;stroke-opacity:1;' d='M 701 586 L 701 585 L 707 585 L 713 585 L 714 585 L 714 585 L 714 587 Q 714 589 716 589 L 717 589 L 717 590 Q 716 592 716 592 L 716 592 L 717 593 Q 718 594 720 593 Q 721 593 721 594 Q 721 596 724 596 Q 726 597 726 598 Q 726 600 730 599 Q 734 598 734 600 L 734 601 L 734 602 L 734 603 L 735 603 L 735 604 L 736 604 L 738 604 L 738 605 L 738 606 L 741 606 L 744 606 L 743 609 Q 742 612 743 612 Q 744 612 744 613 L 744 614 L 743 615 L 742 616 L 742 616 L 742 616 L 741 617 L 740 617 L 740 618 L 740 619 L 736 619 Q 733 618 731 618 Q 729 618 728 618 Q 728 618 728 621 Q 729 624 726 623 Q 724 622 722 623 Q 721 624 720 623 Q 718 622 714 623 L 711 624 L 711 623 L 710 622 L 710 622 L 710 622 L 709 622 L 708 622 L 708 622 L 708 622 L 707 622 L 707 622 L 707 623 L 708 623 L 708 625 L 708 627 L 709 627 L 709 628 L 709 628 L 710 628 L 711 631 Q 713 634 716 636 Q 718 638 718 639 L 718 639 L 718 640 L 718 641 L 718 641 L 718 642 L 718 642 L 718 642 L 716 642 L 714 642 L 714 643 L 714 643 L 713 644 L 712 646 L 712 646 L 712 646 L 711 647 Q 710 647 710 648 Q 710 649 704 647 L 699 646 L 699 645 L 698 645 L 698 645 L 698 644 L 697 644 L 696 644 L 696 645 L 696 646 L 696 646 Q 696 646 695 644 Q 695 643 691 644 Q 687 644 687 642 Q 686 640 685 639 L 684 638 L 683 638 L 682 638 L 682 637 L 682 636 L 681 636 L 680 636 L 682 635 L 683 634 L 683 634 L 684 634 L 684 632 Q 684 630 686 630 Q 689 630 691 630 L 693 630 L 693 629 L 694 629 L 694 629 L 694 628 L 694 628 L 694 628 L 694 627 L 694 626 L 694 625 L 694 624 L 693 624 L 693 624 L 693 623 L 692 623 L 692 623 L 692 622 L 690 622 Q 689 622 689 620 Q 688 619 684 616 Q 680 613 679 606 L 678 599 L 679 599 L 679 598 L 680 598 Q 682 598 682 597 L 682 597 L 684 598 Q 686 599 686 597 Q 687 596 690 596 Q 694 597 694 596 Q 695 594 696 594 Q 698 594 699 592 Q 700 591 700 589 L 700 587 L 701 586 z 
'/>
<path style='opacity:1;fill:#897531;fill-rule:evenodd;stroke:#897531;stroke-width:1px;stroke-linecap:butt;stroke-linejoin:miter;stroke-opacity:1;' d='M 119 1 L 119 0 L 148 0 L 176 0 L 176 0 Q 176 0 176 2 Q 177 3 176 3 Q 175 3 175 4 Q 176 5 174 6 Q 172 7 172 11 Q 171 15 173 16 Q 175 16 171 21 Q 168 26 166 26 Q 164 26 164 28 Q 164 29 163 30 Q 162 30 160 36 Q 159 41 156 42 Q 153 42 152 46 L 152 50 L 150 50 Q 149 50 149 49 Q 148 48 147 48 Q 145 48 145 50 Q 144 51 142 52 Q 140 52 135 53 Q 130 54 129 55 Q 128 57 127 56 L 127 55 L 127 54 L 126 52 L 126 52 L 126 52 L 126 51 Q 126 51 125 52 Q 124 53 124 52 Q 124 50 123 50 Q 122 50 122 40 Q 122 31 121 30 Q 119 28 120 26 Q 120 24 118 23 L 117 22 L 118 20 Q 120 19 119 17 Q 119 15 118 16 Q 116 16 116 12 Q 116 7 118 4 Q 118 2 119 1 z 
'/>
<path style='opacity:1;fill:#583F14;fill-rule:evenodd;stroke:#583F14;stroke-width:1px;stroke-linecap:butt;stroke-linejoin:miter;stroke-opacity:1;' d='M 97 510 L 100 507 L 102 510 Q 103 514 104 513 Q 104 513 105 516 Q 106 518 106 520 L 106 522 L 109 522 L 112 522 L 111 524 Q 110 525 110 525 L 110 526 L 111 527 Q 112 529 111 530 Q 110 531 110 532 L 110 533 L 111 534 L 111 536 L 112 536 Q 114 536 114 539 L 114 542 L 115 542 L 115 542 L 113 548 Q 112 554 110 556 Q 108 558 107 562 Q 106 565 106 565 Q 106 566 106 566 L 105 566 L 105 565 L 104 564 L 104 564 L 104 564 L 104 565 L 104 565 L 103 566 L 102 567 L 102 567 L 102 568 L 102 568 L 102 568 L 101 568 L 101 568 L 100 570 Q 100 572 98 572 Q 96 573 96 574 L 96 576 L 95 576 L 95 576 L 95 576 L 94 576 L 94 574 Q 94 572 92 572 Q 90 572 90 570 Q 90 569 88 570 Q 86 570 83 569 Q 80 568 77 569 Q 74 570 74 572 L 74 573 L 74 573 Q 73 572 72 572 Q 70 570 69 568 L 68 566 L 68 566 L 68 566 L 68 565 L 68 565 L 67 565 L 67 566 L 67 566 L 66 566 L 66 572 L 66 577 L 65 578 L 65 579 L 64 579 L 63 579 L 63 577 L 62 575 L 62 572 Q 62 568 60 561 Q 59 554 58 553 Q 58 552 56 552 L 55 551 L 55 550 L 56 548 L 56 549 Q 56 550 57 550 Q 58 550 58 549 Q 59 548 63 536 Q 67 525 70 524 Q 72 524 72 522 L 72 519 L 72 519 L 72 518 L 72 518 L 72 518 L 73 518 L 73 518 L 73 517 L 73 517 L 75 517 Q 77 518 79 518 Q 81 518 82 517 Q 83 516 84 516 Q 85 516 89 515 Q 93 514 93 513 Q 94 512 97 510 z 
'/>
<path style='opacity:1;fill:#904813;fill-rule:evenodd;stroke:#904813;stroke-width:1px;stroke-linecap:butt;stroke-linejoin:miter;stroke-opacity:1;' d='M 346 268 L 346 268 L 346 270 L 346 271 L 346 275 Q 346 278 343 278 Q 340 277 341 279 Q 341 281 340 281 L 339 281 L 339 281 Q 339 280 339 279 Q 338 277 335 275 Q 331 272 325 272 Q 319 272 314 273 L 310 274 L 310 274 L 309 274 L 309 275 L 308 275 L 308 275 L 308 274 L 308 274 L 308 274 L 308 272 L 308 271 L 308 271 L 308 270 L 308 270 L 308 270 L 309 270 L 309 270 L 309 269 L 310 269 L 310 269 L 310 268 L 310 268 L 310 268 L 310 268 L 310 267 L 310 267 L 310 266 L 309 266 L 308 266 L 308 266 L 308 266 L 311 265 Q 314 265 315 264 Q 316 262 316 262 L 316 262 L 317 261 L 318 260 L 319 260 L 320 260 L 320 260 L 320 260 L 327 259 Q 333 258 336 259 Q 338 260 338 261 Q 338 262 342 265 Q 345 268 346 268 z 
'/>
<path style='opacity:1;fill:#1D0805;fill-rule:evenodd;stroke:#1D0805;stroke-width:1px;stroke-linecap:butt;stroke-linejoin:miter;stroke-opacity:1;' d='M 802 644 L 802 642 L 803 642 Q 804 642 804 643 L 805 643 L 807 644 Q 809 646 810 646 L 811 646 L 812 647 L 813 647 L 813 711 L 813 775 L 808 775 L 802 775 L 802 775 L 802 774 L 803 774 L 804 774 L 804 773 L 804 772 L 803 770 L 803 768 L 802 768 Q 800 768 798 764 Q 797 760 792 759 Q 788 758 787 753 Q 786 748 783 748 Q 780 748 780 746 Q 779 745 778 745 Q 777 745 777 746 Q 777 748 776 748 Q 775 748 775 746 Q 775 745 770 745 Q 765 744 762 742 Q 758 739 758 740 L 757 741 L 757 739 L 758 737 L 758 737 L 758 736 L 760 736 Q 761 736 761 735 Q 761 734 763 734 L 765 734 L 765 733 L 764 733 L 764 733 L 764 732 L 764 732 L 764 732 L 765 732 L 765 732 L 764 731 L 763 730 L 763 730 Q 762 730 762 728 L 762 726 L 761 726 L 761 726 L 761 726 L 761 726 L 767 724 Q 773 724 774 723 Q 775 722 776 723 Q 778 723 778 719 Q 779 715 780 715 L 782 715 L 782 712 L 782 709 L 781 709 L 781 708 L 781 708 L 780 708 L 780 707 L 780 706 L 780 705 Q 780 704 780 703 L 780 702 L 781 700 Q 782 699 782 699 Q 782 700 783 697 Q 784 694 782 694 Q 780 693 780 692 Q 780 691 778 690 L 776 688 L 776 687 L 776 686 L 775 686 L 775 686 L 775 685 L 776 685 L 776 685 L 776 684 L 776 684 L 776 684 L 777 684 L 777 684 L 782 683 L 786 682 L 786 682 L 786 682 L 791 684 Q 796 686 797 687 L 798 688 L 800 688 L 803 688 L 803 687 L 804 687 L 804 687 L 804 686 L 806 686 L 807 686 L 807 685 L 808 684 L 808 682 Q 808 680 806 679 Q 804 678 804 676 Q 804 675 805 667 L 805 659 L 805 659 L 806 659 L 806 658 L 806 658 L 805 657 L 804 656 L 804 656 L 804 656 L 803 655 Q 802 654 803 654 L 804 654 L 804 653 Q 804 653 804 650 Q 804 648 803 647 Q 802 646 802 644 z 
'/>
<path style='opacity:1;fill:#E79E33;fill-rule:evenodd;stroke:#E79E33;stroke-width:1px;stroke-linecap:butt;stroke-linejoin:miter;stroke-opacity:1;' d='M 352 403 L 354 403 L 354 403 Q 355 404 360 404 L 364 404 L 368 404 Q 373 405 373 406 Q 373 407 374 407 L 375 407 L 375 411 L 374 415 L 372 418 Q 370 420 367 422 Q 364 424 364 425 L 364 425 L 362 425 Q 360 424 359 424 Q 358 424 358 425 Q 358 426 354 425 Q 350 424 348 421 Q 345 418 344 418 Q 343 418 342 416 L 342 415 L 342 412 L 342 409 L 343 409 L 343 408 L 344 406 Q 344 403 346 403 Q 348 403 349 403 Q 350 404 352 403 z 
'/>
<path style='opacity:1;fill:#746126;fill-rule:evenodd;stroke:#746126;stroke-width:1px;stroke-linecap:butt;stroke-linejoin:miter;stroke-opacity:1;' d='M 554 233 L 551 214 L 552 215 Q 554 216 554 217 Q 555 219 557 219 Q 559 219 560 218 Q 561 216 566 216 Q 570 215 570 216 Q 571 216 572 216 Q 574 216 575 220 Q 576 224 577 225 Q 578 225 578 226 Q 578 227 580 227 L 582 227 L 582 228 Q 582 229 583 229 L 584 230 L 584 230 L 584 230 L 584 230 L 584 230 L 583 231 Q 582 232 581 234 Q 580 236 579 236 Q 577 237 577 238 Q 576 240 575 242 L 573 244 L 573 245 Q 572 246 571 248 Q 570 251 567 252 Q 565 252 565 254 L 564 256 L 564 257 L 564 258 L 563 258 L 563 258 L 563 259 L 562 259 L 562 260 L 562 261 L 561 261 L 560 261 L 560 260 L 560 259 L 559 258 L 558 256 L 558 256 L 558 256 L 558 254 Q 558 252 554 233 z 
M 576 228 Q 576 228 576 227 Q 576 227 576 228 L 576 228 L 576 228 z 
'/>
<path style='opacity:1;fill:#31150D;fill-rule:evenodd;stroke:#31150D;stroke-width:1px;stroke-linecap:butt;stroke-linejoin:miter;stroke-opacity:1;' d='M 601 986 L 602 986 L 602 987 Q 602 988 601 990 Q 601 991 596 992 L 590 992 L 590 992 Q 589 992 580 988 L 571 984 L 570 984 Q 568 984 567 983 L 566 982 L 568 980 Q 569 978 579 978 Q 589 978 594 980 Q 598 982 599 984 Q 600 986 601 986 z 
'/>
<path style='opacity:1;fill:#573010;fill-rule:evenodd;stroke:#573010;stroke-width:1px;stroke-linecap:butt;stroke-linejoin:miter;stroke-opacity:1;' d='M 583 576 L 584 576 L 584 577 L 584 577 L 584 578 L 584 578 L 584 579 L 584 580 L 583 580 L 583 580 L 580 581 Q 577 582 577 582 L 576 582 L 576 582 L 576 582 L 576 583 L 576 583 L 577 583 L 577 584 L 577 584 L 576 584 L 576 584 L 576 584 L 576 585 L 576 585 L 577 585 L 577 586 L 577 586 L 578 586 L 578 587 L 578 588 L 577 588 L 577 589 L 577 589 Q 577 590 572 590 L 568 592 L 568 592 L 568 592 L 564 592 Q 561 592 554 594 L 547 596 L 546 597 L 545 598 L 544 598 L 542 598 L 541 599 L 540 599 L 540 596 L 540 594 L 541 594 L 541 594 L 541 593 L 542 593 L 542 593 L 542 592 L 542 592 L 542 592 L 543 591 L 543 590 L 544 590 L 544 590 L 556 586 Q 568 582 568 581 Q 568 580 571 579 Q 574 578 576 578 L 579 578 L 580 577 Q 582 576 583 576 z 
'/>
<path style='opacity:1;fill:#7B3D0F;fill-rule:evenodd;stroke:#7B3D0F;stroke-width:1px;stroke-linecap:butt;stroke-linejoin:miter;stroke-opacity:1;' d='M 396 160 L 395 159 L 406 161 Q 416 164 421 166 Q 426 168 426 169 Q 427 170 429 169 Q 431 169 431 170 Q 431 171 434 172 Q 436 174 438 175 Q 440 176 440 178 Q 441 180 443 182 Q 446 183 448 185 Q 450 187 450 192 Q 450 196 452 197 Q 454 198 458 204 Q 462 210 462 212 L 462 213 L 461 219 Q 460 224 461 225 Q 462 225 462 230 L 462 235 L 461 235 L 461 235 L 461 234 L 460 234 L 460 233 L 460 232 L 459 232 L 459 232 L 459 231 L 458 231 L 458 231 L 458 230 L 458 230 L 458 230 L 457 230 Q 457 230 454 230 Q 452 230 452 228 Q 451 227 450 227 Q 448 226 439 221 Q 430 215 430 214 Q 430 213 428 212 Q 426 211 426 209 Q 426 207 425 199 Q 424 191 419 186 L 414 182 L 414 182 L 414 181 L 413 181 L 413 180 L 413 180 Q 412 180 411 178 Q 410 175 408 174 Q 407 174 406 170 Q 405 167 402 166 L 400 165 L 400 164 Q 400 163 398 162 Q 396 162 396 160 z 
'/>
<path style='opacity:1;fill:#3F3318;fill-rule:evenodd;stroke:#3F3318;stroke-width:1px;stroke-linecap:butt;stroke-linejoin:miter;stroke-opacity:1;' d='M 180 354 L 181 354 L 181 354 L 181 354 L 182 355 L 183 356 L 184 356 L 185 356 L 185 355 L 186 355 L 186 355 L 186 356 L 190 356 Q 194 358 196 358 Q 198 359 199 358 Q 199 357 200 357 L 201 357 L 201 358 Q 200 359 200 360 L 200 362 L 197 367 Q 194 372 194 374 Q 194 376 193 376 Q 192 377 191 378 Q 191 378 190 379 L 189 380 L 189 380 L 190 380 L 190 380 L 190 381 L 185 381 Q 180 381 180 383 Q 180 385 178 386 Q 175 388 175 388 Q 176 388 176 390 L 176 391 L 174 391 L 172 392 L 172 392 L 171 392 L 171 392 L 170 391 L 170 388 L 170 386 L 172 386 Q 173 386 173 382 Q 172 377 173 374 Q 174 372 173 372 Q 172 372 172 367 Q 173 362 174 362 Q 175 362 175 361 Q 175 360 174 360 Q 172 360 172 360 L 172 359 L 172 358 L 172 356 L 173 353 Q 174 350 174 352 Q 175 353 176 353 Q 178 354 180 354 z 
'/>
<path style='opacity:1;fill:#2A240A;fill-rule:evenodd;stroke:#2A240A;stroke-width:1px;stroke-linecap:butt;stroke-linejoin:miter;stroke-opacity:1;' d='M 789 377 L 790 377 L 790 380 Q 790 384 787 386 Q 784 389 782 393 Q 780 397 779 397 Q 778 398 778 399 L 777 401 L 776 401 L 776 402 L 776 402 L 776 402 L 775 402 L 775 402 L 775 401 L 775 401 L 775 400 L 774 400 L 774 400 L 774 400 L 774 398 L 774 397 L 773 397 L 773 398 L 773 398 L 772 398 L 772 398 L 772 398 L 772 397 L 772 397 L 771 395 Q 770 393 769 390 Q 768 387 767 388 Q 766 388 768 385 Q 770 382 770 380 L 770 377 L 770 376 L 770 376 L 770 376 L 770 375 L 771 374 Q 772 374 776 374 Q 779 374 782 376 Q 786 378 787 377 Q 788 376 789 377 z 
'/>
<path style='opacity:1;fill:#26120D;fill-rule:evenodd;stroke:#26120D;stroke-width:1px;stroke-linecap:butt;stroke-linejoin:miter;stroke-opacity:1;' d='M 570 620 L 572 620 L 572 620 L 572 620 L 573 621 L 574 621 L 574 622 L 574 623 L 572 625 Q 570 626 570 627 Q 571 628 570 628 Q 569 628 569 629 Q 569 630 566 631 Q 563 632 562 634 Q 562 636 556 638 Q 550 641 550 642 Q 550 644 549 644 Q 548 645 549 652 Q 549 660 550 660 Q 551 660 551 661 L 551 662 L 548 665 Q 545 668 544 670 Q 543 671 542 671 Q 541 671 540 675 Q 538 678 537 680 Q 536 682 536 684 L 536 685 L 535 685 L 535 686 L 535 686 L 534 686 L 534 686 L 534 686 L 534 687 L 534 687 L 533 688 L 533 688 L 531 694 Q 530 700 528 702 Q 528 703 527 704 L 526 706 L 526 706 L 526 707 L 526 707 L 526 707 L 525 708 L 525 708 L 525 708 L 524 708 L 524 708 L 524 708 L 524 708 L 523 708 L 522 708 L 521 708 L 520 709 L 519 709 L 519 708 Q 518 707 516 704 Q 514 700 513 702 Q 512 703 511 703 Q 510 703 510 701 Q 510 699 509 699 Q 508 700 508 701 L 507 703 L 505 703 L 503 702 L 504 702 L 506 702 L 506 700 Q 506 698 506 694 L 506 691 L 506 690 Q 506 689 501 688 Q 496 688 495 686 L 494 686 L 494 685 L 494 685 L 493 685 L 493 686 L 493 686 L 492 686 L 492 682 Q 492 679 494 678 Q 496 678 496 677 L 496 676 L 497 676 L 497 676 L 497 675 L 496 675 L 496 674 L 496 672 L 494 672 L 493 672 L 492 673 Q 491 674 487 674 Q 483 674 484 674 Q 484 673 482 672 L 480 672 L 481 671 L 482 671 L 482 670 L 482 669 L 481 669 L 481 668 L 481 668 L 480 668 L 480 668 Q 480 668 481 666 L 482 665 L 482 665 Q 483 664 483 664 L 483 664 L 483 664 Q 484 663 484 662 Q 484 662 488 654 Q 492 646 496 644 L 499 641 L 499 642 Q 500 642 499 643 L 499 644 L 500 644 L 501 644 L 509 640 Q 518 637 524 636 Q 530 634 530 633 Q 531 632 538 629 Q 546 626 546 626 L 546 626 L 548 626 L 549 626 L 550 625 L 551 624 L 551 624 L 552 624 L 552 624 L 552 624 L 556 624 Q 560 623 564 622 Q 568 622 568 621 Q 569 620 570 620 z 
'/>
<path style='opacity:1;fill:#1B0E0B;fill-rule:evenodd;stroke:#1B0E0B;stroke-width:1px;stroke-linecap:butt;stroke-linejoin:miter;stroke-opacity:1;' d='M 215 807 L 216 809 L 216 809 L 216 810 L 216 810 L 217 810 L 217 809 L 218 809 L 218 809 L 218 808 L 218 808 L 218 808 L 219 808 Q 219 808 220 806 Q 222 806 223 804 Q 224 802 229 802 L 234 801 L 234 804 Q 233 806 232 807 Q 231 807 231 810 L 231 812 L 232 815 Q 233 818 235 824 Q 238 831 238 838 Q 238 845 237 845 Q 236 845 236 844 Q 235 844 234 844 Q 232 845 232 848 Q 232 850 233 850 Q 233 850 234 851 L 236 851 L 236 852 L 236 853 L 237 853 L 237 854 L 237 854 L 236 854 L 236 856 Q 236 859 237 862 L 237 865 L 239 865 Q 241 864 244 863 L 246 861 L 247 864 Q 248 866 249 867 Q 250 868 252 869 Q 254 870 257 870 Q 260 869 261 868 L 261 866 L 262 866 L 264 866 L 264 867 L 264 867 L 264 871 Q 264 875 265 875 Q 265 876 265 876 L 266 876 L 266 878 L 266 880 L 267 880 L 267 880 L 267 879 L 268 879 L 268 880 L 268 880 L 268 885 Q 268 890 270 890 Q 271 890 272 899 Q 272 908 271 908 Q 270 909 269 910 L 269 910 L 266 910 L 264 910 L 264 910 Q 264 909 263 909 L 263 909 L 255 909 Q 247 910 239 911 L 231 913 L 231 913 Q 230 913 230 914 L 230 914 L 230 914 Q 229 914 228 913 L 228 912 L 228 911 Q 228 910 221 912 Q 214 914 212 914 Q 209 915 209 916 L 209 917 L 208 917 Q 208 916 206 916 L 204 915 L 204 914 Q 204 914 209 909 L 214 904 L 214 904 L 214 904 L 214 903 L 214 903 L 213 903 L 213 902 L 212 902 L 210 902 L 210 901 L 210 900 L 204 900 L 199 900 L 199 900 Q 199 900 197 898 Q 196 896 194 895 L 192 894 L 192 894 L 192 894 L 191 894 L 191 894 L 189 893 L 187 892 L 187 892 L 187 892 L 188 892 L 189 892 L 189 891 L 190 891 L 190 891 L 190 890 L 194 890 L 197 890 L 197 889 L 196 888 L 196 888 L 196 888 L 196 887 L 196 887 L 195 887 L 195 886 L 195 886 L 194 886 L 194 886 L 194 886 L 192 885 L 191 884 L 190 884 Q 189 884 187 883 Q 186 882 180 881 L 174 880 L 173 880 Q 172 880 167 879 L 162 878 L 162 878 Q 162 877 161 877 L 161 877 L 161 876 Q 160 876 160 876 L 159 875 L 159 875 Q 158 875 158 874 Q 158 873 156 873 L 154 873 L 140 875 Q 127 878 122 880 Q 116 882 114 882 L 113 882 L 113 883 L 112 883 L 112 883 L 112 884 L 112 884 L 111 884 L 111 884 Q 110 884 110 884 L 110 885 L 109 885 Q 108 885 108 883 Q 107 881 104 882 L 102 882 L 102 883 L 101 883 L 101 882 Q 102 881 103 879 L 104 877 L 105 877 L 105 876 L 103 876 L 101 876 L 100 876 Q 100 876 94 877 L 88 877 L 88 876 L 88 874 L 89 874 L 89 874 L 89 873 L 90 873 L 90 873 L 90 872 L 90 872 L 90 872 L 91 872 L 91 872 L 91 871 L 92 871 L 92 870 Q 92 869 91 869 L 91 869 L 91 868 Q 92 868 95 865 Q 98 862 99 859 Q 100 857 98 856 Q 96 856 96 854 L 96 852 L 97 852 L 98 852 L 98 852 L 99 852 L 100 852 Q 102 852 102 850 L 103 848 L 103 848 Q 104 848 104 850 L 104 852 L 107 852 L 110 852 L 111 851 Q 112 850 115 850 L 118 850 L 119 849 L 120 849 L 120 848 L 120 846 L 119 845 L 119 844 L 118 844 L 117 844 L 116 843 L 115 842 L 115 842 L 114 842 L 114 842 L 114 842 L 115 841 L 116 841 L 116 839 L 116 837 L 115 837 L 115 836 L 114 836 L 112 836 L 112 837 L 112 837 L 110 838 Q 108 839 108 841 Q 107 842 104 843 L 102 844 L 101 844 L 100 844 L 100 842 L 100 840 L 99 840 L 98 840 L 98 839 L 98 839 L 97 839 L 97 838 L 97 838 L 98 838 L 98 838 L 98 838 L 98 837 Q 98 837 98 836 Q 98 834 99 833 Q 100 832 101 826 Q 102 820 103 820 Q 104 820 104 818 Q 104 816 106 816 Q 108 816 108 814 Q 108 811 109 810 Q 110 810 111 808 Q 112 806 113 806 Q 114 806 114 804 L 113 803 L 113 803 L 114 803 L 114 803 L 114 804 L 114 804 L 114 804 L 115 803 L 116 802 L 116 802 L 116 802 L 116 803 L 117 803 L 117 803 L 117 804 L 117 804 L 118 804 L 118 805 L 118 806 L 119 806 L 119 806 L 122 807 Q 124 808 123 809 Q 122 810 124 810 Q 126 811 127 814 Q 128 818 129 816 Q 130 814 131 814 L 132 814 L 132 814 L 132 814 L 134 820 Q 135 825 136 824 Q 138 824 138 826 Q 138 829 136 830 Q 135 830 135 831 L 134 831 L 134 832 L 134 834 L 135 834 L 135 834 L 136 834 L 136 834 L 136 834 L 136 834 L 137 834 L 137 834 L 138 833 Q 140 832 140 833 Q 141 834 143 834 Q 146 833 146 832 Q 147 832 148 832 L 149 832 L 149 832 L 150 832 L 150 832 L 150 832 L 150 833 L 150 833 L 150 836 Q 149 839 152 840 Q 155 840 161 839 Q 167 838 171 837 Q 174 837 176 841 Q 178 844 183 845 Q 188 845 188 846 Q 188 847 190 845 Q 193 844 195 843 Q 197 843 197 844 Q 197 845 198 845 Q 200 845 200 842 Q 200 840 202 840 Q 204 839 205 840 Q 205 841 209 842 Q 212 842 213 842 L 213 842 L 214 843 L 215 843 L 215 840 L 216 836 L 216 836 L 216 836 L 216 835 L 216 835 L 217 835 L 217 834 L 217 834 L 216 834 L 216 831 Q 216 828 214 827 Q 213 826 212 824 Q 212 822 211 824 Q 210 825 210 824 Q 209 822 206 821 L 203 820 L 202 820 L 201 820 L 201 818 L 202 817 L 202 817 L 202 816 L 202 816 L 202 816 L 201 816 L 201 816 L 201 815 Q 202 815 204 814 L 207 814 L 207 813 L 208 813 L 208 813 L 208 812 L 208 812 L 208 812 L 207 812 L 207 812 L 206 811 Q 205 810 202 809 Q 200 807 201 805 Q 203 804 200 803 L 198 802 L 198 800 L 198 799 L 197 799 L 197 798 L 197 798 L 198 798 L 198 798 L 198 798 L 199 797 L 200 796 L 200 796 L 200 796 L 201 796 L 201 796 L 201 797 Q 202 797 202 799 L 202 801 L 204 801 L 205 801 L 205 799 Q 204 797 204 796 Q 204 795 203 795 Q 202 794 202 793 L 201 792 L 201 792 Q 202 791 202 792 Q 203 794 206 794 Q 209 794 210 798 Q 212 803 213 804 Q 214 804 214 804 Q 214 805 215 807 z 
'/>
<path style='opacity:1;fill:#2E2616;fill-rule:evenodd;stroke:#2E2616;stroke-width:1px;stroke-linecap:butt;stroke-linejoin:miter;stroke-opacity:1;' d='M 0 286 L 0 255 L 3 257 Q 6 259 7 264 Q 7 268 11 268 Q 14 268 14 270 Q 14 272 14 273 L 14 274 L 14 274 L 14 274 L 13 279 Q 12 284 10 287 Q 8 289 8 293 Q 8 297 9 298 Q 10 300 9 300 Q 8 300 8 302 Q 7 304 8 304 Q 10 304 10 305 Q 10 306 9 306 Q 8 307 8 308 Q 8 309 8 311 L 8 313 L 9 313 L 9 314 L 9 314 L 10 314 L 10 314 L 10 314 L 10 315 L 10 315 L 9 315 L 9 316 L 8 316 L 6 316 L 4 317 L 2 318 L 1 318 L 0 318 L 0 286 z 
'/>
<path style='opacity:1;fill:#C26F1B;fill-rule:evenodd;stroke:#C26F1B;stroke-width:1px;stroke-linecap:butt;stroke-linejoin:miter;stroke-opacity:1;' d='M 398 243 L 402 243 L 402 243 Q 402 244 401 244 L 400 245 L 400 246 L 400 248 L 400 248 L 400 248 L 400 249 L 400 249 L 405 252 Q 410 254 410 255 L 410 256 L 410 256 Q 409 256 405 257 Q 402 257 393 256 Q 385 254 382 256 L 378 258 L 377 258 L 376 258 L 376 259 L 376 259 L 375 259 L 375 259 L 375 258 L 376 257 L 376 257 L 376 256 L 376 256 L 376 256 L 376 254 L 376 253 L 376 253 L 376 252 L 377 252 L 378 252 L 378 251 L 378 251 L 379 250 L 379 250 L 379 250 L 380 250 L 382 248 Q 384 247 385 246 Q 385 245 390 244 Q 395 244 398 243 z 
'/>
<path style='opacity:1;fill:#4B1E0F;fill-rule:evenodd;stroke:#4B1E0F;stroke-width:1px;stroke-linecap:butt;stroke-linejoin:miter;stroke-opacity:1;' d='M 371 347 L 381 347 L 381 347 Q 381 348 382 348 Q 384 348 384 352 Q 383 356 376 360 Q 369 364 363 364 Q 357 364 356 364 L 355 362 L 355 362 L 354 362 L 354 362 L 354 362 L 352 361 L 351 361 L 351 360 Q 350 360 350 360 L 350 360 L 350 360 L 350 359 L 349 359 L 349 359 L 349 358 L 348 358 L 348 358 L 348 358 L 348 356 L 348 355 L 349 355 L 349 355 L 351 355 L 353 354 L 353 354 L 354 354 L 354 354 L 354 354 L 354 353 L 354 353 L 358 350 Q 361 348 371 347 z 
'/>
<path style='opacity:1;fill:#441008;fill-rule:evenodd;stroke:#441008;stroke-width:1px;stroke-linecap:butt;stroke-linejoin:miter;stroke-opacity:1;' d='M 784 652 L 785 652 L 791 654 Q 797 656 798 657 Q 798 658 800 658 L 801 658 L 803 659 L 805 659 L 805 667 Q 804 675 804 676 Q 804 678 806 679 Q 808 680 808 682 L 808 684 L 807 685 L 807 686 L 806 686 L 804 686 L 804 687 L 804 687 L 803 687 L 803 688 L 800 688 L 798 688 L 797 687 Q 796 686 791 684 L 786 682 L 786 682 L 786 682 L 784 681 Q 783 680 783 679 L 782 678 L 782 676 L 782 675 L 782 674 Q 782 672 780 670 L 778 668 L 778 668 Q 778 668 780 667 Q 781 666 782 665 Q 783 663 784 663 Q 785 663 784 660 Q 784 656 784 654 Q 783 651 784 652 z 
'/>
<path style='opacity:1;fill:#8F4D19;fill-rule:evenodd;stroke:#8F4D19;stroke-width:1px;stroke-linecap:butt;stroke-linejoin:miter;stroke-opacity:1;' d='M 332 414 L 330 412 L 331 412 Q 332 412 332 413 L 332 413 L 333 413 L 333 414 L 333 414 L 334 414 L 334 414 L 334 414 L 335 415 L 336 416 L 336 416 L 337 416 L 337 415 L 338 415 L 338 415 L 338 416 L 339 416 L 340 416 L 340 415 L 340 414 L 341 414 L 341 414 L 341 414 L 341 414 L 342 415 L 342 415 L 342 416 Q 343 418 344 418 Q 345 418 348 421 Q 350 424 354 425 Q 358 426 358 425 Q 358 424 359 424 Q 360 424 362 425 L 364 425 L 364 426 Q 364 426 363 426 L 363 426 L 362 427 L 360 428 L 361 428 L 362 428 L 362 429 L 362 429 L 361 429 L 361 430 L 363 430 L 365 430 L 366 431 L 368 432 L 368 432 L 368 432 L 369 432 L 369 432 L 368 433 L 367 434 L 366 434 L 365 434 L 365 435 L 365 435 L 362 435 L 360 436 L 358 436 L 355 436 L 354 436 Q 354 436 350 433 Q 346 430 341 425 L 336 419 L 335 418 Q 334 417 332 414 z 
'/>
<path style='opacity:1;fill:#3E1109;fill-rule:evenodd;stroke:#3E1109;stroke-width:1px;stroke-linecap:butt;stroke-linejoin:miter;stroke-opacity:1;' d='M 736 619 L 740 619 L 740 619 L 740 619 L 741 619 L 741 620 L 748 622 Q 754 624 756 625 Q 757 626 760 626 L 762 626 L 763 628 Q 764 628 761 630 Q 758 630 758 631 L 758 631 L 759 631 L 759 632 L 759 632 L 760 632 L 760 632 L 760 632 L 760 633 L 760 633 L 760 634 Q 760 634 764 636 Q 768 638 770 640 Q 772 642 776 645 Q 780 648 782 648 Q 784 648 784 649 Q 784 650 785 651 L 785 652 L 784 654 Q 784 656 784 660 Q 785 663 784 663 Q 783 663 783 664 Q 782 666 783 667 L 783 668 L 782 668 Q 781 668 780 668 L 778 668 L 778 668 Q 777 668 774 669 Q 770 670 769 668 Q 768 666 765 670 Q 762 674 755 674 Q 748 672 746 671 Q 745 670 744 670 Q 742 670 736 667 L 729 664 L 729 662 Q 729 659 723 656 Q 717 654 717 652 Q 716 649 718 648 Q 720 646 719 644 L 718 642 L 718 642 L 718 642 L 718 641 L 718 641 L 718 640 L 718 639 L 718 639 Q 718 638 716 636 Q 713 634 711 631 L 710 628 L 709 628 L 709 628 L 709 627 L 708 627 L 708 625 L 708 623 L 707 623 L 707 622 L 707 622 L 708 622 L 708 622 L 708 622 L 709 622 L 710 622 L 710 622 L 710 622 L 711 623 L 711 624 L 714 623 Q 718 622 720 623 Q 721 624 722 623 Q 724 622 726 623 Q 729 624 728 621 Q 728 618 728 618 Q 729 618 731 618 Q 733 618 736 619 z 
'/>
<path style='opacity:1;fill:#576D39;fill-rule:evenodd;stroke:#576D39;stroke-width:1px;stroke-linecap:butt;stroke-linejoin:miter;stroke-opacity:1;' d='M 779 2 L 776 0 L 794 0 L 813 0 L 813 8 L 813 15 L 812 15 Q 810 15 810 14 Q 810 13 806 13 Q 802 14 798 12 Q 793 10 790 11 L 787 11 L 787 10 Q 786 10 785 9 Q 784 8 783 7 L 782 6 L 782 5 Q 782 4 779 2 z 
'/>
<path style='opacity:1;fill:#CB811E;fill-rule:evenodd;stroke:#CB811E;stroke-width:1px;stroke-linecap:butt;stroke-linejoin:miter;stroke-opacity:1;' d='M 460 625 L 461 624 L 463 626 Q 465 628 468 626 Q 472 626 473 627 Q 474 628 474 630 Q 474 631 477 631 Q 480 631 480 632 Q 480 633 482 632 Q 483 632 484 632 L 485 632 L 485 632 L 486 632 L 486 633 L 486 634 L 486 634 Q 486 634 485 635 Q 484 635 484 636 Q 484 637 477 641 Q 471 644 466 648 Q 460 651 452 658 L 444 664 L 443 664 L 443 664 L 443 665 L 442 665 L 442 665 L 442 666 L 441 666 L 440 666 L 440 664 L 440 661 L 439 661 L 439 662 L 439 662 L 438 662 L 438 662 L 438 662 L 438 662 L 437 662 L 437 662 L 436 662 L 436 662 L 436 662 L 436 662 L 436 661 L 437 661 L 437 660 L 438 660 L 439 660 L 439 658 Q 440 656 441 655 Q 443 654 444 652 L 445 649 L 446 649 Q 446 648 448 649 Q 449 649 450 648 Q 450 646 450 646 Q 451 645 454 644 Q 456 642 456 641 Q 457 639 459 638 Q 460 638 462 632 Q 462 627 461 626 Q 460 626 460 625 z 
M 478 633 Q 478 633 479 633 Q 479 634 478 634 Q 478 634 478 633 z 
'/>
<path style='opacity:1;fill:#381E10;fill-rule:evenodd;stroke:#381E10;stroke-width:1px;stroke-linecap:butt;stroke-linejoin:miter;stroke-opacity:1;' d='M 16 538 L 16 538 L 19 538 Q 22 538 23 540 Q 24 542 26 541 Q 28 540 28 542 L 28 544 L 28 547 Q 28 550 30 553 Q 30 556 31 563 Q 32 570 32 572 L 32 574 L 31 574 L 31 575 L 31 584 Q 32 592 31 592 L 31 592 L 28 592 Q 25 592 24 594 Q 24 596 22 596 Q 20 596 16 596 Q 13 596 12 598 Q 11 600 8 602 Q 6 605 4 607 Q 4 609 4 611 L 4 613 L 4 614 L 4 615 L 3 615 L 2 614 L 2 614 L 2 614 L 1 616 L 0 617 L 0 617 L 0 617 L 0 597 L 0 577 L 0 577 L 0 577 L 1 576 L 2 575 L 2 575 L 2 574 L 2 574 L 2 574 L 3 574 L 3 574 L 4 575 L 5 575 L 5 576 L 6 577 L 6 577 L 6 578 L 6 578 L 6 578 L 7 577 L 7 576 L 8 576 L 9 576 L 9 575 L 10 575 L 10 574 Q 10 573 12 566 Q 13 559 12 559 Q 11 558 10 556 Q 10 554 10 552 Q 11 550 10 547 Q 10 544 11 544 Q 12 544 12 545 Q 12 546 14 544 Q 16 541 16 540 L 16 538 L 16 538 z 
'/>
<path style='opacity:1;fill:#C1791F;fill-rule:evenodd;stroke:#C1791F;stroke-width:1px;stroke-linecap:butt;stroke-linejoin:miter;stroke-opacity:1;' d='M 329 642 L 330 642 L 330 644 Q 332 645 332 646 L 332 647 L 333 647 L 333 647 L 333 647 L 333 648 L 334 648 L 335 648 L 336 650 Q 336 652 338 652 Q 340 653 341 654 Q 341 656 342 656 Q 343 656 344 655 Q 344 654 344 656 Q 345 657 346 657 Q 348 658 348 658 L 349 658 L 349 658 L 349 658 L 349 659 L 348 659 L 348 660 L 348 660 L 346 660 Q 344 660 334 657 L 325 654 L 323 654 L 321 654 L 320 653 L 318 652 L 318 652 L 318 652 L 320 652 L 322 652 L 322 651 L 322 651 L 323 651 L 323 650 L 323 650 L 324 650 L 324 649 Q 324 648 326 646 L 328 644 L 328 643 L 328 643 L 329 643 L 329 642 L 329 642 z 
'/>
<path style='opacity:1;fill:#0E0505;fill-rule:evenodd;stroke:#0E0505;stroke-width:1px;stroke-linecap:butt;stroke-linejoin:miter;stroke-opacity:1;' d='M 691 712 L 692 712 L 692 713 L 692 714 L 692 720 Q 692 727 693 727 Q 694 727 699 740 Q 704 753 704 760 Q 706 766 707 766 Q 708 767 708 770 Q 709 774 711 777 Q 713 780 716 782 Q 720 783 721 784 Q 723 784 726 783 Q 729 781 729 779 Q 730 777 730 778 Q 731 778 732 777 Q 734 776 735 776 Q 736 777 737 774 Q 738 771 739 765 Q 740 759 741 759 Q 742 759 743 757 Q 744 755 744 756 Q 745 756 747 756 Q 749 756 748 754 Q 748 752 752 752 Q 756 752 757 752 L 758 752 L 762 764 Q 766 777 767 779 Q 768 782 776 782 Q 785 782 788 780 Q 790 778 794 776 Q 798 776 800 775 L 802 775 L 808 775 L 813 775 L 813 1002 L 813 1230 L 652 1230 L 491 1230 L 491 1230 L 492 1229 L 492 1227 Q 492 1225 493 1221 Q 494 1217 493 1216 Q 492 1216 492 1210 Q 493 1205 496 1205 Q 499 1205 500 1198 L 501 1191 L 500 1191 Q 498 1190 495 1190 Q 492 1190 492 1186 L 492 1181 L 493 1181 L 493 1180 L 496 1180 Q 498 1180 498 1178 Q 498 1177 499 1177 Q 500 1177 500 1179 Q 500 1181 502 1178 Q 502 1175 503 1177 Q 504 1179 505 1175 L 506 1171 L 507 1172 Q 508 1173 508 1175 L 508 1177 L 509 1174 L 510 1171 L 510 1174 L 510 1177 L 511 1175 Q 511 1173 512 1174 Q 514 1174 515 1173 Q 516 1172 516 1173 Q 517 1174 518 1174 Q 518 1173 519 1174 Q 520 1175 520 1175 Q 522 1175 523 1175 Q 525 1175 525 1172 Q 525 1170 526 1170 Q 527 1170 528 1168 L 528 1165 L 529 1165 L 530 1165 L 530 1171 Q 529 1177 531 1177 L 533 1177 L 533 1178 L 533 1179 L 536 1179 L 538 1178 L 536 1178 L 534 1178 L 536 1177 Q 537 1176 538 1176 Q 540 1176 540 1174 Q 541 1172 540 1172 Q 540 1171 540 1161 L 542 1151 L 542 1152 L 542 1154 L 543 1154 L 544 1154 L 544 1152 L 544 1151 L 545 1150 L 546 1149 L 546 1150 L 546 1151 L 547 1151 L 548 1152 L 549 1154 Q 550 1156 550 1157 Q 550 1158 551 1158 L 551 1158 L 551 1159 L 552 1159 L 552 1159 L 552 1160 L 554 1160 L 555 1160 L 555 1159 Q 554 1158 554 1158 L 554 1158 L 554 1159 L 554 1159 L 553 1158 Q 553 1157 554 1157 L 556 1156 L 558 1156 Q 559 1156 561 1155 Q 564 1155 564 1154 L 564 1153 L 564 1150 L 564 1146 L 564 1146 L 564 1146 L 563 1145 L 562 1145 L 562 1144 Q 562 1143 560 1141 Q 560 1139 553 1138 L 547 1138 L 547 1137 L 547 1136 L 549 1136 Q 551 1136 550 1134 Q 550 1131 548 1131 Q 546 1131 546 1130 Q 546 1128 544 1127 L 542 1126 L 542 1125 Q 542 1124 541 1123 Q 541 1122 544 1122 Q 546 1121 546 1116 Q 546 1112 544 1112 Q 541 1111 541 1109 Q 541 1107 544 1106 L 546 1106 L 546 1104 L 546 1103 L 544 1103 Q 543 1102 542 1103 Q 542 1103 540 1098 L 540 1092 L 540 1092 L 540 1092 L 541 1090 Q 542 1088 548 1087 L 554 1086 L 554 1086 L 554 1086 L 555 1084 L 555 1082 L 551 1082 L 547 1082 L 546 1082 L 545 1082 L 545 1082 L 545 1082 L 545 1082 L 545 1082 L 548 1081 L 551 1080 L 552 1080 L 553 1080 L 556 1081 Q 560 1081 560 1079 Q 561 1077 565 1079 Q 570 1081 571 1084 Q 572 1088 574 1088 Q 576 1087 576 1086 Q 576 1085 578 1085 Q 580 1085 580 1086 Q 580 1087 585 1087 Q 590 1087 590 1086 Q 591 1084 596 1084 Q 600 1082 602 1082 Q 604 1081 606 1076 Q 608 1072 608 1070 Q 609 1067 606 1067 Q 604 1067 604 1065 L 604 1063 L 606 1063 L 608 1062 L 608 1062 L 608 1062 L 609 1062 Q 609 1062 613 1062 Q 617 1062 619 1062 Q 622 1061 622 1056 Q 622 1051 626 1050 Q 630 1048 631 1047 L 632 1045 L 633 1045 L 633 1044 L 633 1044 L 634 1044 L 634 1042 L 634 1039 L 633 1038 L 632 1036 L 632 1036 L 632 1036 L 632 1036 Q 632 1035 628 1029 Q 624 1023 625 1022 Q 626 1022 626 1020 Q 626 1018 626 1014 Q 625 1011 624 1011 Q 623 1011 623 1010 Q 622 1009 621 1008 Q 619 1008 618 1004 Q 616 1001 615 1000 Q 614 1000 614 998 Q 614 996 612 994 L 610 992 L 610 992 L 610 992 L 610 991 L 610 990 L 611 990 L 612 990 L 612 989 L 612 989 L 611 987 L 611 985 L 615 984 Q 619 984 620 986 Q 620 988 622 988 Q 624 988 625 986 Q 626 984 630 984 Q 633 984 635 984 Q 637 984 638 986 Q 638 988 639 987 Q 639 986 641 986 Q 643 987 644 990 Q 644 992 645 994 L 646 995 L 646 995 L 646 994 L 650 994 L 654 994 L 655 995 L 656 995 L 656 994 L 656 993 L 657 993 L 657 992 L 657 992 L 656 992 L 656 992 L 656 992 L 654 991 L 653 991 L 653 988 Q 654 984 652 984 Q 650 983 650 982 Q 650 980 642 979 Q 634 978 634 977 Q 634 976 632 976 L 630 976 L 630 976 L 630 976 L 629 975 L 629 974 L 630 974 Q 631 974 632 973 Q 634 973 634 970 Q 634 967 633 967 Q 632 966 632 966 Q 632 965 631 964 Q 630 964 630 962 Q 629 960 628 960 Q 628 959 625 958 L 622 958 L 622 956 Q 622 954 623 954 Q 624 954 625 951 Q 626 948 626 946 Q 626 944 624 944 Q 622 944 623 940 Q 624 935 627 934 Q 630 934 630 930 Q 629 925 628 924 Q 626 924 627 922 Q 628 921 630 920 Q 633 918 632 914 Q 631 909 632 909 Q 634 909 634 907 Q 635 906 639 905 Q 643 904 648 906 L 654 908 L 654 907 L 654 906 L 655 906 L 655 906 L 655 905 L 656 905 L 656 904 L 656 902 L 657 902 Q 657 902 657 903 L 658 903 L 658 902 Q 658 901 656 898 L 655 894 L 655 894 L 654 894 L 654 892 L 654 890 L 659 890 Q 664 890 664 893 L 664 896 L 666 896 L 669 896 L 669 892 L 668 889 L 668 889 L 668 888 L 666 888 Q 665 888 664 886 Q 664 885 662 885 Q 659 884 659 883 Q 658 881 660 880 Q 661 880 661 876 Q 662 871 663 870 Q 665 869 665 868 Q 664 866 660 864 Q 656 861 656 860 Q 656 859 654 858 Q 652 858 648 854 Q 644 851 644 852 Q 644 853 642 853 Q 640 853 640 854 Q 640 855 639 855 L 638 854 L 638 854 L 638 854 L 637 854 L 637 854 L 636 853 Q 634 852 634 852 Q 634 852 634 850 Q 636 847 632 846 Q 628 844 626 843 Q 623 842 620 840 Q 618 838 617 836 L 616 833 L 617 833 L 617 832 L 617 832 L 616 832 L 616 832 L 616 832 L 615 832 Q 614 832 614 834 Q 614 835 614 835 L 614 836 L 613 836 L 612 836 L 612 835 L 612 835 L 612 834 L 612 832 L 612 831 L 612 830 L 613 828 Q 613 827 615 826 Q 618 826 618 815 Q 619 804 622 803 Q 625 802 626 800 Q 626 798 627 792 Q 628 786 629 787 Q 630 788 632 784 Q 634 780 635 780 Q 636 780 636 778 L 636 776 L 635 775 Q 634 774 632 774 Q 631 774 631 771 Q 631 768 628 768 Q 625 768 626 766 Q 626 765 625 765 Q 624 765 624 764 Q 624 763 623 762 Q 622 762 624 761 Q 626 760 626 755 Q 627 750 630 750 Q 634 749 634 747 L 633 745 L 638 742 Q 644 740 647 739 Q 650 738 650 737 Q 650 736 652 735 Q 654 734 655 733 Q 656 732 658 731 Q 661 730 665 727 Q 668 723 669 721 Q 669 719 672 718 Q 675 718 680 717 L 684 717 L 686 716 Q 689 716 689 714 L 689 713 L 690 713 L 691 712 L 691 712 z 
'/>
<path style='opacity:1;fill:#A68839;fill-rule:evenodd;stroke:#A68839;stroke-width:1px;stroke-linecap:butt;stroke-linejoin:miter;stroke-opacity:1;' d='M 673 104 L 673 104 L 673 104 L 673 104 L 674 105 L 675 105 L 675 106 Q 674 108 674 109 Q 674 110 673 110 Q 672 110 670 114 Q 668 119 666 121 Q 663 122 664 123 Q 665 124 664 125 Q 663 126 662 126 Q 660 125 660 128 Q 660 132 659 131 Q 658 130 658 135 Q 657 139 655 140 Q 654 141 654 142 Q 655 142 654 146 Q 653 149 652 149 Q 651 150 653 151 Q 655 152 655 153 Q 654 154 655 155 Q 656 156 654 156 Q 653 157 653 159 L 654 161 L 654 162 L 654 162 L 653 162 L 653 162 L 653 163 L 653 163 L 652 163 L 652 164 L 651 164 L 650 164 L 649 164 L 648 164 L 648 164 L 648 164 L 649 164 L 649 164 L 649 163 L 650 163 L 650 163 L 650 162 L 650 162 L 650 162 L 651 161 Q 651 160 650 160 Q 649 160 649 159 L 648 157 L 648 157 L 648 156 L 648 156 L 648 156 L 649 155 L 649 154 L 648 154 L 647 154 L 647 155 L 646 155 L 646 155 Q 646 156 646 157 Q 645 158 644 158 Q 643 158 642 158 Q 642 159 640 158 Q 638 156 634 157 Q 629 158 629 157 Q 628 156 626 155 Q 623 154 620 152 Q 618 152 616 152 Q 615 152 615 151 Q 614 150 613 150 Q 612 149 612 148 Q 612 147 611 147 L 610 146 L 610 146 L 610 146 L 609 146 L 609 146 L 607 147 L 605 147 L 605 148 Q 605 149 606 149 Q 608 150 606 150 Q 603 152 602 150 L 602 149 L 600 149 L 598 150 L 596 150 L 595 150 L 595 149 L 595 149 L 595 148 L 594 147 L 594 147 L 594 147 L 594 146 L 594 146 L 593 146 L 593 146 L 594 145 L 595 144 L 599 143 Q 602 142 603 138 Q 603 134 608 129 Q 612 124 613 124 Q 614 124 614 123 Q 614 122 612 122 Q 610 122 610 121 L 610 120 L 612 120 Q 613 120 614 120 L 616 120 L 616 119 L 616 119 L 617 119 L 617 118 L 617 118 L 618 118 L 618 117 Q 618 116 616 116 Q 614 116 614 115 L 614 114 L 614 114 L 614 114 L 616 113 Q 618 112 618 110 Q 620 109 619 110 Q 619 112 621 110 Q 624 109 626 106 Q 629 102 631 102 Q 633 102 633 101 Q 633 100 636 100 Q 640 100 640 100 L 640 100 L 641 100 L 641 100 L 641 99 L 642 99 L 642 99 L 642 98 L 640 98 Q 638 98 640 94 Q 642 89 643 89 Q 644 89 644 88 Q 644 87 643 87 Q 642 87 642 85 Q 642 83 643 84 Q 644 84 645 83 Q 646 82 647 83 Q 648 83 648 82 Q 648 81 649 81 L 650 81 L 650 81 L 650 80 L 652 80 Q 653 79 654 80 Q 655 82 656 82 Q 657 82 660 83 Q 662 83 662 84 Q 662 86 666 87 Q 669 88 669 90 Q 669 93 670 93 Q 671 94 670 94 Q 669 94 669 96 Q 669 98 670 99 Q 672 99 672 101 Q 672 103 673 104 z 
M 664 89 Q 664 88 664 88 Q 664 88 664 88 Q 664 89 664 89 z 
M 670 104 L 669 104 L 670 102 Q 670 101 671 102 Q 671 104 670 104 z 
M 651 158 Q 651 158 651 157 Q 652 157 652 158 Q 652 158 651 158 z 
'/>
<path style='opacity:1;fill:#B56918;fill-rule:evenodd;stroke:#B56918;stroke-width:1px;stroke-linecap:butt;stroke-linejoin:miter;stroke-opacity:1;' d='M 462 277 L 463 277 L 465 282 Q 466 286 466 292 Q 466 298 467 298 Q 468 298 468 300 Q 468 302 468 304 L 468 305 L 468 306 L 468 307 L 468 307 Q 467 308 466 308 Q 465 308 464 311 Q 463 314 462 314 Q 461 314 454 324 L 448 335 L 448 335 Q 447 336 447 336 L 447 336 L 446 336 Q 446 336 444 337 Q 441 338 441 340 Q 440 341 437 342 Q 433 342 427 344 Q 421 346 420 347 L 420 348 L 420 349 L 420 349 L 419 349 L 419 350 L 418 350 L 416 350 L 416 351 L 416 352 L 414 352 L 413 352 L 413 352 L 413 352 L 413 351 L 414 351 L 414 351 L 414 350 L 414 350 L 414 350 L 415 350 L 415 350 L 415 349 L 416 349 L 416 349 L 416 348 L 417 348 L 418 348 L 418 347 L 418 347 L 419 345 Q 420 343 424 337 Q 428 331 429 331 Q 430 331 430 329 Q 430 327 432 326 Q 433 326 434 322 Q 434 319 435 319 Q 436 319 437 315 Q 438 312 440 307 Q 441 302 442 302 Q 443 302 444 300 L 444 298 L 444 298 L 444 298 L 445 298 L 445 298 L 445 297 L 446 297 L 446 297 L 446 296 L 446 296 L 446 296 L 447 295 L 447 294 L 446 294 L 445 294 L 445 295 L 445 296 L 444 296 Q 443 296 443 295 Q 443 294 442 294 L 440 294 L 440 295 L 440 295 L 439 295 L 439 296 L 438 296 L 437 296 L 437 295 L 437 295 L 437 295 L 438 295 L 438 295 L 438 294 L 438 294 L 438 294 L 439 294 L 439 294 L 439 293 L 440 293 L 440 291 Q 440 289 441 289 Q 442 288 442 287 Q 443 286 445 286 Q 447 286 446 284 L 444 281 L 444 281 Q 444 281 445 280 L 445 280 L 448 280 L 450 280 L 450 279 L 450 279 L 453 278 Q 456 276 458 276 Q 461 276 462 277 z 
'/>
<path style='opacity:1;fill:#552811;fill-rule:evenodd;stroke:#552811;stroke-width:1px;stroke-linecap:butt;stroke-linejoin:miter;stroke-opacity:1;' d='M 480 301 L 480 301 L 480 312 Q 480 323 478 328 Q 476 334 476 348 Q 476 361 475 363 Q 474 365 473 366 Q 472 366 472 370 Q 472 375 471 377 Q 470 379 468 379 Q 465 379 463 386 Q 462 394 461 396 Q 460 399 459 400 Q 458 400 456 403 Q 455 406 454 406 Q 453 406 452 408 Q 452 410 451 410 Q 450 409 450 411 Q 449 413 448 413 Q 447 413 447 414 Q 447 415 446 415 Q 445 415 445 418 L 445 420 L 442 420 L 438 420 L 438 419 L 438 419 L 437 419 L 437 418 L 438 417 Q 439 416 440 415 L 441 414 L 441 414 L 440 414 L 440 414 L 440 414 L 438 414 Q 436 414 428 416 L 420 418 L 420 418 L 420 418 L 419 418 L 419 418 L 419 419 L 418 419 L 418 419 L 418 420 L 416 420 L 414 420 L 414 421 L 414 421 L 413 420 L 413 419 L 413 418 L 414 418 L 414 418 L 414 418 L 414 417 L 414 417 L 415 417 L 415 416 L 415 416 L 416 416 L 416 416 L 416 416 L 416 415 L 416 415 L 417 415 L 417 414 L 417 414 L 418 414 L 418 414 L 418 414 L 418 413 Q 418 413 419 412 Q 420 412 422 408 Q 424 404 427 402 Q 429 400 434 393 Q 440 386 440 368 Q 442 349 443 346 Q 445 344 446 340 L 447 336 L 447 336 Q 448 336 448 336 L 448 335 L 448 334 Q 448 333 455 324 Q 461 314 462 314 Q 463 314 464 311 Q 465 308 466 308 Q 467 308 468 306 L 468 305 L 468 305 L 468 305 L 470 306 Q 470 308 471 308 L 471 308 L 471 309 L 472 309 L 472 309 L 472 308 L 472 308 L 472 308 L 473 307 Q 474 306 476 305 Q 479 304 479 302 Q 480 301 480 301 z 
'/>
<path style='opacity:1;fill:#47340C;fill-rule:evenodd;stroke:#47340C;stroke-width:1px;stroke-linecap:butt;stroke-linejoin:miter;stroke-opacity:1;' d='M 793 534 L 794 534 L 794 538 Q 794 543 794 544 Q 794 544 795 546 L 795 549 L 794 549 Q 794 550 793 551 L 792 552 L 792 550 Q 792 548 790 549 Q 788 550 782 548 Q 775 547 775 546 Q 775 544 770 544 L 766 544 L 764 544 L 763 544 L 763 544 L 763 543 L 763 542 L 764 541 L 764 540 L 764 539 L 765 539 L 765 538 L 766 538 L 767 538 L 767 538 L 768 538 L 768 538 L 768 538 L 769 538 L 770 538 L 770 538 L 770 538 L 771 538 L 771 538 L 771 537 L 772 537 L 772 537 L 772 536 L 775 536 Q 778 536 781 534 Q 784 534 786 534 Q 788 534 788 535 Q 788 536 790 535 Q 793 534 793 534 z 
'/>
<path style='opacity:1;fill:#583215;fill-rule:evenodd;stroke:#583215;stroke-width:1px;stroke-linecap:butt;stroke-linejoin:miter;stroke-opacity:1;' d='M 295 652 L 296 652 L 298 652 L 300 652 L 300 653 L 300 653 L 302 654 Q 303 654 304 658 Q 305 662 306 661 Q 306 660 307 660 Q 308 660 308 663 Q 309 666 310 666 Q 311 666 311 667 Q 311 668 312 668 Q 313 668 314 670 Q 316 672 315 672 Q 314 672 314 673 Q 314 674 315 674 L 315 675 L 315 675 L 315 676 L 314 676 Q 313 676 313 677 Q 313 678 312 678 Q 311 678 310 680 Q 310 682 309 681 Q 308 680 308 681 Q 308 682 307 681 Q 306 680 306 680 L 306 681 L 306 681 Q 305 680 305 680 L 304 680 L 304 681 Q 304 682 303 682 Q 302 683 302 685 Q 302 687 302 688 L 302 690 L 300 690 L 299 690 L 298 691 Q 297 691 297 690 Q 298 688 297 687 L 296 686 L 296 686 L 296 686 L 296 687 L 296 687 L 295 688 Q 295 690 294 690 Q 292 690 291 692 Q 290 695 289 696 L 288 697 L 288 697 L 288 698 L 288 698 L 288 698 L 287 696 L 286 694 L 286 694 L 286 694 L 285 695 L 284 696 L 284 696 L 284 696 L 283 693 L 282 690 L 282 690 L 282 691 L 282 691 Q 282 691 282 686 Q 282 681 280 682 Q 279 682 280 678 L 282 674 L 282 672 Q 282 671 284 668 Q 285 665 286 665 Q 287 664 288 663 Q 288 662 287 662 Q 286 662 288 660 L 289 659 L 290 659 Q 290 658 290 658 Q 291 658 292 656 Q 294 653 295 652 z 
M 312 674 Q 312 674 313 674 Q 313 674 312 674 Q 312 674 312 674 z 
M 283 682 Q 284 682 284 682 Q 284 682 284 682 Q 283 682 283 682 z 
'/>
<path style='opacity:1;fill:#845316;fill-rule:evenodd;stroke:#845316;stroke-width:1px;stroke-linecap:butt;stroke-linejoin:miter;stroke-opacity:1;' d='M 608 587 L 608 587 L 608 588 Q 609 589 610 589 Q 611 589 611 590 L 611 591 L 610 591 L 609 592 L 609 592 L 608 592 L 608 594 L 608 596 L 609 596 L 610 596 L 616 598 Q 621 598 624 599 L 626 599 L 626 600 Q 626 600 621 601 Q 617 602 608 604 Q 598 608 594 610 L 589 612 L 589 612 Q 589 612 583 610 L 577 610 L 576 610 L 575 610 L 575 609 L 575 608 L 576 608 L 577 608 L 577 607 L 576 606 L 576 604 L 576 603 L 574 603 L 573 603 L 573 602 L 574 602 L 574 601 L 574 600 L 577 599 Q 580 598 586 596 Q 590 594 595 592 Q 599 590 600 591 Q 602 592 603 591 Q 604 591 604 590 Q 605 588 606 588 Q 608 588 608 587 z 
'/>
<path style='opacity:1;fill:#514C1F;fill-rule:evenodd;stroke:#514C1F;stroke-width:1px;stroke-linecap:butt;stroke-linejoin:miter;stroke-opacity:1;' d='M 625 257 L 625 256 L 626 256 L 626 256 L 627 256 Q 628 257 628 259 Q 628 262 629 261 Q 630 261 631 264 Q 632 266 636 267 Q 640 267 640 268 L 640 270 L 642 270 L 643 270 L 644 269 L 645 268 L 646 268 L 646 268 L 646 268 L 646 268 L 647 269 L 648 270 L 648 270 L 648 270 L 649 270 L 649 270 L 649 269 L 650 269 L 652 268 Q 654 268 654 267 L 654 267 L 655 267 L 655 266 L 655 266 L 656 266 L 656 266 L 656 266 L 656 267 L 656 267 L 656 268 L 656 268 L 656 271 Q 656 274 658 276 Q 660 278 660 279 Q 659 280 661 282 Q 662 283 662 285 Q 662 287 664 288 Q 667 288 668 289 L 668 289 L 668 296 Q 668 303 667 304 Q 667 305 669 306 Q 670 307 670 308 Q 670 309 669 309 Q 668 309 668 310 Q 668 311 664 312 Q 660 314 660 315 Q 660 316 658 316 Q 657 316 656 317 L 655 318 L 655 318 L 654 318 L 654 318 L 654 318 L 654 319 L 654 319 L 653 319 L 653 320 L 653 320 L 654 320 L 654 320 L 654 320 L 656 321 L 657 321 L 657 322 L 656 323 L 656 323 L 656 324 L 655 324 L 654 324 L 654 325 L 654 325 L 651 325 Q 648 324 646 324 L 645 324 L 644 325 L 642 325 L 642 325 Q 642 324 640 324 Q 638 324 636 324 Q 635 324 622 322 Q 610 321 606 321 Q 602 321 602 320 L 602 319 L 602 318 Q 602 318 601 318 L 601 318 L 601 318 Q 600 317 598 314 Q 595 312 595 310 Q 595 309 594 309 Q 593 309 594 307 Q 594 305 595 305 Q 596 304 596 300 Q 596 296 592 292 L 590 288 L 589 288 L 589 288 L 589 287 L 590 287 L 590 287 Q 590 286 592 286 Q 593 286 594 284 Q 594 283 594 282 Q 594 280 594 278 L 593 276 L 593 275 L 593 275 L 593 275 L 594 275 L 594 275 L 594 274 L 595 274 Q 596 274 596 273 Q 596 272 597 273 Q 598 274 601 272 Q 604 270 604 271 Q 604 272 605 272 Q 606 272 606 271 Q 607 270 608 270 Q 610 271 610 272 Q 612 273 612 270 Q 613 266 617 265 Q 621 264 622 263 Q 622 262 623 260 L 624 258 L 624 258 L 624 258 L 624 257 L 624 257 L 625 257 z 
'/>
<path style='opacity:1;fill:#3E3213;fill-rule:evenodd;stroke:#3E3213;stroke-width:1px;stroke-linecap:butt;stroke-linejoin:miter;stroke-opacity:1;' d='M 686 448 L 686 450 L 686 450 L 686 450 L 686 449 L 686 449 L 687 449 L 687 448 L 689 448 L 691 448 L 692 447 Q 693 446 694 446 L 694 446 L 694 447 Q 694 448 695 447 Q 695 446 696 446 Q 697 446 696 451 Q 695 456 696 456 Q 697 456 697 457 Q 697 458 699 458 Q 700 458 702 458 Q 703 457 703 460 Q 703 462 705 462 Q 707 462 708 466 Q 710 469 710 467 Q 711 465 712 466 Q 714 466 714 468 Q 714 469 718 469 L 723 468 L 724 468 L 725 468 L 725 469 L 725 470 L 724 470 L 723 470 L 723 472 L 722 473 L 722 473 L 722 474 L 722 474 L 722 474 L 721 474 L 721 474 L 721 475 L 720 475 L 720 475 L 720 476 L 720 476 L 720 476 L 720 477 L 720 478 L 720 479 L 720 480 L 719 480 L 719 480 L 719 481 L 719 481 L 718 481 Q 717 482 712 482 Q 708 484 704 486 L 699 490 L 699 490 L 698 490 L 698 490 L 698 490 L 698 491 L 698 491 L 697 491 L 697 491 L 696 491 L 696 492 L 696 492 L 696 492 L 695 492 L 695 492 L 694 492 L 693 492 L 693 492 L 692 492 L 692 492 L 692 492 L 690 492 L 689 492 L 689 492 L 688 492 L 688 492 L 688 492 L 688 490 Q 688 489 690 486 L 690 482 L 690 482 L 690 481 L 690 481 L 690 480 L 688 480 Q 686 480 681 480 Q 676 482 674 480 Q 673 480 672 480 L 671 481 L 670 481 Q 670 480 668 477 Q 667 474 666 474 Q 665 474 665 472 Q 665 471 664 471 Q 662 470 663 470 Q 664 470 662 469 Q 660 468 660 467 Q 659 465 656 465 L 653 465 L 653 464 Q 654 463 654 462 Q 654 461 653 462 L 652 462 L 651 460 L 650 459 L 650 458 L 650 457 L 651 456 L 651 455 L 653 454 Q 656 453 656 452 Q 656 450 656 450 L 656 450 L 657 450 Q 658 451 658 451 L 658 450 L 661 449 Q 664 448 665 449 Q 666 450 670 448 Q 675 446 676 446 Q 677 446 677 447 Q 678 448 678 447 Q 679 446 680 445 L 680 445 L 680 445 L 680 446 L 681 446 Q 682 446 682 445 Q 682 444 684 444 Q 686 445 686 446 Q 686 447 686 448 z 
'/>
<path style='opacity:1;fill:#6A5922;fill-rule:evenodd;stroke:#6A5922;stroke-width:1px;stroke-linecap:butt;stroke-linejoin:miter;stroke-opacity:1;' d='M 583 230 L 583 230 L 584 230 L 584 230 L 585 230 L 586 230 L 589 231 Q 592 232 592 232 Q 592 234 595 234 Q 598 234 598 235 Q 599 236 601 235 Q 602 234 604 236 Q 605 238 606 238 Q 607 238 608 237 Q 609 236 609 236 L 610 236 L 610 237 L 610 238 L 610 244 Q 610 250 611 251 L 611 252 L 612 252 L 613 252 L 613 253 L 614 253 L 614 253 L 614 252 L 614 252 L 614 252 L 615 252 L 615 252 L 615 251 L 616 251 L 616 252 L 616 254 L 617 254 L 618 254 L 618 253 L 618 253 L 619 253 Q 619 252 620 252 L 622 252 L 622 252 L 622 252 L 622 253 L 622 253 L 623 254 L 624 256 L 624 256 L 624 256 L 625 256 L 626 256 L 626 256 L 626 256 L 626 256 L 625 256 L 625 257 L 624 257 L 624 257 L 624 258 L 624 258 L 624 258 L 623 260 Q 622 262 622 263 Q 621 264 617 265 Q 613 266 612 270 Q 612 273 610 272 Q 610 271 608 270 Q 607 270 606 271 Q 606 272 605 272 Q 604 272 604 271 Q 604 270 601 272 Q 598 274 597 273 Q 596 272 596 273 Q 596 274 595 274 L 594 274 L 594 275 L 594 275 L 593 275 L 593 275 L 592 275 Q 591 276 588 276 Q 585 276 584 276 L 584 277 L 583 277 L 583 276 L 582 276 L 581 276 L 581 275 Q 581 274 580 274 Q 579 274 580 273 Q 582 272 582 271 Q 582 270 579 270 Q 576 270 575 269 L 574 268 L 574 267 L 574 266 L 575 266 Q 575 266 576 262 Q 578 258 578 254 Q 578 249 577 249 Q 576 248 575 247 Q 574 245 574 244 L 573 244 L 575 242 Q 577 240 576 239 Q 575 239 575 238 Q 575 237 578 236 Q 580 236 582 234 Q 582 231 583 230 z 
'/>
<path style='opacity:1;fill:#462C10;fill-rule:evenodd;stroke:#462C10;stroke-width:1px;stroke-linecap:butt;stroke-linejoin:miter;stroke-opacity:1;' d='M 184 540 L 184 540 L 185 540 Q 186 540 186 542 Q 187 544 188 544 Q 190 544 190 542 Q 190 541 191 541 L 192 541 L 193 546 Q 194 552 195 552 Q 196 552 196 551 Q 196 550 198 550 Q 199 550 199 557 Q 200 564 200 566 L 200 569 L 201 569 L 202 568 L 202 568 L 202 568 L 203 568 L 203 568 L 205 565 Q 207 563 210 563 Q 214 563 215 564 Q 217 564 218 565 Q 218 566 219 564 L 220 562 L 220 562 L 220 562 L 221 562 L 222 562 L 222 562 L 222 562 L 223 562 L 223 562 L 223 563 L 224 563 L 224 564 L 224 564 L 224 564 L 224 564 L 223 564 L 223 564 L 223 565 L 222 565 L 222 567 L 222 569 L 221 569 Q 220 569 218 571 Q 217 572 216 572 Q 215 572 214 576 Q 212 580 200 593 Q 188 606 186 609 Q 184 612 184 613 Q 184 614 183 616 L 182 617 L 182 617 L 182 618 L 181 618 L 180 618 L 180 617 L 180 616 L 181 616 L 181 616 L 181 615 L 182 615 L 182 615 L 182 614 L 180 614 L 179 614 L 179 613 Q 178 612 178 612 L 178 611 L 178 611 L 178 610 L 176 610 L 175 610 L 175 610 Q 175 610 174 609 Q 172 609 173 604 Q 174 598 172 595 Q 172 592 170 593 Q 168 594 167 590 Q 166 587 166 586 L 165 586 L 165 585 L 165 585 L 166 585 Q 167 584 168 584 Q 170 584 170 582 Q 171 580 172 580 Q 173 580 173 579 Q 174 578 175 576 Q 177 574 177 572 Q 177 569 178 568 Q 180 568 181 565 Q 182 562 183 558 Q 184 555 182 555 Q 181 555 180 551 Q 180 547 181 546 Q 183 544 184 544 L 184 543 L 184 542 L 184 541 L 184 541 L 184 540 L 184 540 z 
M 211 564 Q 212 564 212 564 Q 212 564 212 564 Q 211 564 211 564 z 
'/>
<path style='opacity:1;fill:#925216;fill-rule:evenodd;stroke:#925216;stroke-width:1px;stroke-linecap:butt;stroke-linejoin:miter;stroke-opacity:1;' d='M 297 197 L 299 193 L 299 193 L 299 194 L 299 194 L 300 194 L 300 197 L 300 200 L 301 200 L 301 200 L 302 199 L 303 199 L 303 197 L 304 195 L 304 195 L 304 195 L 304 208 Q 304 221 304 222 Q 305 222 304 226 Q 302 231 302 232 Q 302 234 302 234 L 302 234 L 302 234 Q 301 234 301 235 L 301 235 L 301 235 Q 300 235 300 236 Q 300 237 298 238 L 296 240 L 296 239 L 296 238 L 294 240 Q 294 242 293 248 L 293 253 L 293 253 L 292 253 L 292 252 L 292 251 L 291 248 L 290 246 L 290 246 L 290 246 L 290 245 L 290 245 L 290 236 Q 290 228 292 225 Q 292 222 294 212 Q 296 201 297 197 z 
'/>
<path style='opacity:1;fill:#412811;fill-rule:evenodd;stroke:#412811;stroke-width:1px;stroke-linecap:butt;stroke-linejoin:miter;stroke-opacity:1;' d='M 350 702 L 350 697 L 351 700 Q 352 703 354 702 Q 356 700 356 701 Q 355 702 355 703 L 354 703 L 354 704 L 354 705 L 356 706 Q 357 706 358 707 L 360 707 L 360 708 Q 361 710 362 709 Q 363 709 363 711 Q 363 712 362 714 Q 362 715 361 716 L 361 716 L 359 722 Q 356 727 356 728 Q 356 730 354 730 Q 351 729 351 732 Q 350 736 350 738 L 350 740 L 349 742 L 349 745 L 348 745 L 347 745 L 347 744 L 348 743 L 348 742 L 348 740 L 347 740 L 347 740 L 347 739 L 346 739 L 346 739 L 346 740 L 345 740 L 344 740 L 344 739 Q 344 738 345 733 Q 346 728 344 723 Q 343 718 342 718 L 341 717 L 342 717 Q 342 716 343 714 Q 344 712 345 714 Q 346 715 348 712 Q 350 708 350 702 z 
'/>
<path style='opacity:1;fill:#905217;fill-rule:evenodd;stroke:#905217;stroke-width:1px;stroke-linecap:butt;stroke-linejoin:miter;stroke-opacity:1;' d='M 252 996 L 252 995 L 253 1000 Q 254 1004 255 1006 Q 256 1008 258 1008 Q 259 1008 260 1011 Q 262 1014 264 1018 Q 266 1024 267 1028 Q 268 1032 269 1034 Q 270 1036 271 1036 L 271 1037 L 271 1038 L 271 1038 L 270 1038 Q 269 1038 267 1036 L 266 1033 L 265 1033 L 265 1032 L 265 1032 L 264 1032 L 264 1032 Q 264 1032 263 1031 Q 262 1031 262 1030 Q 262 1029 258 1027 Q 254 1025 254 1024 Q 254 1023 250 1020 Q 248 1017 243 1016 Q 239 1016 236 1016 Q 233 1018 231 1022 L 229 1026 L 229 1026 L 228 1026 L 228 1027 L 228 1028 L 227 1028 L 227 1028 L 226 1029 L 226 1029 L 226 1028 L 226 1028 L 226 1027 L 226 1026 L 225 1026 L 225 1026 L 225 1025 L 224 1024 L 224 1024 L 224 1024 L 224 1023 L 224 1023 L 224 1022 L 224 1021 L 224 1019 Q 224 1017 222 1017 Q 221 1016 220 1014 L 219 1012 L 220 1012 L 220 1012 L 221 1011 L 222 1011 L 223 1011 Q 224 1010 229 1008 Q 234 1006 242 1003 L 250 1000 L 251 999 L 252 998 L 252 996 z 
'/>
<path style='opacity:1;fill:#87661A;fill-rule:evenodd;stroke:#87661A;stroke-width:1px;stroke-linecap:butt;stroke-linejoin:miter;stroke-opacity:1;' d='M 94 574 L 94 576 L 95 576 L 95 576 L 93 576 Q 91 577 91 578 Q 92 579 92 580 L 92 581 L 91 581 Q 90 580 86 580 Q 83 580 80 582 Q 78 584 77 580 L 76 577 L 75 576 Q 74 575 74 574 L 74 573 L 74 572 Q 74 570 77 569 Q 80 568 83 569 Q 86 570 88 570 Q 90 569 90 570 Q 90 572 92 572 Q 94 572 94 574 z 
'/>
<path style='opacity:1;fill:#53482E;fill-rule:evenodd;stroke:#53482E;stroke-width:1px;stroke-linecap:butt;stroke-linejoin:miter;stroke-opacity:1;' d='M 151 452 L 152 452 L 152 452 L 152 452 L 153 453 L 154 453 L 154 454 L 154 456 L 155 456 Q 156 456 156 460 Q 157 464 164 462 Q 170 460 170 461 Q 171 462 173 462 Q 175 464 174 464 Q 173 466 174 465 Q 176 465 176 466 Q 177 466 178 466 L 179 466 L 179 466 L 179 466 L 179 467 L 180 467 L 180 467 L 180 468 L 180 468 L 180 468 L 181 468 L 181 468 L 181 469 L 182 469 L 182 470 L 182 471 L 182 471 L 181 471 L 181 474 Q 181 478 180 478 Q 180 479 180 480 Q 180 481 178 481 Q 176 481 176 483 Q 176 485 174 486 Q 172 488 172 489 Q 172 490 171 490 L 171 490 L 170 491 L 170 491 L 170 490 Q 170 490 166 488 Q 162 487 160 489 L 158 491 L 158 490 Q 158 490 157 490 L 157 490 L 156 490 Q 156 490 155 488 Q 154 488 152 488 Q 150 488 148 490 L 147 492 L 147 492 L 146 492 L 146 490 L 146 489 L 145 492 Q 144 495 144 496 L 144 496 L 143 496 Q 142 496 142 497 L 142 497 L 141 497 L 141 498 L 140 498 L 140 498 L 140 497 L 140 497 L 139 497 L 139 498 L 138 498 L 137 498 L 137 497 L 136 497 L 136 497 Q 136 496 136 495 L 135 494 L 135 492 Q 134 489 131 488 Q 127 487 124 482 L 122 477 L 122 477 Q 123 476 125 471 Q 126 465 130 465 Q 133 466 135 464 L 136 462 L 137 462 L 137 462 L 138 461 L 139 461 L 140 461 L 141 461 L 141 460 Q 142 459 142 460 L 142 460 L 143 458 Q 144 456 144 455 Q 144 454 147 454 Q 150 454 150 454 Q 150 453 151 452 z 
'/>
<path style='opacity:1;fill:#7E4913;fill-rule:evenodd;stroke:#7E4913;stroke-width:1px;stroke-linecap:butt;stroke-linejoin:miter;stroke-opacity:1;' d='M 368 488 L 368 487 L 370 490 Q 372 494 372 496 Q 372 499 367 500 Q 362 502 362 504 Q 362 505 361 508 L 361 510 L 360 510 Q 358 510 358 511 L 358 511 L 358 511 Q 358 511 357 512 L 357 512 L 356 512 Q 355 512 354 514 Q 353 516 352 517 Q 351 517 351 518 Q 351 519 350 519 Q 349 519 348 521 Q 346 524 344 524 Q 343 524 344 525 Q 344 526 343 526 Q 342 526 342 527 L 342 527 L 340 527 L 339 527 L 339 526 Q 338 526 336 526 L 334 526 L 333 525 L 332 524 L 332 524 L 332 524 L 331 524 L 331 524 L 330 523 L 329 522 L 328 522 L 327 522 L 327 521 L 326 521 L 326 521 L 326 520 L 326 520 L 326 520 L 326 520 L 326 520 L 327 519 L 328 518 L 328 518 L 328 518 L 329 518 L 329 518 L 329 517 L 330 517 L 330 517 L 330 516 L 330 516 L 330 516 L 331 516 Q 331 516 335 513 Q 340 510 347 505 Q 355 500 362 495 Q 368 490 368 488 z 
'/>
<path style='opacity:1;fill:#785514;fill-rule:evenodd;stroke:#785514;stroke-width:1px;stroke-linecap:butt;stroke-linejoin:miter;stroke-opacity:1;' d='M 788 608 L 789 608 L 789 608 L 789 609 L 789 610 L 789 610 L 789 610 L 789 610 L 790 611 L 790 611 L 790 614 Q 789 617 786 618 Q 782 619 784 620 Q 785 620 786 621 Q 786 622 785 623 Q 784 624 783 624 L 782 624 L 782 624 Q 782 623 781 623 Q 781 622 780 623 Q 779 624 774 622 Q 769 621 769 620 Q 769 619 767 619 L 765 618 L 764 618 L 763 618 L 762 617 L 761 617 L 761 616 L 760 616 L 760 616 L 760 616 L 760 615 L 760 615 L 759 614 L 759 613 L 760 613 L 762 613 L 764 613 L 767 612 L 767 612 L 768 612 L 768 612 L 768 612 L 772 610 Q 777 610 782 610 Q 787 610 788 609 Q 788 608 788 608 z 
'/>
<path style='opacity:1;fill:#34160B;fill-rule:evenodd;stroke:#34160B;stroke-width:1px;stroke-linecap:butt;stroke-linejoin:miter;stroke-opacity:1;' d='M 502 975 L 502 974 L 506 975 Q 510 975 511 977 Q 511 979 518 979 L 525 979 L 524 981 Q 522 983 522 984 L 522 985 L 520 985 L 519 986 L 519 986 L 520 986 L 520 986 L 520 986 L 522 987 L 523 987 L 523 988 Q 523 989 529 992 Q 536 996 536 996 Q 536 997 537 998 L 537 998 L 536 998 Q 535 998 533 999 L 532 1000 L 532 1000 L 532 1000 L 530 1000 L 528 1000 L 527 1000 L 526 1000 L 524 1000 Q 523 1000 508 994 L 493 990 L 492 989 L 490 989 L 490 988 L 490 987 L 491 987 L 492 988 L 492 988 L 493 988 L 494 987 L 495 986 L 495 986 Q 496 986 497 985 Q 498 984 499 983 Q 500 981 501 980 Q 502 978 502 977 L 502 975 L 502 975 z 
'/>
<path style='opacity:1;fill:#675716;fill-rule:evenodd;stroke:#675716;stroke-width:1px;stroke-linecap:butt;stroke-linejoin:miter;stroke-opacity:1;' d='M 812 306 L 813 306 L 813 322 L 813 337 L 812 337 L 811 338 L 810 338 L 809 338 L 808 339 Q 807 340 805 341 Q 804 343 801 342 Q 799 342 796 343 Q 794 344 794 343 Q 794 342 786 342 Q 778 342 775 340 L 772 338 L 772 337 L 772 337 L 772 336 Q 772 336 771 334 Q 770 332 772 332 Q 774 331 774 330 Q 775 330 775 328 Q 775 327 774 327 Q 773 327 773 326 Q 773 325 772 325 L 771 324 L 772 324 L 773 324 L 780 324 Q 786 324 786 322 Q 786 321 786 320 L 786 319 L 787 319 L 787 318 L 789 318 L 791 318 L 791 319 L 790 319 L 790 321 Q 789 322 793 322 Q 798 322 798 320 Q 799 318 801 318 Q 803 318 804 318 Q 805 318 807 316 Q 810 314 811 310 Q 812 306 812 306 z 
'/>
<path style='opacity:1;fill:#50401C;fill-rule:evenodd;stroke:#50401C;stroke-width:1px;stroke-linecap:butt;stroke-linejoin:miter;stroke-opacity:1;' d='M 122 477 L 122 477 L 124 482 Q 127 487 131 488 Q 134 489 135 492 L 135 494 L 134 493 Q 134 492 132 494 Q 132 497 132 501 Q 132 505 129 506 Q 126 506 126 508 Q 126 509 126 510 Q 125 512 124 512 L 124 512 L 122 513 Q 120 514 118 517 Q 116 520 116 522 L 116 525 L 115 525 L 114 524 L 114 524 L 114 524 L 113 523 L 112 522 L 112 522 L 112 522 L 109 522 L 106 522 L 106 520 Q 106 518 105 516 Q 104 513 104 513 Q 103 514 102 510 L 100 507 L 100 506 Q 100 506 101 505 Q 102 504 103 500 Q 104 496 105 496 Q 106 496 106 495 Q 106 494 106 492 L 107 490 L 108 490 Q 108 490 109 489 Q 110 489 110 488 Q 110 487 109 487 Q 108 486 108 483 L 108 480 L 108 480 L 108 480 L 108 480 L 108 480 L 109 479 L 110 478 L 110 478 L 110 478 L 114 478 Q 117 478 119 477 Q 121 476 122 477 z 
'/>
<path style='opacity:1;fill:#683715;fill-rule:evenodd;stroke:#683715;stroke-width:1px;stroke-linecap:butt;stroke-linejoin:miter;stroke-opacity:1;' d='M 140 875 L 154 873 L 154 875 Q 153 878 145 880 Q 136 883 135 884 Q 134 884 134 885 Q 133 886 129 889 Q 125 892 123 895 Q 121 898 119 899 Q 117 900 116 900 L 116 900 L 116 898 L 116 896 L 115 896 L 115 896 L 115 897 L 114 897 L 114 896 Q 114 894 115 894 Q 116 894 116 891 L 116 888 L 117 887 L 118 886 L 118 886 L 118 886 L 115 886 Q 112 886 111 887 L 110 888 L 109 888 L 108 888 L 108 887 L 108 887 L 109 887 L 109 886 L 109 886 L 110 886 L 110 886 L 110 886 L 110 885 L 110 885 L 110 885 L 111 884 L 111 884 L 111 884 L 112 884 L 112 884 L 112 883 L 112 883 L 113 883 L 113 882 L 114 882 Q 116 882 122 880 Q 127 878 140 875 z 
'/>
<path style='opacity:1;fill:#230C0A;fill-rule:evenodd;stroke:#230C0A;stroke-width:1px;stroke-linecap:butt;stroke-linejoin:miter;stroke-opacity:1;' d='M 503 278 L 504 277 L 505 277 Q 506 278 506 277 L 506 277 L 508 279 Q 509 282 510 281 Q 511 281 512 286 Q 513 290 517 291 Q 521 292 521 294 Q 521 296 522 298 Q 522 300 520 300 Q 518 301 518 306 Q 518 310 519 311 L 520 312 L 520 312 L 520 312 L 521 312 L 522 312 L 523 312 Q 524 313 524 314 Q 524 315 525 316 L 526 317 L 527 314 Q 528 312 529 312 L 530 312 L 530 311 L 530 310 L 531 310 L 532 310 L 532 311 L 532 311 L 532 312 L 532 312 L 532 317 Q 531 322 534 322 Q 536 322 538 323 Q 539 324 540 330 Q 541 335 543 335 L 545 335 L 545 336 L 545 338 L 546 338 L 547 338 L 547 337 L 546 337 L 546 337 L 546 336 L 546 336 L 546 336 L 547 336 L 547 336 L 548 335 L 549 335 L 549 342 Q 550 348 550 349 L 550 350 L 548 350 Q 545 350 543 349 Q 541 349 542 352 Q 543 356 542 356 L 541 356 L 540 356 L 539 356 L 539 356 Q 538 356 538 356 Q 538 356 537 356 Q 536 357 535 355 L 535 354 L 533 354 L 531 354 L 531 354 L 532 354 L 532 354 L 532 355 L 531 358 L 531 361 L 534 360 Q 536 359 536 360 Q 536 361 535 361 Q 534 361 534 366 Q 534 370 537 369 Q 539 368 540 370 Q 540 372 542 372 L 543 372 L 544 376 Q 546 380 546 379 L 546 379 L 547 379 L 547 380 L 547 380 L 548 380 L 548 380 L 548 380 L 547 381 Q 546 382 547 382 L 548 382 L 544 383 Q 541 384 540 391 Q 540 398 538 398 Q 536 399 536 401 L 536 403 L 534 403 Q 533 402 532 400 L 532 397 L 531 398 L 530 400 L 530 400 L 530 400 L 530 401 L 530 401 L 529 402 Q 528 403 528 404 L 528 406 L 527 407 L 526 408 L 526 408 L 526 408 L 526 409 L 526 409 L 526 410 Q 526 412 527 411 Q 528 410 529 411 L 530 412 L 531 412 Q 532 413 532 416 Q 532 420 534 420 Q 536 419 536 422 Q 536 425 535 432 Q 535 438 536 438 Q 537 438 537 440 Q 537 442 536 442 Q 535 442 534 447 Q 534 452 532 452 Q 530 452 532 454 Q 534 456 534 464 Q 532 473 532 477 Q 532 481 532 482 L 532 482 L 532 484 L 532 485 L 532 486 L 532 486 L 531 486 L 531 486 L 531 487 L 530 487 L 530 487 L 530 488 L 530 488 L 530 488 L 529 488 L 529 488 L 529 489 L 528 489 L 528 489 L 528 488 L 526 488 L 525 488 L 525 482 Q 524 476 524 475 Q 524 474 523 474 Q 522 474 522 476 Q 522 477 521 476 Q 520 474 519 474 Q 518 474 518 470 Q 517 467 516 467 Q 515 467 515 465 L 514 463 L 514 463 L 514 462 L 513 462 L 512 462 L 512 463 L 512 463 L 511 463 L 511 462 L 510 462 L 508 462 L 508 466 Q 507 469 506 469 L 505 470 L 505 470 L 504 470 L 504 470 L 504 470 L 504 471 L 504 471 L 503 470 Q 503 469 501 468 Q 500 467 495 466 L 490 464 L 490 466 L 490 468 L 489 469 L 488 470 L 488 470 L 488 470 L 488 471 L 488 471 L 487 471 L 487 471 L 487 468 Q 486 464 484 461 Q 482 458 481 456 Q 480 453 476 453 Q 471 452 466 454 Q 461 454 454 455 Q 448 456 440 456 Q 431 458 430 459 Q 430 461 422 464 Q 415 468 410 465 Q 404 462 403 462 Q 401 462 399 459 L 396 457 L 396 457 L 396 458 L 394 458 L 392 458 L 391 458 L 390 458 L 389 458 L 388 458 L 388 458 Q 387 458 386 457 Q 385 457 385 456 Q 385 455 379 452 Q 372 450 369 449 L 365 448 L 365 449 L 364 449 L 364 450 Q 364 450 363 454 L 363 458 L 363 458 L 362 458 L 362 454 L 362 450 L 362 448 Q 362 447 362 446 Q 362 445 360 444 Q 359 444 358 441 L 358 438 L 357 438 L 357 438 L 356 437 L 355 436 L 355 436 L 355 436 L 358 436 L 360 436 L 362 435 L 365 435 L 378 432 Q 391 430 401 424 Q 411 420 412 419 L 413 419 L 413 420 L 414 421 L 414 421 L 414 420 L 416 420 L 418 420 L 418 419 L 418 419 L 419 419 L 419 418 L 419 418 L 420 418 L 420 418 L 420 418 L 428 416 Q 436 414 438 414 L 440 414 L 440 414 L 440 414 L 441 414 L 441 414 L 440 415 Q 439 416 438 417 L 437 418 L 437 419 L 438 419 L 438 419 L 438 420 L 442 420 L 445 420 L 445 418 Q 445 415 446 415 Q 447 415 447 414 Q 447 413 448 413 Q 449 413 450 411 Q 450 409 451 410 Q 452 410 452 408 Q 453 406 454 406 Q 455 406 456 403 Q 458 400 459 400 Q 460 399 461 396 Q 462 394 463 386 Q 465 379 468 379 Q 470 379 471 377 Q 472 375 472 370 Q 472 366 473 366 Q 474 365 475 363 Q 476 361 476 348 Q 476 334 478 328 Q 480 323 480 312 L 480 301 L 480 301 Q 480 301 481 300 Q 482 298 483 296 Q 485 295 486 290 L 486 286 L 487 284 L 487 283 L 488 283 L 490 284 L 490 284 L 490 284 L 491 284 L 491 284 L 492 285 Q 493 285 494 284 Q 494 284 495 286 Q 496 288 496 288 Q 496 288 496 289 L 496 289 L 497 289 L 497 290 L 498 290 L 499 290 L 499 288 L 499 287 L 500 287 L 501 287 L 501 285 L 502 283 L 502 280 Q 502 278 503 278 z 
'/>
<path style='opacity:1;fill:#A38938;fill-rule:evenodd;stroke:#A38938;stroke-width:1px;stroke-linecap:butt;stroke-linejoin:miter;stroke-opacity:1;' d='M 54 218 L 55 218 L 53 221 Q 51 224 50 224 Q 49 224 49 226 Q 50 228 48 232 Q 48 236 49 237 Q 51 238 52 242 Q 52 245 50 245 Q 49 245 49 246 L 50 247 L 50 248 L 50 250 L 49 250 L 49 250 L 48 250 L 47 250 L 46 250 L 46 250 L 46 250 L 45 250 L 44 249 Q 43 248 42 247 Q 40 245 40 242 Q 39 239 36 238 Q 34 238 32 239 Q 31 241 27 240 L 23 240 L 23 239 L 22 238 L 22 238 L 22 238 L 22 237 L 22 237 L 21 235 L 21 233 L 21 232 L 22 232 L 22 232 L 22 232 L 23 233 L 24 234 L 24 234 L 25 234 L 25 233 L 26 233 L 26 233 Q 26 232 28 233 Q 30 233 30 232 Q 30 230 33 230 Q 36 230 37 229 Q 38 228 37 228 Q 36 228 36 227 Q 36 226 39 226 Q 41 225 40 223 Q 40 222 40 218 L 39 214 L 42 214 Q 44 213 44 215 Q 45 216 46 217 Q 47 217 47 216 Q 48 215 48 216 Q 48 218 50 218 Q 53 218 54 218 z 
'/>
<path style='opacity:1;fill:#412A10;fill-rule:evenodd;stroke:#412A10;stroke-width:1px;stroke-linecap:butt;stroke-linejoin:miter;stroke-opacity:1;' d='M 164 526 L 165 526 L 166 527 Q 166 528 167 526 Q 168 525 170 532 Q 172 538 173 540 L 174 541 L 174 542 L 174 543 L 175 544 L 175 546 L 176 546 L 177 546 L 177 544 L 178 543 L 178 543 L 178 542 L 178 542 L 178 542 L 179 542 L 179 542 L 179 541 L 179 541 L 179 541 Q 180 541 180 541 Q 180 542 181 540 L 182 539 L 182 538 L 182 537 L 183 537 L 184 537 L 184 538 L 184 540 L 184 540 L 184 540 L 184 541 L 184 541 L 184 542 L 184 543 L 184 544 Q 183 544 181 546 Q 180 547 180 551 Q 181 555 182 555 Q 184 555 183 558 Q 182 562 181 565 Q 180 568 178 568 Q 177 569 177 572 Q 177 574 175 576 Q 174 578 173 579 Q 173 580 172 580 Q 171 580 170 582 Q 170 584 168 584 Q 167 584 166 585 L 165 585 L 165 585 Q 164 585 164 584 Q 164 583 162 582 Q 159 582 156 581 Q 154 581 154 580 Q 154 579 153 580 Q 152 580 151 580 Q 150 579 149 580 Q 148 582 147 579 Q 146 577 144 576 Q 143 576 141 576 L 139 577 L 139 574 Q 138 570 138 566 Q 136 563 138 557 Q 140 551 140 552 Q 140 553 141 550 Q 141 547 140 547 Q 139 546 141 544 Q 142 542 143 538 L 144 535 L 144 534 Q 144 534 146 532 L 147 530 L 148 530 L 149 530 L 149 531 L 150 531 L 150 531 L 150 532 L 152 532 Q 155 532 155 531 Q 155 530 156 530 Q 157 530 158 529 Q 159 528 160 528 Q 161 528 162 527 Q 162 526 164 526 z 
'/>
<path style='opacity:1;fill:#968633;fill-rule:evenodd;stroke:#968633;stroke-width:1px;stroke-linecap:butt;stroke-linejoin:miter;stroke-opacity:1;' d='M 644 209 L 644 209 L 646 210 Q 647 212 650 211 Q 654 211 655 212 Q 656 214 657 213 Q 658 212 660 212 Q 661 212 661 212 Q 662 212 662 212 L 662 212 L 662 213 L 662 213 L 663 213 L 663 212 L 663 212 L 664 212 L 663 216 Q 663 221 664 221 Q 665 221 664 226 Q 664 230 664 235 Q 664 240 664 240 L 664 240 L 664 240 Q 664 239 663 239 Q 663 238 662 240 Q 662 242 660 242 Q 659 242 659 244 Q 659 245 658 245 Q 657 244 656 243 Q 656 241 654 242 L 652 243 L 651 253 Q 650 263 650 264 Q 650 265 649 265 Q 648 265 648 266 L 648 267 L 647 267 L 647 268 L 647 268 L 646 268 L 646 268 L 646 268 L 646 268 L 645 268 L 644 269 L 643 270 L 642 270 L 640 270 L 640 268 Q 640 267 636 267 Q 632 266 631 264 Q 630 261 629 261 Q 628 262 628 259 Q 628 257 627 256 L 626 256 L 626 256 L 626 256 L 625 256 L 624 256 L 624 256 L 624 256 L 623 254 L 622 253 L 622 253 L 622 252 L 622 252 L 622 252 L 622 249 Q 623 246 624 245 Q 626 244 627 243 Q 629 242 630 241 Q 631 241 632 240 Q 632 238 633 238 Q 634 238 634 237 Q 634 236 635 232 L 635 229 L 636 229 L 637 229 L 637 227 L 637 225 L 637 225 Q 638 225 638 224 L 638 224 L 641 217 Q 644 210 644 209 z 
'/>
<path style='opacity:1;fill:#462812;fill-rule:evenodd;stroke:#462812;stroke-width:1px;stroke-linecap:butt;stroke-linejoin:miter;stroke-opacity:1;' d='M 67 565 L 68 565 L 68 565 L 68 566 L 68 566 L 68 566 L 69 568 Q 70 570 72 572 Q 73 572 74 573 L 74 573 L 74 574 Q 74 575 75 576 L 76 577 L 77 580 Q 78 584 80 582 Q 83 580 87 580 L 91 580 L 91 580 Q 91 580 92 581 L 92 581 L 93 586 Q 94 591 94 592 Q 95 592 96 593 L 96 593 L 94 594 Q 92 594 92 594 Q 90 594 89 599 Q 87 604 86 604 Q 84 604 85 606 Q 86 609 85 614 Q 83 618 81 618 Q 80 617 79 619 Q 78 622 76 622 Q 74 622 73 626 Q 72 629 70 629 Q 68 629 68 630 Q 68 631 66 631 L 65 631 L 65 632 L 65 633 L 64 633 L 63 634 L 60 634 L 58 634 L 58 633 L 58 632 L 59 631 L 59 630 L 59 630 L 59 630 L 60 630 L 62 630 L 62 630 L 62 630 L 63 626 Q 63 622 66 622 Q 68 622 68 621 Q 68 620 68 616 Q 68 612 69 610 L 70 608 L 67 608 Q 64 608 63 607 Q 62 606 63 605 Q 64 604 65 603 Q 66 601 62 601 Q 59 600 59 600 Q 59 598 56 597 L 54 596 L 54 596 Q 54 596 53 595 L 52 594 L 52 593 L 52 593 L 52 592 L 52 591 L 52 590 L 52 588 L 51 586 L 51 585 L 52 585 Q 54 585 54 584 Q 55 584 56 583 Q 56 582 58 582 Q 60 582 62 581 L 63 579 L 64 579 L 65 579 L 65 578 L 66 577 L 66 572 L 66 566 L 67 566 L 67 566 L 67 565 z 
'/>
<path style='opacity:1;fill:#6E4114;fill-rule:evenodd;stroke:#6E4114;stroke-width:1px;stroke-linecap:butt;stroke-linejoin:miter;stroke-opacity:1;' d='M 225 913 L 228 912 L 228 912 Q 228 912 230 913 L 231 913 L 231 914 Q 231 915 227 916 Q 224 918 221 920 Q 218 922 216 926 Q 213 930 212 931 Q 212 932 211 933 L 211 934 L 208 944 Q 206 954 205 961 L 205 968 L 205 968 L 204 968 L 204 969 L 204 970 L 203 969 L 202 968 L 202 968 L 202 969 L 200 969 L 199 969 L 199 966 Q 198 963 198 962 Q 198 962 197 955 L 196 948 L 196 948 L 196 948 L 197 950 L 198 952 L 198 950 L 198 949 L 199 946 Q 200 943 201 940 Q 202 936 205 934 Q 207 932 212 926 Q 216 919 219 918 Q 222 916 222 915 Q 222 914 225 913 z 
'/>
<path style='opacity:1;fill:#4D2915;fill-rule:evenodd;stroke:#4D2915;stroke-width:1px;stroke-linecap:butt;stroke-linejoin:miter;stroke-opacity:1;' d='M 149 899 L 149 899 L 150 899 L 151 899 L 151 899 L 151 900 L 151 900 L 150 900 L 150 901 L 150 902 L 151 902 L 151 902 L 154 902 L 157 902 L 159 903 Q 160 903 160 903 Q 160 904 163 904 L 166 904 L 166 903 L 166 903 L 167 903 L 167 902 L 167 902 L 168 902 L 168 902 L 168 902 L 168 903 L 168 903 L 169 903 L 169 904 L 169 904 L 168 904 L 168 904 L 168 904 L 168 905 L 168 905 L 167 905 L 167 906 L 166 906 Q 165 906 165 908 Q 165 910 164 911 Q 164 912 163 912 Q 162 913 161 913 L 161 914 L 161 914 L 160 914 L 160 914 L 160 914 L 160 915 L 160 915 L 159 916 L 159 916 L 156 918 Q 154 920 153 920 L 153 921 L 150 923 Q 148 926 146 926 Q 144 926 141 927 Q 138 928 137 930 Q 136 932 133 935 Q 130 938 129 939 Q 128 940 128 941 L 128 942 L 127 942 L 127 942 L 127 943 L 126 943 L 126 944 L 126 945 L 125 946 L 125 947 L 124 947 L 123 946 L 123 946 L 122 946 L 122 944 L 122 942 L 121 942 L 121 942 L 121 942 L 122 941 L 122 936 Q 122 932 121 927 L 120 922 L 120 922 L 120 921 L 122 921 Q 125 920 126 920 Q 126 920 130 916 Q 134 914 136 911 Q 138 908 139 908 Q 140 908 140 907 Q 140 906 143 906 Q 146 905 146 902 Q 146 900 147 900 L 148 900 L 148 900 Q 149 900 149 899 z 
M 148 922 Q 149 922 149 923 Q 149 924 148 924 Q 147 924 147 923 Q 147 922 148 922 z 
'/>
<path style='opacity:1;fill:#4B3112;fill-rule:evenodd;stroke:#4B3112;stroke-width:1px;stroke-linecap:butt;stroke-linejoin:miter;stroke-opacity:1;' d='M 430 682 L 431 682 L 432 684 Q 432 686 431 687 Q 430 688 430 688 L 430 688 L 431 688 L 431 688 L 432 688 L 434 688 L 434 688 L 434 688 L 436 687 Q 437 686 438 686 L 439 686 L 439 687 Q 439 688 436 691 Q 434 694 433 694 Q 433 694 432 695 L 431 696 L 431 696 L 430 696 L 430 696 L 430 696 L 430 697 L 430 697 L 429 698 L 429 699 L 428 699 L 427 699 L 427 700 L 427 702 L 420 708 Q 414 715 413 716 L 412 717 L 412 717 L 412 718 L 412 718 L 412 718 L 411 718 L 411 718 L 411 719 L 410 719 L 410 719 L 410 720 L 410 720 L 410 720 L 409 721 L 409 722 L 409 722 L 408 722 L 408 722 L 408 723 L 408 723 L 408 723 L 407 722 L 407 721 L 406 721 L 405 722 L 404 722 L 402 722 L 402 722 L 402 722 L 401 721 L 400 720 L 400 720 L 400 720 L 399 720 L 399 720 L 399 719 L 400 719 L 400 718 L 400 717 L 399 717 L 399 718 L 398 718 L 397 718 L 397 717 Q 398 716 402 710 Q 406 704 406 702 Q 406 701 407 697 L 408 693 L 410 692 Q 412 690 414 688 Q 417 686 418 686 L 420 686 L 420 685 L 420 684 L 420 684 Q 420 683 421 683 L 421 683 L 421 683 L 422 683 L 422 683 L 422 684 L 423 684 L 424 684 L 424 684 L 425 684 L 425 684 L 426 684 L 426 684 L 426 684 L 428 683 Q 429 682 430 682 z 
M 402 715 Q 402 715 403 715 Q 403 716 402 716 Q 402 716 402 715 z 
'/>
<path style='opacity:1;fill:#C66C16;fill-rule:evenodd;stroke:#C66C16;stroke-width:1px;stroke-linecap:butt;stroke-linejoin:miter;stroke-opacity:1;' d='M 386 998 L 386 998 L 383 998 Q 380 998 380 997 Q 379 996 373 996 Q 367 996 367 997 Q 366 998 368 1000 L 369 1002 L 369 1003 L 370 1003 L 373 1007 Q 377 1012 378 1012 L 379 1012 L 379 1012 L 379 1012 L 380 1013 Q 381 1013 384 1016 Q 386 1020 386 1020 L 387 1020 L 390 1026 Q 393 1032 393 1032 L 394 1032 L 394 1032 L 394 1032 L 394 1033 L 394 1033 L 395 1033 L 395 1034 L 395 1034 L 396 1034 L 396 1035 L 396 1036 L 395 1036 L 394 1036 L 394 1036 L 393 1036 L 393 1036 L 392 1036 L 392 1038 L 392 1040 L 391 1040 L 390 1040 L 390 1039 L 390 1038 L 389 1038 L 389 1038 L 387 1037 Q 385 1036 384 1036 L 382 1036 L 382 1036 L 381 1036 L 379 1035 L 377 1035 L 377 1035 Q 377 1034 370 1029 Q 364 1024 360 1019 Q 356 1014 354 1014 L 352 1014 L 352 1013 L 352 1013 L 351 1013 L 351 1012 L 351 1012 L 351 1012 L 352 1012 L 352 1012 L 352 1011 L 352 1011 L 352 1010 L 352 1009 L 352 1009 L 352 1008 L 356 1008 Q 359 1008 357 1006 Q 356 1005 356 998 Q 358 992 360 989 Q 362 986 364 985 Q 367 984 372 986 Q 377 987 381 992 Q 386 997 386 998 z 
'/>
<path style='opacity:1;fill:#707536;fill-rule:evenodd;stroke:#707536;stroke-width:1px;stroke-linecap:butt;stroke-linejoin:miter;stroke-opacity:1;' d='M 691 2 L 683 0 L 730 0 L 776 0 L 779 2 Q 782 4 782 5 L 782 6 L 783 7 Q 784 8 785 9 Q 786 10 787 10 L 787 11 L 787 11 Q 787 12 784 12 Q 781 14 778 15 Q 774 16 774 18 Q 774 20 772 20 Q 770 21 770 20 Q 770 18 766 20 Q 762 22 761 24 Q 760 26 757 28 L 754 30 L 753 31 L 752 32 L 752 32 L 752 32 L 752 32 L 752 32 L 751 31 Q 751 30 752 30 Q 753 30 752 28 L 752 27 L 751 27 L 751 26 L 751 26 L 750 26 L 750 27 L 750 28 L 749 28 L 749 28 L 748 28 Q 747 28 745 29 Q 743 30 743 32 L 743 34 L 742 34 L 741 34 L 741 33 L 742 32 L 742 30 Q 742 29 740 30 Q 739 30 739 29 Q 739 28 738 27 Q 736 26 737 24 Q 737 22 733 24 Q 730 25 728 21 Q 726 17 724 16 Q 722 16 722 14 Q 722 13 714 10 Q 706 8 706 7 Q 706 6 702 6 Q 699 6 699 5 Q 698 4 691 2 z 
'/>
<path style='opacity:1;fill:#3B3A25;fill-rule:evenodd;stroke:#3B3A25;stroke-width:1px;stroke-linecap:butt;stroke-linejoin:miter;stroke-opacity:1;' d='M 40 484 L 41 481 L 42 481 Q 43 482 44 482 L 44 482 L 44 483 L 44 484 L 43 484 L 43 484 L 43 485 L 42 485 L 42 486 L 42 487 L 43 487 L 43 488 L 43 488 L 44 488 L 45 489 Q 46 490 46 491 Q 45 492 50 492 Q 54 493 56 493 Q 56 493 58 496 Q 58 499 58 502 Q 58 504 59 504 Q 60 504 61 506 L 61 508 L 60 508 Q 58 508 58 510 L 58 511 L 59 512 L 59 512 L 59 512 L 59 512 L 58 512 L 57 512 L 57 512 Q 56 512 56 511 Q 55 510 51 511 Q 47 511 47 510 Q 46 509 46 510 Q 46 512 44 512 Q 44 512 41 513 Q 39 514 38 514 Q 38 515 34 515 L 30 514 L 30 515 L 30 515 L 29 518 L 28 520 L 28 520 L 28 520 L 28 521 L 27 521 L 27 520 L 26 520 L 26 518 Q 26 517 27 516 Q 27 515 24 515 L 22 514 L 22 514 L 22 514 L 21 512 Q 20 509 19 510 Q 18 510 19 506 Q 20 502 21 501 Q 22 500 22 498 Q 22 495 28 494 Q 34 493 34 494 Q 34 495 35 495 Q 36 495 36 493 Q 36 491 39 490 Q 41 490 41 488 Q 40 486 39 486 Q 38 487 40 484 z 
'/>
<path style='opacity:1;fill:#874516;fill-rule:evenodd;stroke:#874516;stroke-width:1px;stroke-linecap:butt;stroke-linejoin:miter;stroke-opacity:1;' d='M 364 667 L 363 666 L 364 665 L 365 665 L 368 665 Q 372 666 374 666 L 377 666 L 378 666 Q 380 666 381 667 L 382 667 L 382 668 Q 381 668 382 669 Q 384 669 384 670 Q 384 671 384 672 L 384 674 L 384 674 L 384 674 L 384 673 L 384 673 L 386 673 Q 388 674 388 674 Q 387 674 386 675 L 386 675 L 386 674 Q 386 674 382 678 Q 379 683 374 683 L 370 682 L 368 682 L 367 682 L 367 682 L 366 681 L 366 681 L 366 680 L 366 680 L 366 680 L 365 680 L 365 680 L 365 679 L 364 679 L 364 676 L 364 673 L 363 672 Q 362 671 362 670 Q 362 669 363 669 Q 364 669 364 667 z 
'/>
<path style='opacity:1;fill:#462413;fill-rule:evenodd;stroke:#462413;stroke-width:1px;stroke-linecap:butt;stroke-linejoin:miter;stroke-opacity:1;' d='M 202 968 L 202 968 L 203 969 L 204 970 L 204 969 L 204 968 L 205 968 L 205 968 L 206 971 Q 207 974 216 978 Q 224 982 225 982 Q 226 982 226 981 Q 226 980 234 981 Q 243 982 244 982 L 244 982 L 244 982 L 244 982 L 244 983 L 244 983 L 245 983 L 245 984 L 245 984 L 246 984 L 246 984 L 246 984 L 246 985 L 246 985 L 247 985 L 247 986 L 247 986 L 248 986 L 248 987 Q 250 988 250 989 L 250 990 L 251 990 L 251 990 L 251 991 L 252 991 L 252 991 L 252 992 L 252 992 L 252 992 L 252 993 L 252 994 L 252 994 L 252 995 L 252 996 L 252 998 L 251 999 L 250 1000 L 242 1003 Q 234 1006 229 1008 Q 224 1010 223 1011 L 222 1011 L 222 1010 Q 222 1009 222 1007 Q 222 1005 218 1005 Q 213 1006 210 1004 Q 207 1004 208 1003 Q 208 1002 208 1000 Q 208 999 206 1000 Q 205 1000 205 996 Q 204 992 203 990 Q 202 988 201 988 Q 200 988 200 984 L 199 980 L 199 978 Q 200 976 201 972 L 202 969 L 202 968 z 
'/>
<path style='opacity:1;fill:#291712;fill-rule:evenodd;stroke:#291712;stroke-width:1px;stroke-linecap:butt;stroke-linejoin:miter;stroke-opacity:1;' d='M 118 922 L 120 922 L 120 922 L 121 922 L 121 927 Q 122 932 122 936 L 122 941 L 121 942 L 121 942 L 120 942 Q 119 942 118 950 Q 116 957 116 962 L 116 967 L 117 968 L 118 970 L 118 970 L 118 970 L 120 970 L 121 970 L 121 970 L 122 970 L 122 970 L 122 970 L 122 969 Q 122 969 124 968 L 125 968 L 124 969 Q 124 970 126 971 Q 129 972 130 971 L 131 971 L 131 974 L 131 976 L 128 978 Q 124 979 123 983 Q 122 986 121 985 Q 120 983 119 985 Q 118 986 117 987 Q 116 988 114 990 Q 114 993 114 996 L 114 999 L 114 999 L 114 1000 L 114 1000 L 114 1000 L 115 1002 L 115 1003 L 114 1003 L 113 1003 L 113 1002 L 113 1001 L 112 1001 L 111 1000 L 111 1000 L 110 1000 L 110 1000 L 110 1000 L 110 999 L 110 999 L 109 999 L 109 998 L 109 998 Q 108 998 108 996 Q 108 994 106 993 Q 105 992 100 989 Q 96 987 96 988 Q 96 990 93 990 L 91 990 L 91 989 L 90 988 L 90 988 L 90 988 L 90 987 L 90 987 L 89 986 L 88 985 L 88 984 L 88 983 L 88 983 L 88 983 L 89 981 L 89 979 L 90 979 L 91 979 L 91 978 Q 92 976 92 973 L 92 970 L 92 972 Q 93 974 94 974 L 96 974 L 96 973 L 96 973 L 97 971 Q 98 969 98 968 Q 98 966 97 966 Q 96 966 96 965 Q 95 964 98 957 L 101 950 L 101 950 L 102 950 L 102 949 L 102 948 L 103 948 L 103 948 L 103 947 L 103 947 L 103 946 L 104 946 L 104 946 L 104 946 L 104 945 L 104 945 L 105 944 Q 106 942 109 936 Q 112 931 115 926 Q 117 922 118 922 z 
'/>
<path style='opacity:1;fill:#3A1D0D;fill-rule:evenodd;stroke:#3A1D0D;stroke-width:1px;stroke-linecap:butt;stroke-linejoin:miter;stroke-opacity:1;' d='M 154 875 L 154 873 L 156 873 Q 158 873 158 874 Q 158 875 159 875 L 159 875 L 159 876 Q 159 877 160 877 L 161 877 L 161 877 Q 161 878 162 878 L 162 878 L 162 880 Q 161 882 163 883 Q 165 884 165 884 L 166 884 L 166 885 L 166 886 L 165 887 L 164 888 L 164 888 L 164 888 L 159 889 Q 154 890 154 891 L 154 892 L 153 892 L 153 892 L 152 893 L 150 894 L 150 894 L 150 894 L 150 895 L 150 896 L 151 896 Q 152 895 152 896 Q 152 897 153 897 L 154 898 L 154 898 L 154 898 L 153 898 L 153 899 L 152 899 L 151 899 L 150 899 Q 150 900 149 900 L 148 900 L 148 899 Q 149 898 146 898 Q 144 898 139 901 Q 134 904 134 902 Q 134 901 133 902 Q 132 902 131 902 L 131 903 L 131 903 Q 130 903 130 904 L 130 904 L 130 904 Q 130 904 129 904 L 129 905 L 128 905 L 128 905 L 124 907 Q 119 910 119 910 L 118 910 L 118 910 L 118 910 L 118 911 L 118 911 L 117 911 L 117 912 L 116 912 L 114 912 L 113 913 L 112 913 L 112 911 L 112 909 L 111 909 L 111 908 L 111 908 L 112 908 L 112 908 L 112 908 L 112 907 L 112 907 L 113 907 L 113 906 L 113 906 L 114 906 L 114 906 L 114 906 L 114 905 L 114 905 L 114 904 Q 114 903 114 903 L 114 903 L 114 902 Q 114 902 115 901 L 116 900 L 116 900 Q 117 900 119 899 Q 121 898 123 895 Q 125 892 129 889 Q 133 886 134 885 Q 134 884 135 884 Q 136 883 145 880 Q 153 878 154 875 z 
'/>
<path style='opacity:1;fill:#504828;fill-rule:evenodd;stroke:#504828;stroke-width:1px;stroke-linecap:butt;stroke-linejoin:miter;stroke-opacity:1;' d='M 103 489 L 107 490 L 106 492 Q 106 494 106 495 Q 106 496 105 496 Q 104 496 103 500 Q 102 504 101 505 Q 100 506 100 506 L 100 507 L 97 510 Q 94 512 93 513 Q 93 514 89 515 Q 85 516 84 516 Q 83 516 82 517 Q 81 518 79 518 Q 77 518 75 517 L 73 517 L 72 517 L 70 516 L 70 516 L 70 516 L 69 515 L 69 514 L 70 514 L 71 514 L 70 513 L 69 512 L 69 512 L 68 512 L 68 511 L 68 510 L 69 510 Q 70 510 70 506 Q 70 503 72 502 Q 73 502 73 500 Q 73 499 76 499 Q 78 499 78 498 Q 78 497 81 496 Q 83 495 83 494 Q 83 492 84 492 Q 85 492 85 494 Q 85 495 88 495 Q 90 494 91 493 Q 92 492 93 492 Q 94 493 94 491 Q 95 489 97 489 Q 99 488 103 489 z 
'/>
<path style='opacity:1;fill:#6E530F;fill-rule:evenodd;stroke:#6E530F;stroke-width:1px;stroke-linecap:butt;stroke-linejoin:miter;stroke-opacity:1;' d='M 760 545 L 760 544 L 762 544 L 763 544 L 764 544 L 766 544 L 770 544 Q 775 544 775 546 Q 775 547 782 548 Q 788 550 790 549 Q 792 548 792 550 L 792 552 L 792 552 Q 791 552 786 553 Q 781 554 779 555 Q 777 556 777 560 L 776 563 L 776 565 L 776 567 L 776 568 L 776 569 L 776 569 L 776 570 L 778 570 Q 781 570 781 572 L 782 573 L 782 573 L 782 574 L 782 574 L 783 574 L 783 574 L 783 574 L 780 575 L 778 576 L 778 576 L 778 576 L 777 576 L 777 576 L 772 575 Q 766 574 766 574 Q 765 574 762 573 L 758 572 L 758 572 Q 758 572 756 571 Q 754 571 754 570 Q 754 568 751 568 L 748 568 L 748 568 L 748 568 L 749 566 Q 750 565 751 560 Q 753 556 752 556 Q 750 555 749 554 L 748 552 L 748 552 L 748 552 L 748 552 L 748 552 L 752 551 Q 755 550 756 548 Q 758 546 759 546 L 760 546 L 760 545 z 
'/>
<path style='opacity:1;fill:#1A0D0A;fill-rule:evenodd;stroke:#1A0D0A;stroke-width:1px;stroke-linecap:butt;stroke-linejoin:miter;stroke-opacity:1;' d='M 261 480 L 264 468 L 266 478 Q 268 487 269 488 Q 270 490 272 490 Q 273 490 273 506 Q 273 522 274 522 Q 275 524 278 524 Q 280 524 280 526 Q 280 528 282 527 Q 283 526 285 526 L 287 526 L 286 528 Q 286 529 286 534 Q 286 538 288 540 Q 289 542 289 542 L 290 542 L 290 542 L 290 542 L 290 543 L 290 543 L 289 543 L 289 544 L 289 544 L 288 544 L 288 545 L 288 546 L 288 547 Q 288 548 287 548 Q 286 548 284 552 Q 282 556 280 559 Q 278 562 276 564 Q 274 565 274 566 L 274 567 L 273 568 L 273 569 L 272 569 L 271 570 L 271 570 L 270 570 L 270 571 L 270 572 L 265 582 Q 260 592 259 598 Q 258 604 258 605 L 258 605 L 257 606 L 257 606 L 256 611 Q 256 616 254 617 Q 252 617 252 626 Q 250 636 251 637 Q 252 638 252 642 Q 252 645 251 644 Q 250 644 249 645 Q 248 646 248 647 L 248 647 L 247 647 L 247 648 L 247 648 L 248 648 L 248 650 L 248 651 L 248 654 Q 248 656 249 658 L 249 659 L 248 659 Q 246 658 245 659 L 244 659 L 244 660 L 244 662 L 243 662 L 243 662 L 242 663 L 240 663 L 240 662 Q 240 660 241 658 L 242 657 L 241 657 L 240 657 L 240 658 L 240 659 L 239 659 L 239 660 L 239 660 L 238 660 L 238 660 L 238 660 L 238 661 L 238 661 L 234 666 Q 231 672 229 670 Q 227 670 226 675 Q 226 681 224 684 Q 224 686 224 692 Q 224 698 222 702 Q 220 707 220 714 L 220 722 L 219 726 L 219 729 L 220 729 L 221 729 L 221 727 Q 222 725 222 724 L 223 724 L 223 723 L 224 723 L 224 722 L 224 721 L 225 721 L 225 722 L 225 722 L 226 722 L 226 722 L 226 722 L 226 723 L 226 723 L 225 723 L 225 724 L 225 724 L 226 724 L 226 726 Q 226 727 227 730 L 227 732 L 227 732 L 226 732 L 226 732 L 226 732 L 226 733 L 226 733 L 225 734 L 225 735 L 228 734 Q 232 734 233 736 Q 234 739 234 738 Q 235 736 236 736 L 236 736 L 236 736 L 236 736 L 236 740 L 236 743 L 236 746 L 236 748 L 235 748 Q 235 748 233 745 L 232 743 L 231 744 L 230 746 L 230 754 Q 230 761 230 764 Q 231 766 230 766 Q 230 767 229 769 Q 228 771 228 774 L 228 777 L 228 778 L 228 779 L 226 779 Q 224 778 223 778 L 222 777 L 221 775 L 220 773 L 220 776 L 220 779 L 221 779 L 221 780 L 221 780 L 222 780 L 222 780 L 222 780 L 228 783 Q 233 786 234 785 Q 236 785 236 788 Q 238 791 238 796 Q 238 800 238 804 L 238 807 L 239 807 L 240 807 L 240 809 L 240 811 L 238 811 L 235 812 L 235 812 L 234 812 L 234 813 L 234 814 L 233 814 L 233 814 L 233 813 L 232 813 L 232 813 L 232 812 L 232 812 L 232 812 L 231 812 L 231 812 L 231 810 Q 231 807 232 807 Q 233 806 234 804 L 234 801 L 229 802 Q 224 802 223 804 Q 222 806 220 806 Q 219 808 219 808 L 218 808 L 218 808 L 218 808 L 218 809 L 218 809 L 217 809 L 217 810 L 216 810 L 216 810 L 216 809 L 216 809 L 215 807 Q 214 805 214 804 Q 214 804 213 804 Q 212 803 210 798 Q 209 794 206 794 Q 203 794 202 792 Q 202 791 201 792 L 201 792 L 200 792 Q 200 792 200 792 Q 199 793 198 793 Q 196 792 194 791 Q 193 790 190 789 Q 186 788 186 790 Q 186 791 185 791 Q 184 791 184 788 Q 184 786 178 786 Q 171 786 170 784 Q 170 781 168 782 Q 165 783 165 780 L 165 778 L 164 778 L 163 778 L 163 779 L 162 779 L 162 779 L 162 780 L 162 780 L 162 780 L 161 782 Q 160 785 159 785 Q 158 785 158 788 Q 158 792 158 792 Q 158 793 158 794 L 158 796 L 157 796 L 157 796 L 154 796 Q 152 796 151 796 Q 150 796 145 798 Q 140 801 141 803 L 141 805 L 140 805 L 138 804 L 136 804 Q 135 804 134 801 Q 134 799 130 800 Q 126 800 126 801 Q 126 802 125 802 L 124 802 L 124 803 L 124 803 L 123 803 L 123 804 L 122 804 L 122 804 L 122 803 L 122 803 L 121 802 L 120 801 L 120 801 L 120 802 L 120 802 L 120 802 L 119 802 L 119 802 L 118 803 L 117 803 L 116 803 L 116 802 L 116 802 L 116 802 L 115 803 L 114 804 L 114 804 L 114 804 L 114 803 L 114 803 L 113 803 L 113 803 L 113 801 Q 112 799 111 798 L 109 797 L 109 796 Q 108 795 108 795 L 108 795 L 108 792 Q 108 790 110 790 Q 112 790 111 786 Q 110 782 112 781 Q 113 780 113 779 Q 114 778 114 777 Q 114 776 115 769 L 116 762 L 116 760 Q 116 759 119 754 L 122 750 L 122 750 Q 123 750 125 747 Q 126 744 128 742 Q 130 741 131 738 Q 132 736 130 730 Q 129 723 133 722 Q 137 721 137 717 Q 137 713 136 713 Q 135 713 135 706 Q 135 698 136 698 Q 137 698 138 696 Q 138 694 139 691 L 139 688 L 139 688 L 140 687 L 140 687 L 140 686 L 140 686 L 140 686 L 140 682 Q 140 679 140 678 Q 140 676 141 676 Q 142 675 142 671 Q 142 667 148 658 Q 152 649 159 644 L 166 638 L 166 638 Q 167 638 170 634 Q 174 632 177 625 L 180 618 L 180 618 Q 181 618 181 617 L 181 617 L 182 617 Q 182 616 182 616 L 182 616 L 182 616 Q 182 616 184 614 Q 184 612 186 609 Q 188 606 200 593 Q 212 580 214 576 Q 215 572 216 572 Q 217 572 218 571 Q 220 569 221 569 L 222 569 L 222 567 L 222 565 L 223 565 L 223 564 L 223 564 L 224 564 L 224 564 L 224 564 L 224 565 L 224 566 L 225 566 L 226 566 L 226 564 L 226 561 L 225 554 Q 224 547 224 536 L 224 524 L 224 524 L 224 523 L 224 520 Q 224 517 225 514 Q 226 511 227 506 L 228 500 L 229 498 L 229 496 L 230 496 L 231 496 L 232 496 L 234 496 L 236 497 L 237 497 L 237 498 Q 238 499 238 499 L 238 500 L 238 500 L 238 500 L 239 500 L 239 500 L 240 501 L 241 502 L 241 502 L 242 502 L 242 502 L 242 502 L 242 503 L 242 503 L 243 504 L 243 505 L 244 505 L 245 505 L 245 504 L 245 503 L 246 503 L 248 503 L 248 502 Q 248 501 246 500 Q 245 500 246 499 Q 246 498 250 497 Q 253 495 253 496 Q 253 497 254 497 Q 256 496 257 495 Q 258 493 261 480 z 
'/>
<path style='opacity:1;fill:#4A3C17;fill-rule:evenodd;stroke:#4A3C17;stroke-width:1px;stroke-linecap:butt;stroke-linejoin:miter;stroke-opacity:1;' d='M 637 466 L 637 465 L 640 465 Q 642 465 642 466 Q 641 468 645 467 Q 648 467 649 466 Q 650 466 650 466 L 650 466 L 652 465 L 653 465 L 656 465 Q 659 465 660 467 Q 660 468 662 469 Q 664 470 663 470 Q 662 470 664 471 Q 665 471 665 472 Q 665 474 666 474 Q 667 474 668 477 Q 670 480 670 481 L 671 481 L 670 484 Q 668 488 666 489 Q 664 490 663 492 L 663 493 L 662 493 L 661 492 L 661 492 L 660 492 L 660 492 L 660 492 L 660 493 L 660 493 L 660 495 L 660 497 L 660 497 L 660 498 L 660 498 L 660 498 L 661 498 L 661 499 L 661 500 Q 660 500 660 502 L 660 505 L 659 505 L 659 506 L 658 506 L 657 506 L 655 507 L 653 507 L 653 506 L 652 505 L 652 505 L 652 504 L 652 504 L 652 504 L 651 502 L 651 501 L 651 500 Q 650 499 651 498 L 651 496 L 649 496 Q 647 496 646 494 Q 646 493 640 491 L 634 489 L 634 489 L 634 488 L 636 488 L 637 488 L 636 487 L 635 486 L 635 486 L 634 486 L 634 486 Q 634 486 632 485 Q 631 484 631 483 L 631 481 L 630 481 L 629 480 L 629 480 L 630 480 L 630 480 Q 630 480 633 478 Q 636 477 636 476 Q 636 475 635 476 Q 634 476 633 473 L 632 470 L 635 470 Q 638 470 638 469 Q 638 468 637 468 Q 636 468 636 467 Q 636 466 637 466 z 
'/>
<path style='opacity:1;fill:#3B2A0C;fill-rule:evenodd;stroke:#3B2A0C;stroke-width:1px;stroke-linecap:butt;stroke-linejoin:miter;stroke-opacity:1;' d='M 795 467 L 795 467 L 795 467 L 796 467 L 796 470 Q 796 474 798 474 Q 800 474 800 476 Q 800 477 799 477 L 798 478 L 797 478 Q 796 478 797 479 L 798 479 L 798 480 L 798 481 L 797 481 L 796 482 L 794 482 Q 793 482 792 481 Q 792 480 791 482 Q 790 483 788 484 Q 785 484 785 483 Q 785 482 780 483 L 775 484 L 775 485 L 774 486 L 774 486 L 774 486 L 774 487 L 774 487 L 774 487 L 773 488 L 773 488 L 772 488 L 772 486 L 772 485 L 772 484 L 772 483 L 773 482 L 774 481 L 774 480 L 774 478 L 773 478 L 772 478 L 772 476 L 772 474 L 773 474 L 774 474 L 780 474 Q 787 474 788 474 Q 790 473 790 472 Q 790 470 792 470 Q 794 469 794 468 Q 794 467 795 467 z 
'/>
<path style='opacity:1;fill:#C07219;fill-rule:evenodd;stroke:#C07219;stroke-width:1px;stroke-linecap:butt;stroke-linejoin:miter;stroke-opacity:1;' d='M 414 184 L 414 182 L 419 186 Q 424 191 425 199 Q 426 207 426 209 Q 426 211 428 212 Q 430 213 430 214 Q 430 215 439 221 Q 448 226 450 227 Q 451 227 452 228 Q 452 230 454 230 Q 457 230 457 230 L 458 230 L 458 230 L 458 230 L 458 231 L 458 231 L 459 231 L 459 232 L 459 232 L 460 232 L 460 233 L 460 234 L 461 234 L 461 235 L 461 236 Q 462 238 461 243 Q 460 248 456 251 Q 452 254 446 256 Q 439 258 433 260 L 427 261 L 426 261 Q 425 260 418 258 L 410 256 L 410 255 Q 410 254 405 252 L 400 249 L 400 249 L 400 248 L 400 248 L 400 248 L 400 246 L 400 245 L 401 244 Q 402 244 402 243 L 402 243 L 402 243 L 402 243 L 403 242 Q 403 241 404 241 L 406 240 L 406 240 L 406 240 L 405 240 L 405 240 L 405 239 L 406 239 L 406 238 Q 406 237 404 237 Q 402 237 402 236 Q 402 234 404 233 Q 406 232 403 229 Q 400 226 400 221 Q 400 216 403 211 Q 406 206 408 205 L 410 204 L 410 204 L 410 204 L 411 204 L 411 204 L 411 203 L 412 203 L 412 201 L 412 199 L 412 198 Q 412 196 410 192 Q 410 187 409 185 Q 409 182 410 182 Q 410 181 411 181 Q 412 181 413 183 Q 414 185 414 184 z 
'/>
<path style='opacity:1;fill:#735910;fill-rule:evenodd;stroke:#735910;stroke-width:1px;stroke-linecap:butt;stroke-linejoin:miter;stroke-opacity:1;' d='M 718 523 L 719 523 L 718 526 Q 718 528 717 528 Q 716 529 716 533 Q 716 537 716 539 Q 716 542 718 542 Q 720 542 719 544 Q 718 546 720 546 Q 722 546 722 547 L 722 547 L 720 547 Q 718 548 716 548 Q 714 548 714 549 Q 714 550 710 550 Q 706 550 703 548 L 700 546 L 700 546 L 700 546 L 699 545 Q 698 544 697 544 Q 696 543 696 542 L 696 541 L 695 541 L 695 540 L 694 540 L 693 540 L 693 539 L 692 539 L 692 539 L 692 538 L 692 538 L 692 538 L 691 538 L 691 538 L 691 537 L 692 537 L 692 536 L 692 535 L 693 535 L 694 536 L 694 536 L 694 536 L 695 536 L 695 536 L 695 535 L 696 535 L 696 535 L 696 534 L 700 534 Q 703 533 705 531 Q 707 528 710 529 Q 712 530 714 528 Q 716 526 716 526 L 716 525 L 716 524 Q 717 523 718 523 z 
'/>
<path style='opacity:1;fill:#604E1A;fill-rule:evenodd;stroke:#604E1A;stroke-width:1px;stroke-linecap:butt;stroke-linejoin:miter;stroke-opacity:1;' d='M 688 480 L 690 480 L 690 481 L 690 481 L 690 482 L 690 482 L 690 486 Q 688 489 688 490 L 688 492 L 688 493 L 688 494 L 687 494 L 687 494 L 684 494 Q 682 494 678 495 Q 675 496 675 497 Q 675 498 673 498 Q 671 498 668 498 L 666 500 L 664 499 L 661 499 L 661 498 L 660 498 L 660 498 L 660 498 L 660 497 L 660 497 L 660 495 L 660 493 L 660 493 L 660 492 L 660 492 L 660 492 L 661 492 L 661 492 L 662 493 L 663 493 L 663 492 Q 664 490 666 489 Q 668 488 670 484 L 671 481 L 672 480 Q 673 480 674 480 Q 676 482 681 480 Q 686 480 688 480 z 
'/>
<path style='opacity:1;fill:#97772D;fill-rule:evenodd;stroke:#97772D;stroke-width:1px;stroke-linecap:butt;stroke-linejoin:miter;stroke-opacity:1;' d='M 292 173 L 293 173 L 292 176 Q 290 179 290 180 L 290 182 L 289 182 L 289 182 L 289 183 L 288 183 L 288 184 L 288 185 L 288 186 L 288 186 L 288 186 L 288 186 L 288 187 L 288 187 L 287 188 L 287 189 L 287 190 Q 286 190 282 196 L 278 201 L 278 201 Q 277 202 277 202 L 277 202 L 276 202 Q 276 202 275 204 L 274 204 L 274 205 L 274 205 L 273 205 L 273 205 L 273 204 L 274 203 L 274 202 L 274 200 L 274 199 L 274 198 L 276 191 Q 278 184 280 183 Q 282 182 284 179 Q 285 176 287 174 Q 289 172 290 172 Q 291 172 292 173 z 
'/>
<path style='opacity:1;fill:#6B4313;fill-rule:evenodd;stroke:#6B4313;stroke-width:1px;stroke-linecap:butt;stroke-linejoin:miter;stroke-opacity:1;' d='M 494 629 L 495 629 L 494 631 Q 493 632 492 633 L 491 634 L 491 634 L 492 634 L 492 634 L 492 634 L 493 635 L 494 636 L 495 636 L 496 636 L 496 637 L 496 637 L 498 638 Q 500 638 500 639 Q 500 640 499 640 L 499 641 L 496 644 Q 492 646 488 654 Q 484 662 484 662 Q 484 663 483 664 L 483 664 L 483 664 Q 482 664 482 664 L 482 665 L 481 665 Q 480 664 478 664 Q 477 664 468 669 Q 458 673 449 680 L 439 686 L 438 686 Q 437 686 436 687 L 434 688 L 434 688 L 434 688 L 432 688 L 431 688 L 431 688 L 430 688 L 430 688 Q 430 688 431 687 Q 432 686 432 684 L 431 682 L 430 682 Q 429 682 428 683 L 426 684 L 426 684 L 426 684 L 425 684 L 425 684 L 424 684 L 424 684 L 423 684 L 422 684 L 422 683 L 422 683 L 421 683 L 421 683 L 421 682 L 422 682 L 422 682 L 422 682 L 422 681 L 422 681 L 423 681 L 423 680 L 424 680 L 425 680 L 425 679 L 426 679 L 426 679 L 426 678 L 426 678 L 426 678 L 427 678 L 427 678 L 427 677 Q 428 677 434 672 L 440 666 L 440 666 Q 441 666 441 665 L 441 665 L 442 665 L 443 664 L 443 664 L 444 664 L 452 658 Q 460 651 466 648 Q 471 644 477 641 Q 484 637 484 636 Q 484 635 485 635 Q 486 634 486 634 L 486 634 L 487 634 L 488 634 L 488 633 L 488 633 L 489 633 L 489 632 L 489 632 L 489 632 L 491 631 Q 493 630 494 629 z 
'/>
<path style='opacity:1;fill:#4C3A13;fill-rule:evenodd;stroke:#4C3A13;stroke-width:1px;stroke-linecap:butt;stroke-linejoin:miter;stroke-opacity:1;' d='M 645 514 L 645 514 L 646 514 L 647 514 L 647 514 L 648 514 L 648 515 L 648 516 L 664 517 Q 679 518 680 518 Q 681 518 682 518 Q 684 518 684 519 Q 684 520 685 520 L 685 520 L 686 520 L 687 520 L 687 521 L 687 521 L 687 521 Q 687 522 682 522 Q 678 524 668 524 L 659 524 L 656 525 L 654 526 L 656 526 Q 659 526 659 527 Q 659 528 658 528 Q 656 528 654 529 L 653 530 L 653 530 L 652 530 L 652 532 L 652 533 L 652 534 L 652 534 L 652 534 L 652 534 L 652 535 L 652 535 L 653 535 L 653 536 L 653 536 L 654 536 L 654 537 L 654 538 L 655 536 Q 655 535 656 535 L 658 535 L 658 536 L 658 536 L 657 537 L 656 538 L 656 538 L 656 538 L 656 539 L 656 539 L 656 540 L 656 541 L 656 541 L 656 542 L 656 542 L 656 542 L 655 542 L 655 542 L 655 541 L 654 541 L 654 541 L 654 540 L 654 540 Q 654 540 649 540 Q 644 540 643 540 L 642 539 L 641 539 L 641 540 L 640 540 L 639 540 L 639 542 L 639 544 L 638 544 Q 636 544 633 543 L 630 543 L 630 542 Q 630 541 629 538 Q 629 536 628 536 Q 627 536 626 534 Q 626 531 627 530 Q 628 530 628 529 Q 628 528 625 528 L 622 528 L 622 527 L 622 527 L 621 527 L 621 526 L 621 526 L 620 526 L 620 525 L 620 524 L 624 523 Q 629 522 634 521 Q 640 519 641 518 Q 643 518 643 516 Q 643 514 644 514 L 644 514 L 644 514 L 644 514 L 645 514 z 
'/>
<path style='opacity:1;fill:#967114;fill-rule:evenodd;stroke:#967114;stroke-width:1px;stroke-linecap:butt;stroke-linejoin:miter;stroke-opacity:1;' d='M 758 573 L 758 572 L 762 573 Q 765 574 766 574 Q 766 574 772 575 L 777 576 L 777 576 L 778 576 L 778 576 L 778 576 L 780 575 L 783 574 L 783 574 L 783 574 L 784 574 Q 786 574 787 575 L 788 575 L 790 576 Q 792 577 791 578 L 791 580 L 792 580 L 794 580 L 794 582 L 794 583 L 793 584 L 793 585 L 792 585 Q 790 586 790 588 L 789 590 L 789 590 L 789 590 L 788 590 Q 788 590 786 591 Q 784 592 782 593 Q 781 595 780 595 Q 778 596 777 597 Q 776 598 774 596 L 773 594 L 773 593 L 772 593 L 772 593 L 772 593 L 771 593 Q 770 594 768 595 Q 765 596 765 594 Q 765 593 764 594 Q 762 594 761 594 Q 760 593 759 593 Q 758 592 754 591 L 750 589 L 750 588 L 750 588 L 749 588 L 749 588 L 745 588 Q 741 588 740 588 Q 739 590 735 588 Q 731 588 732 587 Q 733 587 732 586 Q 732 584 728 584 L 723 584 L 722 583 L 720 583 L 720 582 L 720 581 L 721 581 L 721 580 L 721 580 L 722 580 L 722 580 L 722 580 L 722 579 L 722 579 L 722 578 L 722 578 L 722 578 L 722 578 L 721 577 L 720 576 L 722 576 L 723 576 L 724 576 Q 725 576 725 575 L 726 575 L 727 576 Q 728 576 728 577 Q 729 578 730 577 Q 731 577 731 578 Q 731 579 732 579 Q 733 579 734 577 Q 734 575 738 573 Q 741 572 742 574 Q 742 577 746 577 Q 750 577 750 576 Q 750 575 754 574 Q 758 574 758 573 z 
'/>
<path style='opacity:1;fill:#784719;fill-rule:evenodd;stroke:#784719;stroke-width:1px;stroke-linecap:butt;stroke-linejoin:miter;stroke-opacity:1;' d='M 184 909 L 193 904 L 193 906 Q 192 907 189 911 Q 185 916 185 916 L 184 916 L 184 916 L 184 916 L 184 917 L 184 917 L 183 918 L 182 919 L 182 919 L 182 920 L 182 920 L 182 920 L 181 920 L 181 920 L 181 921 L 180 921 L 180 922 L 180 922 L 176 925 Q 173 928 172 928 L 171 928 L 171 928 Q 170 928 170 927 Q 170 926 172 925 L 174 924 L 174 922 L 174 921 L 175 921 Q 175 920 176 919 Q 176 918 174 918 L 172 917 L 172 917 Q 171 916 171 916 L 170 916 L 170 916 L 170 916 L 171 915 L 172 914 L 173 914 Q 174 914 184 909 z 
'/>
<path style='opacity:1;fill:#8D6F18;fill-rule:evenodd;stroke:#8D6F18;stroke-width:1px;stroke-linecap:butt;stroke-linejoin:miter;stroke-opacity:1;' d='M 700 520 L 700 520 L 700 520 L 700 520 L 709 521 Q 718 522 716 523 Q 715 524 716 525 L 716 525 L 716 526 Q 716 526 714 528 Q 712 530 710 529 Q 707 528 705 531 Q 703 533 700 534 L 696 534 L 696 535 L 696 535 L 695 535 L 695 536 L 695 536 L 694 536 L 694 536 L 694 536 L 693 535 L 692 535 L 692 536 L 692 537 L 691 537 L 691 538 L 691 538 L 692 538 L 692 538 L 692 538 L 692 539 L 692 539 L 693 539 L 693 540 L 694 540 L 695 540 L 695 541 L 696 541 L 696 542 Q 696 543 697 544 Q 698 544 699 545 L 700 546 L 700 546 L 700 546 L 700 547 L 700 548 L 699 548 L 699 548 L 699 549 L 700 549 L 700 550 L 700 551 L 695 551 Q 690 552 688 552 L 686 552 L 686 553 L 686 553 L 685 554 L 685 555 L 684 555 L 682 555 L 682 555 Q 681 554 678 553 L 674 552 L 674 552 Q 673 552 673 553 Q 672 553 670 554 L 667 555 L 667 554 Q 667 552 666 552 Q 664 552 665 550 Q 666 547 663 548 Q 660 548 660 542 L 660 535 L 659 535 L 658 535 L 656 535 Q 655 535 655 536 L 654 538 L 654 537 L 654 536 L 653 536 L 653 536 L 653 535 L 652 535 L 652 535 L 652 534 L 652 534 L 652 534 L 652 534 L 652 533 L 652 532 L 652 530 L 653 530 L 653 530 L 654 529 Q 656 528 658 528 Q 659 528 659 527 Q 659 526 656 526 L 654 526 L 656 525 L 659 524 L 668 524 Q 678 524 682 522 Q 687 522 687 521 L 687 521 L 690 521 L 694 520 L 697 520 Q 700 520 700 520 z 
'/>
<path style='opacity:1;fill:#483513;fill-rule:evenodd;stroke:#483513;stroke-width:1px;stroke-linecap:butt;stroke-linejoin:miter;stroke-opacity:1;' d='M 156 490 L 157 490 L 157 490 Q 157 490 158 491 L 158 491 L 158 494 Q 157 496 158 497 Q 160 497 160 502 Q 160 506 163 514 Q 166 523 165 524 L 165 526 L 164 526 Q 162 526 162 527 Q 161 528 160 528 Q 159 528 158 530 Q 158 532 156 532 Q 155 532 153 532 L 151 532 L 151 533 L 151 534 L 150 534 L 149 534 L 149 533 L 150 532 L 150 532 L 150 532 L 150 531 L 150 531 L 149 531 L 149 530 L 148 530 L 147 530 L 147 530 L 147 530 L 148 529 Q 149 529 149 525 Q 150 521 148 516 Q 148 510 147 505 Q 146 500 145 500 Q 144 500 144 498 L 144 496 L 144 496 Q 144 495 145 492 L 146 489 L 146 490 L 146 492 L 147 492 L 147 492 L 148 490 Q 150 488 152 488 Q 154 488 155 488 Q 156 490 156 490 z 
'/>
<path style='opacity:1;fill:#996C1A;fill-rule:evenodd;stroke:#996C1A;stroke-width:1px;stroke-linecap:butt;stroke-linejoin:miter;stroke-opacity:1;' d='M 152 630 L 152 630 L 153 630 L 153 630 L 153 631 Q 154 632 153 634 L 153 636 L 154 636 L 155 636 L 155 638 L 155 639 L 148 642 Q 140 644 133 645 Q 126 646 126 647 Q 125 648 122 650 Q 119 650 118 651 L 117 651 L 117 650 Q 118 650 118 649 Q 118 648 117 648 L 116 648 L 116 648 L 116 648 L 115 646 L 115 644 L 114 644 L 113 644 L 112 644 L 111 644 L 111 644 L 110 644 L 110 642 L 110 639 L 112 639 L 114 638 L 114 638 L 114 638 L 124 637 Q 133 636 140 635 Q 148 634 148 633 Q 148 632 150 631 Q 152 630 152 630 z 
'/>
<path style='opacity:1;fill:#3D361C;fill-rule:evenodd;stroke:#3D361C;stroke-width:1px;stroke-linecap:butt;stroke-linejoin:miter;stroke-opacity:1;' d='M 214 429 L 214 428 L 215 428 L 216 428 L 216 429 L 216 430 L 216 431 L 216 432 L 216 434 L 216 437 L 216 437 L 216 438 L 216 438 L 217 438 L 217 439 L 216 440 L 216 440 L 216 440 L 216 441 L 216 441 L 215 441 Q 215 442 215 442 L 216 442 L 216 443 L 216 444 L 215 444 L 215 444 L 209 445 Q 203 446 202 446 L 201 446 L 198 446 Q 194 446 184 445 Q 174 444 173 442 L 172 440 L 172 440 Q 172 439 171 439 L 171 439 L 171 436 Q 171 433 170 433 L 169 432 L 169 432 L 168 432 L 168 431 L 168 430 L 167 430 L 167 430 L 167 429 L 168 429 L 168 429 L 168 429 L 170 429 Q 172 429 173 428 Q 173 426 176 426 Q 180 425 179 424 Q 178 424 181 423 Q 184 423 184 424 Q 184 425 188 426 Q 192 426 192 428 Q 192 428 202 429 Q 213 430 213 430 Q 214 430 214 429 z 
'/>
<path style='opacity:1;fill:#B66719;fill-rule:evenodd;stroke:#B66719;stroke-width:1px;stroke-linecap:butt;stroke-linejoin:miter;stroke-opacity:1;' d='M 346 275 L 346 271 L 348 272 Q 350 273 350 278 Q 350 284 351 284 L 351 285 L 351 285 Q 350 285 350 288 Q 349 291 348 292 Q 346 292 347 294 Q 348 296 346 296 Q 343 296 343 295 Q 342 294 339 296 Q 335 298 330 298 L 325 298 L 325 298 Q 325 298 326 297 L 328 296 L 330 296 Q 332 296 332 295 L 332 294 L 333 294 L 334 294 L 334 293 L 334 292 L 334 291 L 334 290 L 334 290 L 334 290 L 333 290 L 332 290 L 330 290 L 328 290 L 326 291 L 325 291 L 325 291 L 325 290 L 325 290 L 326 290 L 328 288 Q 330 287 330 287 L 330 286 L 326 286 L 322 286 L 322 285 L 322 285 L 321 284 L 321 283 L 322 283 L 323 284 L 323 284 L 324 284 L 324 284 L 324 284 L 330 284 Q 337 282 338 282 Q 338 282 338 281 L 339 281 L 340 281 Q 341 281 341 279 Q 340 277 343 278 Q 346 278 346 275 z 
'/>
<path style='opacity:1;fill:#88581D;fill-rule:evenodd;stroke:#88581D;stroke-width:1px;stroke-linecap:butt;stroke-linejoin:miter;stroke-opacity:1;' d='M 277 201 L 278 201 L 280 202 Q 281 202 280 210 Q 279 218 278 218 Q 277 218 277 219 Q 277 220 274 222 Q 272 225 270 228 Q 270 231 269 234 L 269 237 L 268 239 Q 266 242 265 242 Q 264 242 264 250 Q 263 258 260 258 Q 256 258 256 260 L 256 261 L 255 261 L 255 262 L 255 262 L 254 262 L 254 262 L 254 262 L 254 263 L 254 263 L 253 264 L 252 266 L 252 265 L 252 264 L 251 265 L 250 266 L 250 266 L 250 266 L 250 259 Q 250 252 251 248 L 252 244 L 252 243 Q 252 242 254 238 Q 254 233 256 229 L 258 225 L 259 224 L 260 223 L 260 222 L 260 222 L 260 222 Q 260 222 266 213 L 273 205 L 273 205 L 274 205 L 274 205 L 274 204 L 275 203 Q 276 201 277 201 z 
'/>
<path style='opacity:1;fill:#80511D;fill-rule:evenodd;stroke:#80511D;stroke-width:1px;stroke-linecap:butt;stroke-linejoin:miter;stroke-opacity:1;' d='M 149 922 L 153 921 L 154 921 Q 155 921 148 930 Q 140 940 138 940 Q 136 940 135 942 Q 134 944 134 944 L 134 945 L 134 945 L 134 946 L 134 946 L 134 946 L 133 947 L 132 948 L 132 949 L 132 950 L 132 950 L 132 950 L 131 950 L 131 950 L 131 951 L 130 951 L 130 951 L 130 952 L 129 952 L 128 952 L 128 953 L 128 953 L 127 952 L 127 951 L 126 951 L 124 951 L 124 950 L 124 948 L 125 948 L 125 948 L 125 947 L 125 947 L 125 946 L 126 945 L 126 944 L 126 943 L 127 943 L 127 942 L 127 942 L 128 942 L 128 941 Q 128 940 129 939 Q 130 938 133 935 Q 136 932 137 930 Q 138 929 140 928 Q 142 926 144 925 Q 146 924 149 922 z 
M 147 925 Q 148 925 148 925 Q 148 926 148 926 Q 147 926 147 925 z 
'/>
<path style='opacity:1;fill:#854D10;fill-rule:evenodd;stroke:#854D10;stroke-width:1px;stroke-linecap:butt;stroke-linejoin:miter;stroke-opacity:1;' d='M 488 987 L 488 987 L 488 990 Q 488 992 489 992 Q 490 992 491 993 L 492 994 L 493 994 Q 494 995 495 996 L 495 996 L 493 997 Q 492 998 493 1000 Q 495 1002 495 1003 L 496 1003 L 496 1003 L 496 1004 L 497 1006 Q 498 1009 498 1009 L 498 1009 L 498 1008 Q 498 1008 497 1008 L 497 1008 L 497 1008 Q 496 1007 496 1007 L 496 1007 L 496 1007 Q 495 1006 494 1006 Q 494 1005 490 1004 Q 487 1004 486 1006 Q 486 1008 481 1008 L 476 1007 L 476 1007 L 476 1006 L 478 1006 Q 480 1006 480 1004 Q 479 1002 474 1000 L 469 997 L 468 997 Q 468 996 467 996 L 466 994 L 465 994 L 464 994 L 464 993 L 464 992 L 463 992 L 463 992 L 463 991 L 462 991 L 462 990 L 462 989 L 463 988 L 463 987 L 464 987 L 465 986 L 465 986 L 465 986 L 476 986 Q 487 986 488 987 z 
'/>
<path style='opacity:1;fill:#431B0D;fill-rule:evenodd;stroke:#431B0D;stroke-width:1px;stroke-linecap:butt;stroke-linejoin:miter;stroke-opacity:1;' d='M 422 263 L 424 263 L 424 263 L 424 263 L 425 263 L 425 264 L 436 264 Q 447 266 448 266 L 449 266 L 449 268 Q 449 269 450 269 L 452 270 L 452 270 L 452 270 L 452 270 L 452 271 L 452 272 Q 452 273 450 276 L 448 278 L 447 278 L 446 278 L 446 279 L 446 279 L 445 279 L 445 280 L 445 280 L 445 280 L 444 280 Q 444 280 444 281 L 444 281 L 442 281 Q 440 282 434 282 Q 427 282 417 282 L 407 282 L 407 282 L 406 282 L 406 282 L 406 282 L 406 281 L 406 281 L 405 281 L 405 281 L 405 280 L 405 280 L 405 278 L 404 277 L 404 277 L 404 277 L 404 276 L 404 275 L 403 274 L 403 273 L 403 273 L 404 273 L 404 273 L 404 272 L 410 272 Q 415 270 416 270 L 417 270 L 419 270 Q 420 269 420 267 Q 419 266 418 265 Q 417 265 418 264 Q 418 264 418 264 Q 419 264 422 263 z 
'/>
<path style='opacity:1;fill:#57440F;fill-rule:evenodd;stroke:#57440F;stroke-width:1px;stroke-linecap:butt;stroke-linejoin:miter;stroke-opacity:1;' d='M 771 485 L 771 485 L 770 490 Q 770 494 768 498 Q 767 502 766 502 Q 764 502 764 504 Q 764 506 762 507 Q 760 508 761 512 Q 761 516 758 517 Q 754 518 755 519 Q 756 519 756 524 Q 756 528 757 528 Q 758 529 758 528 Q 758 527 759 532 Q 759 538 759 538 L 758 538 L 758 538 L 758 538 L 758 539 L 758 539 L 758 540 L 758 541 L 758 542 L 758 543 L 760 543 L 763 543 L 763 544 L 763 544 L 762 544 L 760 544 L 760 545 L 760 546 L 759 546 Q 758 546 756 548 Q 755 550 752 551 L 748 552 L 748 552 L 748 552 L 746 552 Q 745 552 742 553 L 740 553 L 739 553 Q 738 553 738 552 Q 738 551 730 549 L 722 547 L 722 547 Q 722 546 720 546 Q 718 546 719 544 Q 720 542 718 542 Q 716 542 716 539 Q 716 537 716 533 Q 716 529 717 528 Q 718 528 718 526 L 718 524 L 718 524 Q 718 524 719 524 L 719 523 L 720 522 Q 722 522 725 521 Q 728 520 728 517 Q 729 514 729 512 Q 729 512 730 510 Q 730 509 732 509 Q 733 509 734 507 Q 736 505 736 504 L 736 504 L 738 503 Q 740 502 741 500 Q 741 498 746 496 Q 752 494 755 493 Q 759 492 761 492 Q 763 491 763 490 Q 763 489 764 489 L 765 488 L 765 488 L 766 488 L 766 487 L 766 486 L 767 486 L 767 486 L 768 485 L 768 485 L 770 485 Q 771 484 771 485 z 
'/>
<path style='opacity:1;fill:#322D10;fill-rule:evenodd;stroke:#322D10;stroke-width:1px;stroke-linecap:butt;stroke-linejoin:miter;stroke-opacity:1;' d='M 747 357 L 748 356 L 748 357 Q 748 358 749 358 L 750 358 L 750 358 Q 750 359 751 358 L 751 358 L 752 358 Q 752 357 753 358 Q 754 358 754 360 Q 754 362 753 364 Q 752 365 753 366 L 754 368 L 754 369 L 754 370 L 755 370 L 755 370 L 756 371 Q 758 372 758 370 Q 759 368 760 368 L 761 368 L 761 370 Q 761 372 763 372 Q 764 373 765 374 Q 765 376 766 376 Q 768 376 769 375 L 770 375 L 770 376 L 770 376 L 770 376 L 770 377 L 770 380 Q 770 382 768 385 Q 766 388 767 388 Q 768 387 769 390 Q 770 393 771 395 L 772 397 L 772 397 L 772 398 L 772 398 L 772 398 L 773 398 L 773 398 L 773 397 L 774 397 L 774 398 L 774 399 L 775 400 L 775 401 L 774 401 L 773 402 L 773 402 L 772 402 L 772 402 L 772 402 L 772 401 Q 772 401 771 401 Q 771 400 768 400 Q 766 400 764 401 Q 762 402 762 405 Q 761 408 760 408 Q 759 408 759 407 Q 759 406 756 406 Q 753 405 753 407 Q 753 409 751 408 Q 749 408 749 410 Q 749 411 746 410 Q 742 409 742 411 Q 741 413 738 414 Q 734 414 731 414 Q 728 414 726 415 L 723 415 L 722 415 L 722 414 L 722 414 L 722 414 L 723 412 L 723 410 L 722 410 Q 721 410 720 410 L 719 410 L 719 410 L 719 410 L 719 410 L 720 410 L 720 409 L 720 408 L 721 405 Q 722 402 722 400 Q 721 399 722 400 Q 724 400 725 397 Q 727 394 728 395 Q 729 395 729 394 Q 729 392 732 392 Q 736 391 738 390 Q 741 388 742 388 L 744 388 L 744 387 L 744 387 L 744 386 L 744 386 L 744 386 Q 744 386 742 382 Q 740 378 742 377 Q 743 376 744 374 Q 746 372 747 370 Q 748 368 748 363 L 747 358 L 747 357 z 
'/>
<path style='opacity:1;fill:#764213;fill-rule:evenodd;stroke:#764213;stroke-width:1px;stroke-linecap:butt;stroke-linejoin:miter;stroke-opacity:1;' d='M 553 983 L 551 980 L 556 981 Q 560 982 563 982 L 566 982 L 567 983 Q 568 984 570 984 L 571 984 L 580 988 Q 589 992 590 992 L 590 992 L 591 992 Q 592 992 592 994 Q 592 995 590 995 L 587 995 L 587 994 L 587 993 L 583 993 Q 579 992 572 990 L 564 988 L 562 988 L 560 988 L 560 988 Q 560 987 557 986 Q 555 986 553 983 z 
'/>
<path style='opacity:1;fill:#8B4C14;fill-rule:evenodd;stroke:#8B4C14;stroke-width:1px;stroke-linecap:butt;stroke-linejoin:miter;stroke-opacity:1;' d='M 320 524 L 326 520 L 326 520 L 326 520 L 326 521 L 326 521 L 327 521 L 327 522 L 328 522 L 329 522 L 330 523 L 331 524 L 331 524 L 332 524 L 332 524 L 332 524 L 333 525 L 334 526 L 336 526 Q 338 526 339 526 L 339 527 L 332 528 Q 324 529 325 531 Q 325 532 322 534 Q 319 536 320 536 Q 321 536 321 537 Q 321 538 318 538 Q 315 538 313 540 Q 311 540 311 542 Q 311 542 311 543 Q 310 543 310 545 L 310 547 L 309 548 L 309 549 L 308 549 L 306 549 L 306 550 L 306 551 L 306 551 L 306 551 L 306 549 L 306 547 L 306 542 L 306 536 L 306 536 Q 307 536 307 535 L 307 535 L 307 534 Q 308 534 311 531 Q 314 528 320 524 z 
'/>
<path style='opacity:1;fill:#41190F;fill-rule:evenodd;stroke:#41190F;stroke-width:1px;stroke-linecap:butt;stroke-linejoin:miter;stroke-opacity:1;' d='M 270 319 L 272 316 L 273 316 Q 273 316 274 317 L 274 317 L 274 321 Q 275 325 277 326 Q 278 326 279 328 Q 280 329 278 331 Q 276 333 274 336 Q 274 340 274 344 Q 274 347 273 350 Q 272 353 270 352 Q 268 352 268 352 L 268 352 L 268 352 Q 267 352 264 348 Q 262 344 260 344 Q 258 344 257 340 L 256 335 L 255 334 L 254 333 L 254 333 L 254 332 L 254 332 L 254 332 L 254 331 L 254 330 L 254 330 L 254 330 L 254 330 L 254 329 L 255 329 L 255 328 L 260 329 Q 264 330 264 329 L 264 329 L 265 329 L 265 330 L 265 330 L 266 330 L 266 329 Q 266 328 265 325 Q 265 322 266 322 Q 267 322 270 319 z 
'/>
<path style='opacity:1;fill:#CD8A26;fill-rule:evenodd;stroke:#CD8A26;stroke-width:1px;stroke-linecap:butt;stroke-linejoin:miter;stroke-opacity:1;' d='M 332 528 L 339 527 L 340 527 L 342 527 L 343 528 Q 344 528 343 531 Q 342 534 342 536 L 342 538 L 341 538 L 341 538 L 341 539 L 340 539 L 340 540 L 340 540 L 340 542 Q 339 544 338 544 Q 337 544 336 545 Q 336 546 335 547 Q 334 547 334 548 Q 335 548 336 548 Q 337 548 336 551 Q 334 554 331 554 Q 328 554 327 555 Q 325 556 325 558 Q 324 560 324 560 L 324 560 L 324 560 L 323 560 L 323 560 Q 322 559 322 558 Q 322 557 316 557 L 310 557 L 310 556 Q 310 555 309 555 L 308 555 L 307 555 L 306 555 L 306 554 L 306 552 L 306 552 L 306 551 L 306 550 L 306 549 L 308 549 L 309 549 L 309 548 L 310 547 L 310 545 Q 310 543 311 543 Q 311 542 311 542 Q 311 540 313 540 Q 315 538 318 538 Q 321 538 321 537 Q 321 536 320 536 Q 319 536 322 534 Q 325 532 325 531 Q 324 529 332 528 z 
'/>
<path style='opacity:1;fill:#E89D2C;fill-rule:evenodd;stroke:#E89D2C;stroke-width:1px;stroke-linecap:butt;stroke-linejoin:miter;stroke-opacity:1;' d='M 440 295 L 440 294 L 444 294 L 447 294 L 447 295 L 446 296 L 446 296 L 446 296 L 446 297 L 446 297 L 445 297 L 445 298 L 445 298 L 444 298 L 444 298 L 444 298 L 444 300 Q 443 302 442 302 Q 441 302 440 307 Q 438 312 437 315 Q 436 319 435 319 Q 434 319 434 322 Q 433 326 432 326 Q 430 327 430 329 Q 430 331 429 331 Q 428 331 424 337 Q 420 343 419 345 L 418 347 L 418 347 L 418 348 L 417 348 L 416 348 L 416 349 L 416 349 L 415 350 L 415 351 L 414 351 L 413 352 L 413 352 L 413 352 L 412 352 Q 412 352 408 356 Q 403 358 399 360 L 395 360 L 392 361 L 390 361 L 390 360 Q 390 358 389 358 Q 388 358 388 352 L 387 346 L 387 344 Q 386 343 386 330 Q 386 316 385 316 Q 384 316 384 315 Q 385 314 384 310 Q 384 306 385 303 L 386 300 L 388 299 Q 390 298 395 298 Q 400 298 404 299 L 408 299 L 420 297 Q 433 296 435 295 L 437 295 L 437 295 L 437 296 L 438 296 L 439 296 L 439 295 L 440 295 L 440 295 z 
'/>
<path style='opacity:1;fill:#402715;fill-rule:evenodd;stroke:#402715;stroke-width:1px;stroke-linecap:butt;stroke-linejoin:miter;stroke-opacity:1;' d='M 113 766 L 116 762 L 115 769 Q 114 776 114 777 Q 114 778 113 779 Q 113 780 112 781 Q 110 782 111 786 Q 112 790 110 790 Q 108 790 108 792 L 108 795 L 108 796 Q 108 797 109 797 L 109 797 L 107 798 Q 105 798 105 800 L 105 802 L 104 802 Q 103 802 102 800 Q 102 798 98 798 L 95 798 L 95 797 L 94 797 L 94 798 Q 94 800 93 802 Q 92 804 92 806 L 92 807 L 91 807 L 91 808 L 89 808 Q 88 808 87 806 Q 86 805 76 810 Q 66 814 63 816 Q 60 819 59 820 Q 59 821 57 821 Q 55 820 54 821 L 53 821 L 53 821 L 52 821 L 52 820 Q 52 819 53 819 Q 53 818 50 818 Q 47 816 46 814 Q 44 812 44 810 Q 43 808 42 808 Q 41 808 41 807 Q 42 806 43 805 Q 44 804 45 800 Q 46 797 44 797 Q 44 797 44 794 Q 44 792 39 790 Q 34 787 36 785 Q 38 783 37 782 L 36 782 L 36 781 L 36 781 L 35 780 L 35 779 L 36 779 L 37 779 L 37 778 L 37 777 L 54 776 Q 70 774 78 775 Q 86 775 86 775 L 86 775 L 86 775 L 86 775 L 87 774 L 87 773 L 88 773 L 89 773 L 89 774 L 90 775 L 90 774 Q 90 773 93 772 Q 95 772 96 771 Q 96 770 97 770 Q 98 770 98 772 Q 98 774 99 773 Q 99 772 103 772 Q 107 772 108 771 Q 108 770 109 770 Q 110 770 113 766 z 
'/>
<path style='opacity:1;fill:#9F4D13;fill-rule:evenodd;stroke:#9F4D13;stroke-width:1px;stroke-linecap:butt;stroke-linejoin:miter;stroke-opacity:1;' d='M 344 1012 L 348 1012 L 350 1012 L 351 1012 L 351 1012 L 351 1012 L 351 1013 L 352 1013 L 352 1013 L 352 1014 L 354 1014 Q 356 1014 360 1019 Q 364 1024 370 1029 Q 377 1034 377 1035 L 377 1035 L 377 1036 L 378 1037 L 378 1038 L 378 1039 L 377 1039 L 377 1040 L 377 1040 L 378 1040 L 378 1040 L 378 1040 L 378 1041 L 378 1041 L 379 1041 L 379 1042 L 379 1042 L 380 1042 L 380 1042 L 380 1043 L 379 1043 Q 378 1042 376 1041 Q 373 1040 372 1040 L 370 1040 L 370 1040 Q 370 1039 363 1035 L 356 1030 L 355 1030 L 354 1030 L 354 1029 L 354 1029 L 353 1029 L 353 1028 L 353 1028 L 352 1028 L 352 1028 L 352 1028 L 350 1027 L 348 1027 L 348 1028 L 348 1029 L 349 1030 L 350 1031 L 350 1031 L 350 1032 L 350 1032 L 350 1032 L 351 1032 L 351 1032 L 352 1033 Q 352 1034 353 1034 L 353 1034 L 354 1035 Q 354 1036 354 1036 L 354 1036 L 355 1037 L 355 1038 L 356 1038 L 357 1038 L 357 1039 L 358 1039 L 358 1040 L 358 1041 L 357 1041 L 356 1040 L 356 1040 L 356 1040 L 355 1040 L 355 1040 L 355 1039 L 354 1039 L 354 1039 L 354 1038 L 354 1038 L 354 1038 L 353 1038 L 353 1038 L 353 1037 L 352 1037 L 352 1037 L 352 1036 L 351 1036 Q 350 1036 346 1032 L 341 1028 L 341 1028 L 341 1028 L 340 1027 L 339 1026 L 339 1026 Q 338 1026 338 1025 Q 338 1024 336 1024 L 335 1024 L 335 1022 L 334 1020 L 334 1020 L 334 1020 L 334 1019 L 334 1019 L 335 1018 L 336 1016 L 338 1014 Q 340 1012 344 1012 z 
'/>
<path style='opacity:1;fill:#462C11;fill-rule:evenodd;stroke:#462C11;stroke-width:1px;stroke-linecap:butt;stroke-linejoin:miter;stroke-opacity:1;' d='M 50 554 L 50 554 L 50 554 L 51 554 L 53 554 Q 55 554 55 552 L 55 551 L 56 551 L 57 551 L 58 552 Q 59 554 60 561 Q 62 568 62 572 L 62 575 L 63 577 L 63 579 L 62 581 Q 60 582 58 582 Q 56 582 56 583 Q 55 584 54 585 Q 53 587 52 587 Q 51 588 51 588 L 52 588 L 52 590 L 52 591 L 52 592 L 52 593 L 52 593 L 52 594 L 53 595 Q 54 596 54 596 L 54 596 L 54 597 Q 53 598 53 598 L 52 598 L 52 599 L 52 600 L 51 600 L 51 600 L 48 600 L 46 600 L 45 600 L 44 600 L 44 599 L 44 599 L 43 599 L 43 600 L 42 600 L 41 600 L 41 599 L 40 599 L 40 599 Q 40 598 42 598 Q 43 598 43 596 L 44 594 L 43 594 L 43 594 L 42 593 Q 40 592 38 592 Q 37 592 37 593 Q 37 594 36 594 Q 35 594 35 593 Q 35 592 33 592 L 31 592 L 31 592 L 31 592 L 31 592 Q 32 592 31 584 L 31 575 L 31 575 L 32 575 L 32 578 L 32 581 L 33 580 L 34 579 L 34 576 L 34 574 L 35 570 Q 36 565 36 565 Q 36 566 37 557 L 38 549 L 41 549 Q 44 549 44 550 Q 44 552 47 553 Q 50 554 50 554 z 
'/>
<path style='opacity:1;fill:#B5691B;fill-rule:evenodd;stroke:#B5691B;stroke-width:1px;stroke-linecap:butt;stroke-linejoin:miter;stroke-opacity:1;' d='M 293 296 L 293 295 L 295 295 Q 298 295 298 296 L 298 297 L 298 298 L 298 299 L 298 304 Q 299 308 300 309 Q 301 309 302 311 Q 302 312 304 313 Q 305 314 305 314 Q 305 316 304 316 Q 304 316 303 320 Q 302 323 302 330 L 302 337 L 302 338 L 302 339 L 303 339 L 303 340 L 302 340 L 301 340 L 300 339 L 299 339 L 299 338 L 298 337 L 298 337 L 298 338 L 298 338 L 298 338 L 297 339 L 296 340 L 296 340 L 296 340 L 296 339 L 296 339 L 295 338 L 294 337 L 294 337 L 294 337 L 294 336 Q 294 334 292 328 Q 292 323 290 310 L 289 297 L 289 297 L 290 297 L 290 298 L 290 300 L 291 302 L 292 304 L 292 300 Q 292 297 293 296 z 
'/>
<path style='opacity:1;fill:#3D361D;fill-rule:evenodd;stroke:#3D361D;stroke-width:1px;stroke-linecap:butt;stroke-linejoin:miter;stroke-opacity:1;' d='M 38 382 L 38 381 L 40 387 Q 42 394 42 399 Q 42 404 41 406 L 41 407 L 41 407 Q 40 407 40 408 L 40 408 L 40 408 Q 40 408 39 410 L 39 413 L 38 413 L 37 413 L 37 410 Q 36 406 36 404 Q 36 403 35 400 Q 34 398 31 396 Q 28 393 28 392 Q 28 391 30 390 L 32 389 L 32 389 L 32 388 L 32 388 L 32 388 L 32 387 L 32 386 L 32 385 Q 32 384 34 384 Q 37 384 38 382 z 
'/>
<path style='opacity:1;fill:#461D0D;fill-rule:evenodd;stroke:#461D0D;stroke-width:1px;stroke-linecap:butt;stroke-linejoin:miter;stroke-opacity:1;' d='M 532 490 L 533 487 L 534 487 L 535 487 L 535 488 L 535 490 L 536 490 L 537 490 L 537 489 L 537 489 L 539 488 Q 540 487 541 492 Q 542 498 543 498 Q 544 498 544 500 L 544 501 L 545 501 L 546 501 L 546 502 L 546 503 L 547 503 L 547 503 L 546 516 Q 544 529 543 529 Q 542 529 542 528 Q 541 528 540 534 Q 538 541 538 542 L 538 544 L 537 544 L 537 545 L 537 545 L 536 545 L 536 546 L 536 547 L 535 547 L 535 546 L 534 546 L 532 546 L 531 546 L 530 546 L 530 546 L 530 546 L 529 545 L 529 544 L 529 542 Q 529 540 526 540 L 522 539 L 522 538 L 522 537 L 523 537 L 523 536 L 524 536 Q 525 536 527 533 Q 528 531 529 529 Q 529 526 528 525 Q 527 523 526 523 Q 525 522 524 521 Q 523 519 520 519 Q 518 519 518 520 L 518 521 L 517 521 L 516 521 L 516 520 L 516 519 L 517 519 L 517 518 L 517 518 Q 518 518 518 517 L 518 516 L 518 516 L 518 516 L 518 515 Q 518 514 518 514 L 518 514 L 518 512 Q 518 510 518 506 Q 518 503 520 502 Q 522 501 522 500 Q 522 499 524 500 Q 527 500 527 498 Q 526 495 529 494 Q 531 494 532 490 z 
'/>
<path style='opacity:1;fill:#826C29;fill-rule:evenodd;stroke:#826C29;stroke-width:1px;stroke-linecap:butt;stroke-linejoin:miter;stroke-opacity:1;' d='M 0 159 L 0 131 L 1 131 L 2 131 L 4 136 Q 6 140 7 147 Q 8 154 9 154 Q 10 154 10 160 Q 11 166 10 166 L 9 166 L 9 167 L 10 168 L 10 168 L 10 168 L 11 169 L 12 170 L 12 170 L 12 170 L 11 175 Q 10 180 9 181 L 8 182 L 8 183 L 8 184 L 7 184 L 6 184 L 6 185 L 6 186 L 4 186 L 3 186 L 3 187 L 2 187 L 2 187 L 2 188 L 2 188 L 1 188 L 1 187 L 0 187 L 0 187 L 0 187 L 0 159 z 
'/>
<path style='opacity:1;fill:#150B0D;fill-rule:evenodd;stroke:#150B0D;stroke-width:1px;stroke-linecap:butt;stroke-linejoin:miter;stroke-opacity:1;' d='M 179 933 L 179 933 L 181 933 Q 183 933 184 951 Q 184 969 186 974 Q 188 980 188 981 L 188 982 L 189 982 L 189 982 L 189 983 L 190 983 L 190 983 L 190 984 L 190 984 L 190 984 L 191 985 L 192 986 L 192 986 L 192 986 L 194 986 Q 196 986 197 984 Q 198 982 198 981 L 199 980 L 200 984 Q 200 988 201 988 Q 202 988 203 990 Q 204 992 205 996 Q 205 1000 206 1000 Q 208 999 208 1000 Q 208 1002 208 1003 Q 207 1004 210 1004 Q 213 1006 218 1005 Q 222 1005 222 1007 Q 222 1009 222 1010 L 222 1011 L 221 1011 L 220 1012 L 220 1012 L 219 1012 L 208 1016 Q 198 1020 192 1024 Q 185 1028 184 1029 L 183 1030 L 183 1030 L 182 1030 L 182 1030 L 182 1030 L 182 1031 L 182 1031 L 181 1032 L 180 1033 L 180 1034 L 180 1035 L 179 1036 L 179 1036 L 179 1036 L 178 1036 L 176 1058 Q 174 1080 174 1083 Q 176 1086 179 1092 Q 182 1098 186 1100 Q 190 1102 194 1106 Q 198 1109 198 1110 L 198 1111 L 199 1112 L 199 1113 L 199 1113 Q 199 1114 200 1114 L 200 1114 L 200 1114 Q 200 1115 201 1115 L 201 1116 L 201 1116 L 202 1116 L 202 1117 L 202 1118 L 203 1118 L 203 1118 L 204 1118 L 205 1118 L 206 1118 Q 207 1118 207 1117 L 207 1117 L 208 1117 Q 208 1116 208 1116 L 208 1116 L 208 1116 L 209 1116 L 209 1116 Q 209 1116 210 1117 L 211 1117 L 212 1121 Q 212 1125 213 1127 L 213 1129 L 213 1129 L 212 1129 L 212 1129 L 212 1130 L 212 1130 L 211 1130 L 211 1129 L 210 1129 L 211 1132 Q 211 1134 209 1133 Q 207 1132 206 1132 Q 206 1131 204 1131 Q 202 1131 202 1133 Q 201 1136 200 1136 Q 198 1137 198 1135 Q 197 1134 197 1134 Q 196 1134 196 1136 L 196 1137 L 195 1137 L 194 1136 L 194 1136 L 194 1136 L 193 1136 L 193 1136 L 193 1135 Q 194 1135 192 1131 L 192 1127 L 191 1126 L 190 1125 L 190 1126 L 190 1127 L 189 1127 L 189 1126 L 189 1126 L 188 1126 L 188 1124 L 188 1122 L 187 1122 L 187 1122 L 187 1123 L 186 1123 L 187 1126 Q 188 1129 188 1130 Q 188 1131 187 1135 Q 186 1138 183 1141 Q 180 1143 179 1146 Q 178 1149 178 1150 Q 177 1152 175 1152 Q 173 1152 172 1154 Q 171 1156 169 1157 L 167 1157 L 167 1158 L 168 1159 L 168 1159 Q 168 1158 170 1158 L 173 1158 L 171 1159 L 169 1160 L 168 1160 Q 166 1161 167 1162 Q 167 1163 161 1162 Q 155 1162 154 1164 Q 154 1165 153 1165 L 153 1166 L 153 1166 L 154 1166 L 154 1167 L 154 1168 L 153 1168 L 153 1168 L 150 1168 L 148 1168 L 148 1168 L 148 1168 L 148 1169 L 148 1170 L 148 1170 L 148 1170 L 149 1171 L 150 1172 L 151 1172 L 152 1172 L 152 1171 L 152 1171 L 153 1171 L 153 1170 L 155 1168 Q 157 1166 160 1166 Q 162 1166 162 1168 Q 163 1170 165 1170 Q 167 1170 168 1173 Q 168 1176 172 1176 L 176 1176 L 176 1177 L 176 1177 L 177 1178 L 177 1180 L 176 1180 L 174 1180 L 172 1181 Q 170 1181 170 1183 Q 169 1184 168 1185 Q 167 1185 166 1187 Q 166 1189 164 1189 Q 163 1189 162 1190 Q 162 1192 159 1192 Q 156 1192 153 1193 L 150 1194 L 150 1194 L 150 1194 L 151 1194 L 151 1194 L 153 1196 Q 155 1196 154 1197 Q 154 1198 154 1199 L 154 1200 L 152 1201 Q 151 1202 145 1205 Q 138 1208 138 1209 Q 137 1210 137 1209 Q 136 1209 136 1206 L 136 1204 L 135 1204 L 134 1204 L 134 1206 L 134 1207 L 133 1208 L 133 1210 L 132 1210 L 131 1210 L 131 1211 L 131 1212 L 132 1212 L 133 1212 L 133 1214 Q 133 1215 135 1216 Q 137 1216 137 1218 Q 137 1218 138 1220 Q 140 1220 141 1221 L 142 1221 L 142 1224 L 142 1226 L 141 1226 L 141 1226 L 141 1227 L 140 1227 L 140 1227 L 140 1228 L 140 1228 L 140 1228 L 141 1228 L 141 1228 L 138 1229 L 134 1230 L 134 1230 L 134 1230 L 67 1230 L 0 1230 L 0 1088 L 0 945 L 0 945 L 0 945 L 1 944 L 2 943 L 2 944 L 2 945 L 4 945 L 5 946 L 6 948 Q 7 950 8 950 Q 9 950 9 952 L 9 953 L 12 953 L 16 953 L 16 951 L 16 949 L 17 947 L 18 945 L 18 945 L 18 944 L 18 944 L 18 944 L 19 944 L 19 944 L 20 945 L 20 945 L 20 945 L 20 945 L 21 946 L 22 948 L 22 949 L 22 950 L 22 954 Q 22 959 22 961 L 22 963 L 22 963 L 22 964 L 22 964 L 22 964 L 24 964 Q 26 964 28 963 Q 30 963 31 967 L 32 971 L 32 971 L 32 972 L 32 972 L 32 972 L 33 971 Q 34 970 34 968 Q 35 967 36 967 Q 37 966 40 968 Q 43 969 44 968 Q 44 966 44 965 Q 45 963 49 964 L 53 966 L 54 966 Q 54 966 55 966 L 56 966 L 56 966 L 56 966 L 57 966 L 57 966 L 57 965 L 56 965 L 56 965 L 56 964 L 58 964 L 59 964 L 59 965 L 58 966 L 58 966 L 58 966 L 57 967 Q 56 968 56 968 L 56 968 L 55 969 L 54 969 L 54 970 L 54 971 L 56 971 L 57 970 L 61 970 Q 64 970 65 972 Q 65 974 66 974 Q 68 974 70 978 Q 71 983 73 983 Q 75 983 76 984 Q 76 986 77 986 L 78 986 L 80 986 L 82 986 L 82 986 L 82 986 L 83 985 L 84 984 L 84 981 L 84 978 L 86 978 L 88 978 L 88 980 L 88 983 L 88 984 L 88 985 L 89 986 L 90 987 L 90 987 L 90 988 L 90 988 L 90 988 L 91 989 L 91 990 L 93 990 Q 96 990 96 988 Q 96 987 100 989 Q 105 992 106 993 Q 108 994 108 996 Q 108 998 109 998 L 109 998 L 109 999 L 110 999 L 110 999 L 110 1000 L 110 1000 L 110 1000 L 111 1000 L 111 1000 L 112 1001 L 113 1001 L 113 1002 L 113 1003 L 114 1003 L 115 1003 L 115 1002 L 114 1000 L 114 1000 L 114 1000 L 114 999 L 114 999 L 114 996 Q 114 993 114 990 Q 116 988 117 987 Q 118 986 119 985 Q 120 983 121 985 Q 122 986 123 983 Q 124 979 128 978 L 131 976 L 131 974 L 131 971 L 130 971 Q 129 972 126 971 L 124 971 L 124 970 L 124 969 L 124 969 L 125 968 L 125 968 L 125 968 L 125 968 Q 126 967 127 964 Q 128 962 130 956 L 132 950 L 132 949 L 132 948 L 133 947 L 134 946 L 134 946 L 134 946 L 134 945 L 134 945 L 136 945 L 137 946 L 137 946 L 138 946 L 138 958 Q 138 969 138 974 L 138 979 L 138 980 L 138 981 L 138 982 L 138 983 L 139 983 L 140 984 L 141 984 L 142 984 L 143 984 L 144 984 L 146 984 L 147 984 L 147 983 L 148 983 L 148 983 L 148 982 L 148 982 L 148 982 L 149 978 Q 150 973 150 970 L 151 967 L 151 967 L 152 967 L 152 966 L 152 964 L 153 964 L 154 964 L 154 964 L 155 964 L 155 964 L 156 964 L 156 964 L 156 964 L 156 965 Q 156 965 157 967 L 158 969 L 158 969 L 158 970 L 158 970 L 158 970 L 159 971 L 159 972 L 162 972 L 164 972 L 164 971 L 164 970 L 165 969 L 166 968 L 166 968 L 166 968 L 166 967 L 166 967 L 167 966 Q 168 964 168 960 Q 168 955 171 947 L 174 939 L 174 939 Q 175 938 175 938 L 175 938 L 175 938 L 175 937 L 175 936 L 176 936 L 176 936 L 176 936 L 177 936 Q 178 936 178 935 L 178 934 L 179 934 L 179 934 L 179 933 z 
'/>
<path style='opacity:1;fill:#1F0F0A;fill-rule:evenodd;stroke:#1F0F0A;stroke-width:1px;stroke-linecap:butt;stroke-linejoin:miter;stroke-opacity:1;' d='M 567 775 L 568 775 L 570 776 Q 571 776 571 780 L 571 783 L 572 783 L 573 782 L 576 780 Q 580 778 581 777 L 582 777 L 581 780 Q 580 782 580 785 Q 580 788 579 787 Q 578 786 576 787 Q 574 787 573 788 Q 573 789 572 790 Q 570 790 569 794 Q 568 797 569 797 Q 570 797 569 799 Q 568 802 562 806 Q 556 810 552 811 Q 548 812 546 816 Q 545 820 543 820 Q 541 821 540 824 Q 540 826 539 828 L 539 831 L 538 831 L 537 830 L 536 830 Q 535 830 535 828 Q 535 827 533 826 L 531 826 L 531 827 L 531 828 L 530 828 L 528 828 L 528 829 L 528 829 L 528 829 Q 528 829 527 830 L 526 832 L 526 832 L 526 832 L 526 833 L 526 833 L 525 833 L 525 834 L 524 834 L 523 834 L 522 833 L 521 832 L 521 832 L 522 832 L 522 832 L 522 832 L 522 831 L 522 831 L 523 831 L 523 830 L 523 830 L 524 830 L 524 830 L 524 830 L 524 829 L 524 829 L 525 828 Q 526 827 526 824 Q 526 820 525 816 Q 524 812 525 808 Q 526 804 526 796 Q 527 788 526 788 Q 525 788 527 785 L 528 782 L 529 781 L 530 780 L 530 780 L 530 780 L 530 779 L 530 779 L 531 779 L 531 778 L 531 778 L 532 778 L 532 778 L 532 778 L 532 777 L 532 777 L 533 777 L 533 778 L 533 778 L 534 778 L 534 778 L 534 778 L 536 779 L 537 779 L 538 779 L 540 780 L 540 780 L 540 780 L 538 781 Q 538 782 537 784 L 536 785 L 536 786 L 536 787 L 537 787 L 538 786 L 539 786 L 540 786 L 540 785 L 540 785 L 541 785 L 541 786 L 541 786 L 542 786 L 542 787 L 542 788 L 543 788 L 544 788 L 545 787 Q 546 786 549 785 Q 552 783 554 781 Q 555 780 558 780 Q 560 780 562 780 Q 564 780 565 778 Q 566 775 567 775 z 
'/>
<path style='opacity:1;fill:#DD9828;fill-rule:evenodd;stroke:#DD9828;stroke-width:1px;stroke-linecap:butt;stroke-linejoin:miter;stroke-opacity:1;' d='M 286 634 L 286 633 L 288 634 Q 291 636 294 636 Q 296 636 298 636 Q 299 637 299 638 Q 299 639 302 639 Q 304 639 304 638 Q 304 637 305 637 Q 306 637 307 639 Q 308 642 313 642 Q 318 642 320 642 Q 321 641 321 642 Q 321 643 324 642 Q 326 641 326 640 Q 326 639 328 639 Q 329 638 330 638 L 331 638 L 331 639 L 331 640 L 332 640 L 333 640 L 333 641 L 334 641 L 334 641 L 334 642 L 335 642 L 336 642 L 335 643 L 334 643 L 334 644 L 334 645 L 335 646 L 335 648 L 334 648 L 333 648 L 333 647 L 333 647 L 333 647 L 332 647 L 332 646 Q 332 645 330 644 L 330 642 L 329 642 L 329 642 L 329 643 L 328 643 L 328 643 L 328 644 L 326 646 Q 324 648 324 649 L 324 650 L 323 650 L 323 650 L 323 651 L 322 651 L 322 651 L 322 652 L 320 652 L 318 652 L 315 652 Q 312 652 306 649 L 300 646 L 299 646 Q 298 646 294 644 L 290 642 L 288 641 Q 287 640 287 640 L 287 640 L 287 640 Q 288 639 288 638 L 288 637 L 287 637 L 287 636 L 287 636 L 286 636 L 286 634 z 
'/>
<path style='opacity:1;fill:#BE741C;fill-rule:evenodd;stroke:#BE741C;stroke-width:1px;stroke-linecap:butt;stroke-linejoin:miter;stroke-opacity:1;' d='M 278 595 L 279 596 L 278 600 Q 277 604 278 604 Q 280 605 278 608 Q 278 610 278 614 L 278 618 L 279 618 L 279 619 L 279 619 Q 278 619 278 619 L 278 620 L 278 620 L 278 620 L 277 620 L 277 620 L 277 621 L 278 621 L 278 623 L 278 625 L 279 626 L 280 627 L 280 628 Q 281 630 282 630 Q 283 630 283 631 Q 283 632 284 632 Q 285 632 286 633 L 286 633 L 286 634 L 286 636 L 287 636 L 287 636 L 287 637 L 288 637 L 288 637 L 288 638 L 288 638 L 288 638 L 288 639 L 288 640 L 288 640 L 288 640 L 288 640 L 287 640 L 286 640 L 286 640 L 285 639 L 284 638 L 283 638 L 282 638 L 281 637 L 280 636 L 280 636 Q 280 636 279 636 L 278 635 L 278 635 Q 277 634 273 631 Q 269 628 268 624 Q 267 621 265 620 Q 262 618 262 614 L 261 611 L 261 610 L 262 609 L 262 609 L 262 610 L 262 610 L 262 610 L 263 610 L 263 610 L 264 610 L 264 610 L 264 610 L 264 610 L 265 608 Q 265 606 266 606 Q 268 606 269 602 Q 270 597 271 596 Q 272 596 274 596 Q 275 596 275 595 Q 276 594 276 594 Q 277 594 278 595 z 
'/>
<path style='opacity:1;fill:#F1BC3C;fill-rule:evenodd;stroke:#F1BC3C;stroke-width:1px;stroke-linecap:butt;stroke-linejoin:miter;stroke-opacity:1;' d='M 368 532 L 368 532 L 371 532 Q 374 532 374 533 Q 374 534 375 532 Q 376 531 376 533 Q 377 534 382 533 Q 386 532 387 533 Q 388 534 388 533 Q 388 532 390 532 Q 393 532 393 533 Q 393 534 394 534 L 395 534 L 395 532 Q 396 531 396 531 L 396 532 L 396 532 L 396 532 L 397 532 L 397 532 L 398 532 L 398 532 L 398 532 L 398 532 L 399 532 L 399 532 L 399 531 L 399 531 L 399 531 L 400 531 L 401 533 Q 402 534 404 534 Q 406 534 406 536 Q 407 538 408 537 Q 410 537 410 536 Q 410 535 411 537 Q 411 539 413 539 Q 414 539 415 540 Q 415 540 416 540 Q 418 538 420 540 Q 422 542 428 541 Q 433 540 433 541 Q 433 542 435 542 Q 437 541 437 542 Q 437 544 440 544 Q 442 544 441 548 Q 440 552 440 552 L 440 552 L 441 553 Q 442 553 442 552 Q 442 551 444 551 Q 446 551 446 553 Q 446 555 448 556 Q 451 557 450 558 Q 450 560 451 560 Q 452 560 452 559 Q 452 558 453 558 Q 454 558 454 557 L 454 557 L 455 557 L 455 558 L 456 558 L 457 558 L 456 559 Q 454 559 454 562 L 454 566 L 455 566 L 455 566 L 455 565 L 456 565 L 456 564 Q 456 562 457 562 Q 457 562 458 562 L 458 561 L 458 563 L 458 565 L 458 566 L 458 567 L 459 567 L 459 568 L 459 568 L 460 568 L 460 568 L 460 569 L 459 570 Q 458 570 458 572 Q 457 574 455 577 Q 452 580 453 581 Q 453 582 452 582 Q 451 582 451 584 Q 451 586 453 588 Q 454 589 455 593 Q 456 597 457 596 Q 458 594 458 595 L 458 595 L 459 596 Q 460 598 460 598 L 460 598 L 461 598 L 461 598 L 461 599 L 460 599 L 459 600 Q 458 600 458 609 Q 458 618 460 618 Q 461 619 461 622 L 461 624 L 460 625 Q 460 626 461 626 Q 462 627 462 632 Q 460 638 459 638 Q 457 639 456 641 Q 456 642 454 644 Q 451 645 450 646 Q 450 646 450 648 Q 449 649 448 649 Q 446 648 446 649 L 445 649 L 442 649 Q 438 648 435 648 Q 432 648 432 649 Q 432 650 428 650 Q 424 650 424 651 Q 424 652 422 652 Q 420 653 418 655 Q 416 657 410 660 L 403 662 L 400 663 L 398 663 L 396 663 Q 395 662 393 662 Q 391 661 391 660 Q 391 659 388 660 Q 384 660 384 658 Q 384 657 379 658 L 374 660 L 374 660 L 373 660 L 367 659 Q 361 658 355 658 L 349 658 L 348 658 Q 348 658 346 657 Q 345 657 344 656 Q 344 654 344 655 Q 343 656 342 656 Q 341 656 341 654 Q 340 653 338 652 Q 336 652 336 650 L 335 648 L 335 648 Q 335 648 334 647 L 333 647 L 333 646 Q 334 645 334 644 L 334 643 L 335 643 L 336 642 L 335 642 L 334 642 L 334 641 L 334 641 L 333 641 L 333 640 L 332 640 L 331 640 L 331 639 L 331 638 L 330 638 Q 329 638 328 639 Q 326 639 326 640 Q 326 641 324 642 Q 321 643 321 642 Q 321 641 320 642 Q 318 642 313 642 Q 308 642 307 639 Q 306 637 305 637 Q 304 637 304 638 Q 304 639 302 639 Q 299 639 299 638 Q 299 637 298 636 Q 296 636 294 636 Q 291 636 288 634 L 286 633 L 286 633 Q 285 632 284 632 Q 283 632 283 631 Q 283 630 282 630 Q 281 630 280 628 L 280 627 L 279 626 L 278 625 L 278 623 L 278 621 L 277 621 L 277 620 L 277 620 L 278 620 L 278 620 L 278 620 L 278 619 Q 278 619 279 619 L 279 619 L 279 619 L 280 619 L 280 618 L 280 617 L 281 617 L 281 617 L 281 617 L 281 618 L 282 618 Q 283 618 283 617 L 283 617 L 284 617 Q 284 616 284 616 L 284 616 L 285 616 L 285 616 L 285 615 L 286 615 L 286 615 L 286 614 L 288 614 Q 291 614 291 613 Q 292 612 293 610 Q 294 607 295 607 Q 296 606 297 607 Q 298 608 299 606 Q 300 604 302 604 Q 304 603 305 599 Q 306 595 305 595 Q 304 595 304 594 Q 304 593 305 593 Q 306 593 306 592 Q 306 591 308 590 Q 309 590 309 587 L 309 584 L 309 584 L 310 583 L 310 583 Q 310 582 312 579 Q 314 576 315 575 Q 316 574 315 574 Q 314 574 314 572 Q 314 571 316 570 Q 318 569 318 568 Q 317 568 318 566 Q 318 563 320 564 Q 321 564 321 562 Q 321 560 322 560 L 323 560 L 324 560 Q 324 560 324 560 L 324 560 L 324 560 Q 324 560 325 558 Q 325 556 327 555 Q 328 554 331 554 Q 334 554 336 551 Q 337 548 336 548 Q 335 548 334 548 Q 334 547 335 547 Q 336 546 336 545 Q 337 544 338 544 Q 339 544 340 542 L 340 540 L 341 540 L 342 540 L 342 539 L 342 539 L 343 539 L 343 538 L 344 538 L 345 538 L 346 538 L 346 538 L 346 538 L 346 538 L 348 540 Q 348 541 349 539 Q 350 536 352 536 Q 354 536 357 535 Q 360 534 361 537 Q 362 539 362 538 Q 362 537 364 537 L 366 538 L 366 538 L 366 538 L 367 538 L 367 538 L 368 538 L 368 538 L 368 538 Q 368 538 368 537 Q 368 536 368 534 L 368 532 L 368 532 z 
M 416 542 Q 416 542 417 542 Q 417 542 416 542 Q 416 542 416 542 z 
'/>
<path style='opacity:1;fill:#724A0C;fill-rule:evenodd;stroke:#724A0C;stroke-width:1px;stroke-linecap:butt;stroke-linejoin:miter;stroke-opacity:1;' d='M 790 574 L 791 574 L 794 574 Q 798 574 798 575 Q 798 576 799 576 L 799 576 L 800 577 L 802 577 L 802 578 L 802 580 L 803 582 Q 804 584 805 583 Q 807 582 808 584 Q 808 586 810 588 Q 812 589 812 589 L 812 590 L 812 590 L 813 590 L 813 592 L 813 595 L 810 595 Q 808 596 805 596 Q 802 597 802 598 L 801 600 L 801 600 L 800 600 L 800 600 L 800 600 L 800 601 L 800 601 L 799 602 L 798 603 L 798 603 L 798 604 L 797 604 L 796 604 L 796 603 L 796 603 L 795 603 L 795 603 L 795 602 L 796 601 L 796 601 L 796 600 L 796 600 Q 796 600 796 596 Q 796 592 792 591 L 789 590 L 789 590 L 789 590 L 790 588 Q 790 586 792 585 L 793 585 L 793 584 L 794 583 L 794 582 L 794 580 L 792 580 L 791 580 L 791 578 Q 792 577 790 576 L 788 575 L 788 575 Q 789 574 790 574 z 
'/>
<path style='opacity:1;fill:#2F1109;fill-rule:evenodd;stroke:#2F1109;stroke-width:1px;stroke-linecap:butt;stroke-linejoin:miter;stroke-opacity:1;' d='M 743 609 L 744 606 L 746 606 Q 747 606 747 608 Q 747 611 748 611 Q 749 611 749 612 Q 749 613 753 614 Q 757 616 758 616 L 759 616 L 760 617 L 761 617 L 762 617 L 763 618 L 764 618 L 765 618 L 767 619 Q 769 619 769 620 Q 769 621 774 622 Q 779 624 780 623 Q 781 622 781 623 Q 782 623 782 624 L 782 624 L 782 624 L 781 624 L 781 625 L 782 625 L 782 626 L 782 627 L 783 627 L 784 628 L 787 630 Q 790 632 792 632 L 793 632 L 793 632 L 793 632 L 794 633 L 795 634 L 796 636 Q 798 638 801 640 Q 804 642 805 642 L 805 643 L 803 644 Q 802 646 802 647 Q 804 648 804 650 Q 804 653 804 653 L 804 654 L 803 654 Q 802 654 803 655 L 804 656 L 804 656 L 804 656 L 805 657 L 806 658 L 806 658 L 806 659 L 805 659 L 805 659 L 803 659 L 801 658 L 800 658 Q 798 658 798 657 Q 797 656 791 654 L 785 652 L 785 651 Q 784 650 784 649 Q 784 648 782 648 Q 780 648 776 645 Q 772 642 770 640 Q 768 638 764 636 Q 760 634 760 634 L 760 633 L 760 633 L 760 632 L 760 632 L 760 632 L 759 632 L 759 632 L 759 631 L 758 631 L 758 631 Q 758 630 760 630 Q 761 629 762 628 L 762 626 L 760 626 Q 757 626 756 625 Q 754 624 748 622 L 741 620 L 741 619 L 740 619 L 740 619 L 740 619 L 740 618 L 740 617 L 741 617 L 742 616 L 742 616 L 742 616 L 743 615 L 744 614 L 744 613 Q 744 612 743 612 Q 742 612 743 609 z 
M 763 629 Q 763 628 763 628 Q 764 628 764 628 Q 764 629 763 629 z 
'/>
<path style='opacity:1;fill:#DD8A22;fill-rule:evenodd;stroke:#DD8A22;stroke-width:1px;stroke-linecap:butt;stroke-linejoin:miter;stroke-opacity:1;' d='M 255 909 L 263 909 L 263 909 Q 263 910 264 910 L 264 910 L 266 912 Q 268 914 269 914 L 269 914 L 278 920 Q 286 926 292 926 Q 297 926 304 930 Q 311 934 313 934 L 315 934 L 316 933 L 317 932 L 317 932 L 318 932 L 318 932 L 318 932 L 321 931 L 324 930 L 324 930 L 324 930 L 330 932 Q 335 934 336 934 L 338 934 L 338 934 Q 338 934 338 935 L 339 935 L 344 942 Q 348 949 349 951 Q 350 953 351 956 Q 353 960 356 961 Q 360 962 362 962 Q 365 962 370 963 L 375 964 L 376 964 L 377 964 L 378 965 L 379 965 L 380 967 Q 381 969 389 973 Q 397 978 397 978 L 397 978 L 399 981 Q 400 984 401 985 L 402 986 L 402 987 L 402 988 L 403 989 L 404 990 L 404 991 L 404 992 L 405 992 L 405 992 L 405 993 L 404 993 L 404 993 L 404 994 L 402 994 Q 399 994 394 994 Q 390 994 391 996 Q 392 998 392 998 L 391 998 L 391 998 L 390 998 L 390 998 L 390 998 L 389 999 L 388 999 L 388 999 Q 387 998 386 998 L 386 998 L 386 998 Q 386 997 381 992 Q 377 987 372 986 Q 367 984 364 985 Q 362 986 360 989 Q 358 992 356 998 Q 356 1005 357 1006 Q 359 1008 356 1008 L 352 1008 L 352 1009 L 352 1009 L 352 1010 L 352 1011 L 352 1011 L 352 1012 L 352 1012 L 351 1012 L 350 1012 L 348 1012 L 348 1012 L 348 1012 L 346 1011 L 344 1010 L 344 1010 L 344 1010 L 343 1010 L 343 1010 L 343 1009 L 342 1009 L 342 1008 Q 342 1007 337 1002 Q 332 998 328 997 Q 325 996 325 995 Q 325 994 324 994 Q 323 994 323 997 Q 323 999 322 999 Q 321 999 321 1000 Q 320 1001 318 1001 Q 315 1001 314 1003 Q 314 1004 310 1005 Q 306 1006 305 1005 Q 304 1004 299 1002 Q 293 1000 292 998 Q 290 996 287 993 Q 284 990 283 989 Q 282 988 281 987 Q 279 986 275 983 L 271 979 L 271 979 L 271 978 L 270 978 L 269 978 L 268 977 L 267 976 L 267 976 L 266 976 L 266 975 L 266 974 L 265 974 L 265 974 L 265 973 L 264 973 L 264 973 Q 264 972 261 969 Q 258 966 246 964 Q 233 962 232 960 Q 230 958 230 959 Q 230 960 228 960 Q 226 960 226 958 Q 225 955 226 955 Q 227 955 227 954 Q 227 953 224 953 Q 220 953 220 952 Q 220 951 216 950 Q 211 948 212 945 Q 212 942 212 938 L 211 934 L 211 933 Q 212 932 212 931 Q 213 930 216 926 Q 218 922 224 918 L 230 914 L 230 914 Q 231 914 231 913 L 231 913 L 239 911 Q 247 910 255 909 z 
'/>
<path style='opacity:1;fill:#5A220D;fill-rule:evenodd;stroke:#5A220D;stroke-width:1px;stroke-linecap:butt;stroke-linejoin:miter;stroke-opacity:1;' d='M 498 512 L 499 508 L 500 510 Q 502 512 504 514 Q 506 516 507 516 Q 508 516 510 516 L 511 516 L 513 516 L 515 516 L 516 515 Q 517 514 518 514 L 518 514 L 518 515 L 518 516 L 518 517 Q 518 518 517 518 L 517 518 L 520 519 Q 523 519 524 521 Q 525 522 526 523 Q 527 523 528 525 Q 529 526 529 529 Q 528 531 527 533 Q 525 536 524 536 L 523 536 L 523 537 L 522 537 L 522 538 L 522 539 L 526 540 Q 529 540 529 542 L 529 544 L 528 544 Q 528 545 528 546 Q 528 548 528 550 L 528 551 L 527 551 Q 526 550 525 552 Q 524 554 521 555 Q 519 556 514 558 Q 508 560 507 562 L 506 565 L 506 565 L 506 566 L 506 566 L 506 566 L 505 566 L 505 566 L 504 567 L 503 568 L 502 568 L 500 568 L 500 568 L 500 567 L 501 567 L 501 566 L 501 566 L 501 566 L 501 566 L 502 565 L 502 564 L 502 563 L 502 560 Q 502 557 500 554 Q 498 552 498 547 Q 498 542 497 536 Q 497 530 495 530 Q 493 529 493 528 L 493 527 L 493 526 Q 493 525 494 524 L 495 524 L 495 520 Q 495 517 496 517 Q 497 517 498 512 z 
'/>
<path style='opacity:1;fill:#683511;fill-rule:evenodd;stroke:#683511;stroke-width:1px;stroke-linecap:butt;stroke-linejoin:miter;stroke-opacity:1;' d='M 487 468 L 487 471 L 485 475 Q 483 480 484 480 L 484 480 L 484 480 Q 484 480 483 480 L 482 480 L 481 480 Q 480 480 478 480 Q 476 480 476 478 Q 476 477 475 477 Q 474 476 467 476 Q 460 476 460 480 Q 460 483 459 482 Q 458 482 455 486 L 452 489 L 451 489 L 451 490 L 450 490 L 450 490 L 449 490 Q 448 490 445 490 Q 442 492 426 490 Q 409 488 408 485 Q 407 482 401 480 Q 395 477 394 475 Q 394 473 391 472 L 388 470 L 388 470 Q 388 469 389 468 Q 389 467 391 467 Q 393 466 392 464 L 390 462 L 389 462 L 388 462 L 387 461 L 386 460 L 386 460 L 386 460 L 387 460 L 387 460 L 387 459 L 388 459 L 388 459 L 388 458 L 388 458 L 388 458 L 389 458 L 390 458 L 391 458 L 392 458 L 394 458 L 396 458 L 396 457 L 396 457 L 399 459 Q 401 462 403 462 Q 404 462 410 465 Q 415 468 422 464 Q 430 461 430 459 Q 431 458 440 456 Q 448 456 454 455 Q 461 454 466 454 Q 471 452 476 453 Q 480 453 481 456 Q 482 458 484 461 Q 486 464 487 468 z 
'/>
<path style='opacity:1;fill:#B4641B;fill-rule:evenodd;stroke:#B4641B;stroke-width:1px;stroke-linecap:butt;stroke-linejoin:miter;stroke-opacity:1;' d='M 366 387 L 367 385 L 367 385 L 368 385 L 368 385 L 368 386 L 368 386 L 368 386 L 368 388 L 368 389 L 368 389 L 368 390 L 368 390 L 368 390 L 367 390 L 367 390 L 367 391 L 366 391 L 366 391 Q 366 392 362 393 L 357 394 L 357 395 L 356 395 L 356 396 L 356 398 L 358 398 L 360 398 L 360 399 L 360 399 L 361 399 L 361 400 L 363 400 Q 365 400 365 401 Q 364 402 364 403 L 364 404 L 360 404 Q 355 404 354 403 L 354 403 L 354 402 Q 354 402 350 399 Q 346 396 346 394 Q 347 392 356 390 Q 366 388 366 387 z 
'/>
<path style='opacity:1;fill:#3A220F;fill-rule:evenodd;stroke:#3A220F;stroke-width:1px;stroke-linecap:butt;stroke-linejoin:miter;stroke-opacity:1;' d='M 408 691 L 408 693 L 407 697 Q 406 701 406 702 Q 406 704 402 710 Q 398 716 397 717 L 397 718 L 398 718 L 399 718 L 399 717 L 400 717 L 401 716 Q 403 715 402 717 Q 400 718 400 719 L 400 719 L 399 719 L 399 720 L 399 720 L 400 720 L 400 720 L 400 720 L 401 721 L 402 722 L 402 722 L 402 722 L 401 724 Q 400 725 399 725 L 399 725 L 398 725 Q 398 725 396 726 Q 396 727 395 728 L 395 728 L 395 728 Q 394 728 389 728 Q 384 729 384 730 Q 384 731 383 730 Q 382 730 380 730 Q 377 730 376 732 L 376 734 L 376 735 L 376 735 L 375 734 L 374 732 L 374 732 L 374 732 L 372 731 L 371 731 L 371 730 L 370 728 L 370 728 L 370 728 L 369 727 L 368 726 L 368 726 L 368 726 L 367 725 L 367 724 L 367 723 L 368 722 L 368 722 L 368 722 L 368 721 Q 368 721 370 719 Q 372 716 376 716 Q 379 716 378 713 Q 378 710 378 707 Q 380 704 380 705 Q 382 706 384 706 Q 386 705 386 704 Q 386 702 388 701 Q 390 700 390 700 Q 391 699 394 698 Q 396 698 396 696 L 396 693 L 396 693 L 397 692 L 397 692 L 396 692 L 396 692 L 396 692 L 396 691 L 396 691 L 396 690 L 396 690 L 398 690 Q 400 691 400 692 L 400 694 L 402 692 Q 405 690 406 689 Q 408 689 408 691 z 
'/>
<path style='opacity:1;fill:#826218;fill-rule:evenodd;stroke:#826218;stroke-width:1px;stroke-linecap:butt;stroke-linejoin:miter;stroke-opacity:1;' d='M 120 558 L 121 559 L 121 559 Q 121 560 122 560 L 122 560 L 122 560 Q 122 560 122 561 L 123 561 L 123 561 Q 123 562 124 562 L 124 562 L 124 562 Q 124 562 124 563 L 125 563 L 125 568 Q 126 572 126 574 L 126 577 L 127 577 L 128 578 L 129 578 L 130 578 L 132 575 Q 133 572 134 574 Q 136 576 137 575 Q 138 574 138 576 L 138 578 L 138 580 Q 138 582 140 582 Q 142 582 142 583 Q 143 584 144 584 L 145 584 L 145 585 L 146 585 L 146 586 L 146 587 L 143 588 Q 140 589 139 590 Q 138 590 138 592 Q 138 595 136 598 Q 135 601 133 601 Q 132 601 133 604 Q 134 606 132 606 L 130 606 L 130 607 L 130 607 L 129 608 L 129 609 L 128 609 L 126 610 L 126 610 L 126 610 L 127 610 Q 127 610 128 611 L 129 612 L 129 612 L 129 612 L 129 612 L 129 612 L 128 613 L 128 613 L 128 613 L 128 614 L 128 614 L 128 614 L 127 614 L 127 614 L 127 615 L 126 615 L 126 616 L 126 617 L 125 617 L 125 616 L 125 616 L 124 616 L 124 616 L 124 616 L 124 615 L 124 615 L 123 615 L 123 615 L 123 612 Q 122 610 121 607 Q 120 604 115 600 Q 111 596 104 595 L 96 593 L 96 593 Q 95 592 94 592 Q 94 591 93 586 L 92 581 L 92 580 Q 92 580 91 580 L 91 580 L 91 578 Q 91 577 93 576 L 95 576 L 95 576 L 96 576 L 96 574 Q 96 573 98 572 Q 100 572 100 570 L 101 568 L 101 568 L 102 568 L 102 568 L 102 568 L 102 567 L 102 567 L 103 566 L 104 565 L 104 565 L 104 564 L 104 564 L 104 564 L 105 565 L 105 566 L 105 566 L 105 566 L 105 567 L 104 567 L 104 568 L 104 569 L 103 570 L 103 571 L 105 571 L 107 571 L 107 572 L 108 573 L 108 573 L 108 574 L 108 574 L 109 574 L 109 573 L 110 573 L 110 572 L 110 570 L 111 570 L 111 570 L 111 569 Q 112 569 112 569 Q 113 570 114 565 Q 115 560 117 560 Q 119 560 119 559 Q 120 558 120 558 z 
'/>
<path style='opacity:1;fill:#150807;fill-rule:evenodd;stroke:#150807;stroke-width:1px;stroke-linecap:butt;stroke-linejoin:miter;stroke-opacity:1;' d='M 572 625 L 574 623 L 574 623 L 574 623 L 575 623 L 575 624 L 575 624 L 576 624 L 576 625 L 576 626 L 583 626 Q 590 626 594 626 Q 598 626 605 626 Q 612 626 612 627 Q 613 628 614 628 L 615 628 L 618 627 L 621 627 L 621 628 L 621 630 L 620 630 L 619 630 L 619 631 L 618 631 L 618 631 L 618 632 L 618 632 Q 618 632 615 633 L 613 634 L 613 635 L 612 635 L 612 636 L 612 637 L 614 636 Q 615 636 615 637 Q 615 638 616 638 L 617 638 L 618 639 L 619 639 L 618 642 Q 618 644 618 645 L 618 645 L 620 647 Q 622 648 630 649 Q 638 650 638 654 Q 639 659 644 659 Q 650 659 650 661 Q 650 663 651 663 L 651 663 L 652 671 Q 652 679 651 679 Q 650 680 651 680 Q 652 681 650 682 Q 650 684 649 683 Q 648 682 648 684 Q 647 685 646 685 Q 645 685 646 687 Q 646 690 638 690 Q 631 690 626 692 Q 622 692 622 693 L 621 693 L 620 693 L 619 693 L 619 692 L 619 691 L 616 691 Q 612 691 612 688 Q 612 684 611 683 Q 609 682 609 679 Q 610 675 609 676 Q 608 676 606 670 Q 604 664 602 665 Q 601 666 599 664 Q 597 664 596 664 L 594 664 L 594 661 Q 594 658 596 658 Q 597 657 597 654 L 596 650 L 596 650 L 596 650 L 596 649 L 596 649 L 595 649 L 595 648 L 595 648 L 594 648 L 594 648 L 594 648 L 594 647 L 594 647 L 593 647 L 593 646 L 593 646 L 592 646 L 592 646 L 592 646 L 592 645 L 592 645 L 591 645 L 591 644 L 590 644 L 588 644 L 588 645 L 588 645 L 587 647 Q 587 649 586 649 Q 585 650 584 651 Q 583 653 582 654 Q 580 654 577 655 L 573 656 L 573 657 L 573 657 L 573 657 Q 572 657 572 657 Q 572 658 571 656 Q 570 656 569 657 Q 568 658 567 658 Q 566 658 566 660 Q 566 661 564 660 Q 562 660 560 661 Q 559 663 558 663 Q 557 663 557 664 L 557 666 L 555 666 L 553 666 L 553 665 L 552 665 L 552 664 L 552 662 L 551 662 L 551 662 L 551 661 Q 551 660 550 660 Q 549 660 548 651 Q 548 642 555 639 Q 562 636 562 634 Q 563 632 566 631 Q 569 630 569 629 Q 569 628 570 628 Q 571 628 570 627 Q 570 626 572 625 z 
M 618 647 L 618 648 L 616 648 L 615 648 L 615 647 L 616 647 L 617 646 Q 618 646 618 647 z 
'/>
<path style='opacity:1;fill:#403118;fill-rule:evenodd;stroke:#403118;stroke-width:1px;stroke-linecap:butt;stroke-linejoin:miter;stroke-opacity:1;' d='M 250 451 L 250 450 L 251 452 Q 252 455 253 454 Q 253 452 255 454 Q 256 455 257 456 Q 257 457 260 458 Q 262 458 262 461 Q 261 464 262 465 Q 264 465 264 466 L 264 468 L 261 480 Q 258 493 257 495 Q 256 496 254 497 Q 253 497 253 496 Q 253 495 250 497 Q 246 498 246 499 Q 245 500 246 500 Q 248 501 248 502 L 248 503 L 246 503 L 245 503 L 245 504 L 245 505 L 244 505 L 243 505 L 243 504 L 242 503 L 242 503 L 242 502 L 242 502 L 242 502 L 241 502 L 241 502 L 240 501 L 239 500 L 239 500 L 238 500 L 238 500 L 238 500 L 238 499 Q 238 499 237 498 L 237 497 L 237 496 Q 238 496 239 496 Q 240 497 240 492 Q 240 487 239 487 Q 238 487 238 484 L 237 482 L 237 481 Q 236 480 236 479 Q 235 478 239 477 Q 243 475 243 473 Q 243 472 244 471 Q 244 470 244 468 Q 244 465 242 465 Q 241 465 241 464 Q 242 463 243 462 Q 245 461 245 458 Q 245 456 244 455 L 242 454 L 243 454 Q 244 453 245 453 L 245 453 L 246 453 Q 246 452 248 452 Q 249 452 250 451 z 
'/>
<path style='opacity:1;fill:#4A2010;fill-rule:evenodd;stroke:#4A2010;stroke-width:1px;stroke-linecap:butt;stroke-linejoin:miter;stroke-opacity:1;' d='M 319 1072 L 320 1072 L 320 1073 L 321 1073 L 321 1073 L 321 1074 L 321 1074 L 322 1074 L 322 1074 L 322 1074 L 322 1075 L 322 1075 L 323 1076 Q 324 1078 328 1080 Q 332 1083 333 1085 Q 334 1086 338 1087 L 343 1087 L 343 1087 L 343 1088 L 340 1088 L 338 1088 L 338 1089 L 338 1089 L 337 1090 L 336 1091 L 336 1091 L 336 1092 L 332 1092 Q 329 1092 328 1093 Q 328 1094 321 1094 Q 314 1096 312 1096 Q 309 1096 292 1098 Q 274 1098 274 1097 Q 273 1096 265 1097 L 257 1098 L 256 1098 L 256 1098 L 256 1097 Q 256 1097 258 1094 Q 259 1092 255 1092 L 251 1092 L 251 1091 L 252 1091 L 252 1091 L 252 1090 L 252 1090 L 252 1090 L 253 1090 L 253 1090 L 253 1089 L 254 1089 L 254 1089 L 254 1088 L 254 1088 L 254 1088 L 255 1087 L 255 1086 L 255 1085 Q 255 1084 256 1084 Q 257 1084 265 1078 Q 273 1072 276 1070 Q 280 1069 280 1065 Q 281 1062 281 1060 Q 280 1058 278 1050 Q 276 1043 274 1042 L 272 1040 L 272 1040 L 272 1040 L 271 1039 L 271 1038 L 271 1038 L 271 1037 L 272 1038 Q 272 1038 272 1036 Q 272 1034 276 1035 Q 279 1036 283 1039 Q 288 1041 288 1042 Q 288 1043 290 1044 Q 292 1044 298 1051 Q 304 1058 311 1064 Q 318 1072 319 1072 z 
'/>
<path style='opacity:1;fill:#1A0B08;fill-rule:evenodd;stroke:#1A0B08;stroke-width:1px;stroke-linecap:butt;stroke-linejoin:miter;stroke-opacity:1;' d='M 682 597 L 682 597 L 682 597 Q 682 598 680 598 L 679 598 L 679 599 L 678 599 L 679 606 Q 680 613 684 616 Q 688 619 689 620 Q 689 622 690 622 L 692 622 L 692 623 L 692 623 L 693 623 L 693 624 L 693 624 L 694 624 L 694 625 L 694 626 L 694 627 L 694 628 L 694 628 L 694 628 L 694 629 L 694 629 L 693 629 L 693 630 L 691 630 Q 689 630 686 630 Q 684 630 684 632 L 684 634 L 683 634 L 683 634 L 682 635 L 680 636 L 681 636 L 682 636 L 682 637 L 682 638 L 683 638 L 684 638 L 685 639 Q 686 640 687 642 Q 687 644 691 644 Q 695 643 695 644 Q 696 646 696 646 L 696 646 L 696 646 L 696 646 L 696 647 L 696 647 L 697 649 L 698 651 L 698 652 L 698 653 L 699 653 L 699 654 L 698 654 L 697 654 L 697 653 L 696 652 L 696 652 L 696 652 L 696 651 Q 696 651 693 650 Q 690 648 687 650 Q 684 650 680 650 L 676 649 L 676 652 Q 676 655 675 654 Q 674 654 673 656 Q 673 659 674 659 Q 676 659 676 662 Q 676 664 675 664 Q 674 664 674 666 L 674 669 L 674 671 L 674 673 L 672 673 L 671 674 L 670 674 L 670 674 L 670 673 Q 670 673 669 672 Q 669 670 666 670 Q 664 670 665 671 Q 666 672 664 672 Q 663 672 663 672 Q 662 671 661 670 Q 660 670 659 666 Q 658 662 656 662 L 655 661 L 655 660 L 655 659 L 653 659 Q 651 659 651 661 L 651 663 L 651 663 Q 650 663 650 661 Q 650 659 644 659 Q 639 659 638 654 Q 638 650 630 649 Q 622 648 620 647 L 618 645 L 618 646 L 618 648 L 616 648 L 615 648 L 615 647 L 616 647 L 616 646 Q 616 644 618 644 Q 619 644 619 642 L 619 639 L 618 639 L 617 638 L 616 638 Q 615 638 615 637 Q 615 636 614 636 L 612 637 L 612 637 L 612 638 L 611 638 L 610 638 L 610 637 L 610 636 L 611 636 L 612 636 L 612 635 L 612 635 L 613 635 L 613 634 L 615 633 Q 618 632 618 632 L 618 632 L 618 631 L 618 631 L 619 631 L 619 630 L 620 630 L 621 630 L 621 628 L 621 627 L 618 627 L 615 628 L 614 628 Q 613 628 612 627 Q 612 626 605 626 Q 598 626 594 626 Q 590 626 583 626 L 576 626 L 576 625 L 576 624 L 575 624 L 575 624 L 575 623 L 574 623 L 574 623 L 574 623 L 574 622 L 574 621 L 573 621 L 572 620 L 572 620 L 572 620 L 572 620 L 572 620 L 574 619 L 575 618 L 575 618 L 576 618 L 576 618 L 576 618 L 582 615 Q 588 613 588 612 Q 588 612 589 612 L 589 612 L 594 610 Q 598 608 608 604 Q 617 602 621 601 Q 626 600 626 600 L 626 599 L 630 600 Q 635 602 642 602 Q 648 604 654 604 Q 660 604 661 605 Q 661 606 662 606 Q 664 606 664 608 L 664 610 L 665 610 L 666 610 L 666 606 Q 666 603 667 598 Q 667 594 670 595 L 672 596 L 672 596 L 672 596 L 673 594 L 673 591 L 674 591 Q 676 591 678 593 Q 679 594 680 595 Q 681 595 681 596 Q 682 597 682 597 z 
M 668 601 Q 668 600 668 600 Q 668 600 668 600 Q 668 601 668 601 z 
'/>
<path style='opacity:1;fill:#403926;fill-rule:evenodd;stroke:#403926;stroke-width:1px;stroke-linecap:butt;stroke-linejoin:miter;stroke-opacity:1;' d='M 136 457 L 136 458 L 136 458 L 136 458 L 137 458 L 137 458 L 137 459 L 138 459 L 138 459 L 138 460 L 138 460 L 138 460 L 139 460 L 139 461 L 138 461 L 137 462 L 137 462 L 136 462 L 136 462 Q 136 462 137 463 L 138 463 L 138 464 L 138 465 L 136 465 Q 135 464 131 465 Q 126 465 125 471 Q 123 476 122 477 L 122 477 L 122 477 Q 121 476 119 477 Q 117 478 114 478 L 110 478 L 110 478 L 110 478 L 109 479 L 108 480 L 108 480 L 108 480 L 108 479 Q 107 478 107 479 Q 106 479 106 480 L 106 481 L 105 481 Q 104 480 104 477 Q 103 474 98 473 Q 93 472 92 467 L 90 462 L 90 462 L 90 462 L 88 461 L 86 461 L 86 460 L 86 459 L 87 459 L 88 459 L 88 458 L 88 457 L 89 457 L 89 456 L 89 456 L 90 456 L 90 456 L 90 456 L 93 457 Q 96 458 97 458 Q 98 457 98 455 Q 99 454 100 453 Q 102 452 104 451 Q 107 450 108 451 Q 108 452 109 452 Q 110 451 110 450 Q 110 448 112 448 Q 114 449 116 450 Q 118 450 120 450 Q 122 451 124 451 Q 127 452 128 452 Q 130 452 130 450 Q 132 449 132 450 Q 132 452 133 453 Q 134 454 135 456 Q 136 457 136 457 z 
'/>
<path style='opacity:1;fill:#AB791C;fill-rule:evenodd;stroke:#AB791C;stroke-width:1px;stroke-linecap:butt;stroke-linejoin:miter;stroke-opacity:1;' d='M 569 603 L 569 603 L 571 603 L 573 603 L 574 603 L 576 603 L 576 604 L 576 606 L 576 607 Q 576 608 576 608 L 576 609 L 576 609 Q 576 609 575 610 L 575 610 L 575 610 Q 575 610 573 611 Q 571 611 571 612 Q 571 613 568 613 Q 566 614 558 616 L 551 620 L 550 620 L 548 620 L 546 621 L 545 621 L 542 621 L 538 620 L 538 620 L 538 620 L 537 618 L 537 617 L 537 617 L 537 616 L 538 616 L 539 616 L 540 615 L 542 614 L 547 613 Q 552 612 552 611 Q 553 610 558 608 Q 564 606 566 606 Q 568 605 568 604 Q 569 604 569 603 z 
'/>
<path style='opacity:1;fill:#4B2A13;fill-rule:evenodd;stroke:#4B2A13;stroke-width:1px;stroke-linecap:butt;stroke-linejoin:miter;stroke-opacity:1;' d='M 28 592 L 31 592 L 31 592 L 31 592 L 33 592 Q 35 592 35 593 Q 35 594 36 594 Q 37 594 37 593 Q 37 592 38 592 Q 40 592 42 593 L 43 594 L 43 594 L 44 594 L 43 596 Q 43 598 42 598 Q 40 598 40 599 L 40 599 L 41 599 L 41 600 L 42 600 L 43 600 L 43 599 L 44 599 L 44 599 L 44 600 L 45 600 L 46 600 L 48 600 L 51 600 L 51 600 L 52 600 L 52 599 L 52 598 L 53 598 Q 53 598 54 597 L 54 596 L 56 597 Q 59 598 59 600 Q 59 600 62 601 Q 66 601 65 603 Q 64 604 63 605 Q 62 606 63 607 Q 64 608 67 608 L 70 608 L 69 610 Q 68 612 68 616 Q 68 620 68 621 Q 68 622 66 622 Q 63 622 63 626 L 62 630 L 62 630 L 62 630 L 60 630 L 59 630 L 59 630 L 59 630 L 58 631 Q 57 632 55 632 Q 54 633 52 635 Q 51 636 49 637 Q 47 637 47 636 Q 47 635 46 635 Q 45 635 44 637 Q 44 638 41 640 Q 38 642 36 643 Q 35 644 28 645 Q 22 646 19 647 Q 16 648 16 649 Q 16 650 15 652 L 14 653 L 14 655 L 14 657 L 14 657 L 13 656 L 12 656 L 10 656 L 10 654 L 10 652 L 11 652 L 11 652 L 11 651 L 12 651 L 12 650 Q 12 649 12 646 Q 12 644 10 643 Q 8 642 7 634 Q 6 625 5 624 Q 4 624 5 621 Q 6 618 5 616 L 4 615 L 4 614 Q 4 614 3 614 L 3 614 L 3 612 Q 4 609 4 607 Q 6 605 8 602 Q 11 600 12 598 Q 13 596 16 596 Q 20 596 22 596 Q 24 596 24 594 Q 25 592 28 592 z 
'/>
<path style='opacity:1;fill:#653A13;fill-rule:evenodd;stroke:#653A13;stroke-width:1px;stroke-linecap:butt;stroke-linejoin:miter;stroke-opacity:1;' d='M 156 639 L 156 638 L 161 638 L 166 638 L 159 644 Q 152 649 148 658 Q 142 667 142 671 Q 142 675 141 676 Q 140 676 140 678 Q 140 679 140 682 L 140 686 L 140 686 L 140 686 L 140 687 L 140 687 L 139 688 L 139 688 L 139 688 L 138 688 L 138 687 L 138 686 L 137 686 L 137 686 L 136 687 L 135 687 L 135 686 L 136 685 L 136 684 L 136 683 L 135 682 L 135 681 L 134 681 L 133 680 L 128 680 Q 124 680 120 679 Q 117 678 117 678 Q 117 676 110 676 L 102 676 L 102 675 L 102 674 L 101 671 Q 100 668 100 668 L 99 667 L 99 663 Q 100 659 101 660 Q 102 660 102 658 Q 102 656 103 656 Q 104 656 104 657 Q 104 658 105 656 Q 106 654 107 654 Q 108 653 113 652 L 117 651 L 118 651 Q 119 650 122 650 Q 125 648 126 647 Q 126 646 133 645 Q 140 644 148 642 L 155 639 L 156 639 z 
'/>
<path style='opacity:1;fill:#682A0D;fill-rule:evenodd;stroke:#682A0D;stroke-width:1px;stroke-linecap:butt;stroke-linejoin:miter;stroke-opacity:1;' d='M 405 970 L 403 967 L 410 970 Q 418 974 424 974 Q 429 974 430 975 L 431 975 L 431 976 L 432 977 L 432 977 L 432 978 L 432 978 L 432 978 L 431 980 Q 431 982 430 982 Q 428 983 428 984 L 428 985 L 427 985 L 427 986 L 427 986 L 428 986 L 428 986 L 428 986 L 428 987 L 428 987 L 429 987 L 429 988 L 429 988 L 430 988 L 430 988 L 430 989 L 428 989 Q 425 988 424 988 L 422 988 L 422 990 Q 422 991 423 992 L 424 993 L 424 994 L 424 996 L 424 996 L 423 996 L 422 995 L 421 994 L 421 994 L 420 994 L 420 994 L 420 994 L 420 994 L 419 994 L 419 993 Q 418 993 412 988 L 405 982 L 405 982 Q 404 981 404 981 L 404 981 L 404 980 L 404 979 L 403 979 L 403 978 L 405 978 Q 407 978 407 976 Q 408 974 405 970 z 
'/>
<path style='opacity:1;fill:#3E1A0D;fill-rule:evenodd;stroke:#3E1A0D;stroke-width:1px;stroke-linecap:butt;stroke-linejoin:miter;stroke-opacity:1;' d='M 386 1006 L 391 1006 L 392 1006 Q 392 1006 392 1007 L 393 1007 L 393 1007 L 393 1008 L 394 1008 L 395 1008 L 396 1009 L 397 1010 L 397 1010 L 398 1010 L 398 1010 L 398 1010 L 399 1011 L 400 1012 L 417 1024 Q 434 1036 434 1037 L 434 1037 L 434 1037 L 434 1038 L 434 1038 L 434 1038 L 433 1038 L 433 1038 L 433 1039 L 432 1039 L 432 1039 L 432 1040 L 432 1040 L 432 1040 L 432 1042 Q 432 1045 432 1051 L 432 1057 L 432 1058 L 432 1060 L 432 1061 L 432 1062 L 431 1062 L 430 1062 L 430 1061 L 430 1060 L 429 1060 L 429 1060 L 429 1059 L 428 1059 L 428 1059 L 428 1058 L 428 1058 L 428 1058 L 427 1058 L 427 1058 L 426 1057 Q 425 1056 419 1051 Q 413 1046 413 1045 Q 413 1044 400 1032 L 387 1020 L 386 1020 Q 386 1020 384 1016 Q 381 1013 380 1013 L 379 1012 L 379 1012 L 379 1012 L 380 1012 Q 382 1012 381 1011 Q 380 1010 380 1008 Q 380 1005 386 1006 z 
'/>
<path style='opacity:1;fill:#E1922A;fill-rule:evenodd;stroke:#E1922A;stroke-width:1px;stroke-linecap:butt;stroke-linejoin:miter;stroke-opacity:1;' d='M 336 352 L 337 352 L 338 353 L 339 353 L 343 355 Q 347 358 348 358 L 348 358 L 348 358 Q 348 358 348 359 L 349 359 L 349 359 Q 349 360 350 360 L 350 360 L 350 360 Q 350 360 350 361 L 351 361 L 353 365 Q 355 370 355 370 L 356 370 L 356 370 L 356 370 L 357 371 L 358 372 L 358 372 L 358 372 L 358 373 L 358 374 L 358 374 L 358 374 L 358 375 L 358 375 L 357 375 L 357 376 L 357 376 L 356 376 L 356 376 L 356 376 L 352 377 L 347 377 L 346 377 Q 346 376 344 376 L 341 375 L 340 375 L 338 374 L 338 374 L 338 374 L 337 373 L 336 372 L 336 372 L 336 372 L 336 371 L 336 371 L 335 371 Q 335 370 333 368 L 331 366 L 331 366 Q 330 365 330 365 L 330 365 L 330 364 Q 330 364 329 364 L 329 364 L 329 364 L 328 363 L 328 363 L 328 363 L 328 362 L 328 360 L 330 356 Q 332 352 334 352 Q 335 352 336 352 z 
'/>
<path style='opacity:1;fill:#C57F25;fill-rule:evenodd;stroke:#C57F25;stroke-width:1px;stroke-linecap:butt;stroke-linejoin:miter;stroke-opacity:1;' d='M 355 154 L 356 154 L 357 154 Q 358 155 358 154 Q 358 153 359 153 Q 360 153 360 154 Q 360 155 361 155 L 362 155 L 362 156 Q 362 157 361 159 Q 361 161 360 161 L 358 162 L 358 162 L 358 162 L 358 162 L 358 163 L 358 164 L 358 166 L 358 166 Q 358 167 357 166 Q 356 166 351 167 Q 345 168 346 169 Q 346 170 345 170 Q 344 170 342 170 Q 340 170 340 172 Q 340 173 337 174 Q 334 176 332 176 L 330 176 L 329 176 L 328 176 L 328 176 L 328 176 L 328 176 L 328 176 L 329 176 L 329 176 L 329 175 L 330 175 L 330 175 L 330 174 L 327 174 L 324 174 L 324 173 L 324 172 L 324 172 L 324 171 L 324 171 L 324 170 L 325 170 L 326 170 L 326 169 Q 326 169 326 168 Q 326 168 328 166 L 329 163 L 329 163 Q 330 163 330 162 L 330 162 L 333 162 Q 336 161 336 160 Q 336 159 344 157 Q 353 156 353 155 L 353 155 L 353 155 Q 354 155 354 154 L 354 154 L 355 154 z 
'/>
<path style='opacity:1;fill:#DC9325;fill-rule:evenodd;stroke:#DC9325;stroke-width:1px;stroke-linecap:butt;stroke-linejoin:miter;stroke-opacity:1;' d='M 468 502 L 470 502 L 470 501 L 470 501 L 471 502 L 472 503 L 472 504 Q 472 505 471 506 Q 470 506 472 507 Q 473 507 472 509 Q 472 511 474 511 Q 476 511 478 512 Q 478 513 479 514 L 479 514 L 479 515 Q 479 516 478 517 Q 476 518 477 518 Q 478 519 479 522 Q 479 525 477 526 Q 476 526 476 528 Q 476 530 474 530 Q 472 530 472 533 Q 472 536 470 536 Q 468 535 466 541 Q 465 547 464 547 Q 463 547 463 548 Q 463 549 464 549 Q 465 549 465 551 Q 465 553 466 553 Q 468 553 468 556 L 468 558 L 469 558 L 469 559 L 469 560 L 469 561 L 466 561 Q 464 560 463 560 L 462 560 L 462 561 L 462 562 L 463 562 Q 463 562 463 563 L 464 563 L 464 564 Q 464 565 463 565 L 463 566 L 463 566 L 462 566 L 462 567 L 462 568 L 463 569 L 463 570 L 462 570 L 461 570 L 461 569 L 460 569 L 460 569 L 460 569 L 460 568 L 460 568 L 459 568 L 459 568 L 459 567 L 458 567 L 458 566 L 458 565 L 458 563 L 458 561 L 458 562 Q 457 562 457 562 Q 456 562 456 564 L 456 565 L 455 565 L 455 566 L 455 566 L 454 566 L 454 562 Q 454 559 456 559 L 457 558 L 456 558 L 455 558 L 455 557 L 454 557 L 454 557 Q 454 558 453 558 Q 452 558 452 559 Q 452 560 451 560 Q 450 560 450 558 Q 451 557 448 556 Q 446 555 446 553 Q 446 551 444 551 Q 442 551 442 552 Q 442 553 441 553 L 440 552 L 440 552 Q 440 552 441 548 Q 442 544 440 544 Q 437 544 437 542 Q 437 541 435 542 Q 433 542 433 541 Q 433 540 428 541 Q 422 542 421 541 Q 420 540 419 539 Q 417 538 417 541 Q 416 543 416 541 Q 414 539 413 539 Q 411 539 411 537 Q 410 535 410 536 Q 410 537 408 537 Q 407 538 406 536 Q 406 534 404 534 Q 402 534 401 533 L 400 531 L 399 531 L 399 531 L 398 531 L 397 531 L 397 530 L 397 529 L 396 529 L 394 528 L 394 528 L 394 528 L 395 528 L 395 528 L 396 527 L 397 527 L 397 526 L 397 525 L 397 525 L 398 525 L 398 525 L 398 526 L 398 526 L 399 526 L 402 525 Q 405 525 405 524 Q 405 523 408 524 Q 412 524 417 522 Q 422 520 422 519 Q 423 518 426 518 Q 428 518 429 516 Q 430 515 430 516 Q 431 516 432 515 Q 432 514 434 514 Q 437 514 438 511 Q 440 509 443 509 Q 446 509 446 508 Q 447 506 450 507 Q 452 508 452 506 Q 452 505 454 505 Q 455 504 456 504 L 458 504 L 460 503 L 461 503 L 464 502 Q 467 502 468 502 z 
M 475 514 Q 476 514 476 514 Q 476 514 476 514 Q 475 514 475 514 z 
'/>
<path style='opacity:1;fill:#51210D;fill-rule:evenodd;stroke:#51210D;stroke-width:1px;stroke-linecap:butt;stroke-linejoin:miter;stroke-opacity:1;' d='M 348 1028 L 348 1027 L 350 1027 L 352 1028 L 352 1028 L 352 1028 L 353 1028 L 353 1028 L 353 1029 L 354 1029 L 354 1029 L 354 1030 L 355 1030 L 356 1030 L 363 1035 Q 370 1039 370 1040 L 370 1040 L 371 1042 Q 372 1043 372 1044 Q 372 1044 372 1045 L 372 1045 L 373 1045 L 373 1046 L 373 1046 L 374 1046 L 374 1048 Q 376 1051 376 1052 Q 378 1054 378 1054 L 378 1055 L 377 1055 Q 376 1054 376 1054 L 375 1054 L 375 1053 L 374 1053 L 374 1053 L 374 1052 L 374 1052 L 374 1052 L 373 1052 L 373 1052 L 373 1051 L 372 1051 L 372 1051 L 372 1050 L 371 1050 Q 370 1050 370 1051 L 370 1051 L 370 1051 Q 369 1050 364 1046 L 358 1041 L 358 1040 Q 358 1040 357 1040 L 357 1040 L 357 1040 Q 356 1039 356 1039 L 356 1039 L 356 1038 Q 356 1038 355 1037 L 354 1036 L 354 1036 Q 354 1036 354 1035 L 353 1034 L 353 1034 Q 352 1034 352 1033 L 351 1032 L 351 1032 L 350 1032 L 350 1032 L 350 1032 L 350 1031 L 350 1031 L 349 1030 L 348 1029 L 348 1028 z 
'/>
<path style='opacity:1;fill:#342A16;fill-rule:evenodd;stroke:#342A16;stroke-width:1px;stroke-linecap:butt;stroke-linejoin:miter;stroke-opacity:1;' d='M 57 512 L 57 512 L 58 512 L 59 512 L 59 512 L 59 512 L 60 512 L 61 512 L 61 513 L 62 513 L 62 513 L 62 514 L 63 514 L 64 514 L 64 515 L 64 515 L 65 515 L 65 516 L 66 516 L 67 516 L 67 515 L 66 515 L 66 514 L 66 513 L 67 513 L 67 514 L 68 514 L 69 514 L 69 515 L 70 516 L 70 516 L 70 516 L 72 517 L 73 517 L 73 517 L 73 518 L 73 518 L 72 518 L 72 518 L 72 518 L 72 519 L 72 519 L 72 522 Q 72 524 70 524 Q 67 525 63 536 Q 59 548 58 549 Q 58 551 57 551 L 57 551 L 57 550 Q 56 550 56 549 L 56 548 L 55 550 L 55 551 L 55 552 Q 55 554 53 554 L 51 554 L 50 554 L 50 554 L 50 554 Q 50 554 47 553 Q 44 552 44 550 Q 44 549 41 549 L 38 549 L 38 549 Q 38 549 37 549 Q 37 550 34 546 L 32 543 L 32 540 L 32 538 L 32 537 Q 32 536 32 534 Q 30 531 31 528 Q 31 524 30 524 Q 28 524 28 522 L 27 521 L 28 521 L 28 520 L 28 520 L 28 520 L 29 518 L 30 515 L 30 515 L 30 514 L 34 515 Q 38 515 38 514 Q 39 514 41 513 Q 44 512 44 512 Q 46 512 46 510 Q 46 509 47 510 Q 47 511 51 511 Q 55 510 56 511 Q 56 512 57 512 z 
'/>
<path style='opacity:1;fill:#91460E;fill-rule:evenodd;stroke:#91460E;stroke-width:1px;stroke-linecap:butt;stroke-linejoin:miter;stroke-opacity:1;' d='M 491 530 L 493 527 L 493 528 Q 493 529 495 530 Q 497 530 497 536 Q 498 542 498 547 Q 498 552 500 554 Q 502 557 502 560 L 502 563 L 502 564 L 502 565 L 501 566 L 501 566 L 500 566 Q 498 566 498 567 Q 498 568 496 568 Q 494 569 494 570 Q 494 571 493 571 L 492 572 L 490 572 L 487 572 L 487 574 L 486 575 L 486 575 L 486 575 L 486 573 L 486 571 L 486 570 L 486 569 L 486 568 Q 486 567 485 566 L 485 566 L 485 566 L 486 566 L 486 564 Q 486 561 486 558 Q 486 556 487 556 Q 488 557 489 544 Q 490 532 491 530 z 
'/>
<path style='opacity:1;fill:#975310;fill-rule:evenodd;stroke:#975310;stroke-width:1px;stroke-linecap:butt;stroke-linejoin:miter;stroke-opacity:1;' d='M 481 480 L 482 480 L 483 480 Q 484 480 484 480 L 484 480 L 485 480 Q 486 480 487 484 Q 488 488 489 488 Q 490 488 491 494 Q 492 500 493 499 Q 493 498 494 498 Q 495 498 496 502 Q 497 506 498 507 Q 498 507 499 508 L 499 508 L 498 512 Q 497 517 496 517 Q 495 517 495 520 L 495 524 L 495 524 L 494 524 L 494 522 L 494 521 L 493 521 L 493 522 L 492 522 L 491 522 L 490 522 L 490 522 L 490 522 Q 490 522 488 521 Q 486 520 485 516 Q 484 513 482 513 L 480 513 L 480 513 Q 480 514 480 514 L 479 514 L 479 514 Q 478 513 478 512 Q 476 511 474 511 Q 472 511 472 509 Q 473 507 472 507 Q 470 506 471 506 Q 472 505 472 504 L 472 503 L 471 502 L 470 501 L 470 501 L 470 502 L 468 502 Q 467 502 464 502 L 461 503 L 461 502 L 460 500 L 460 500 L 460 500 L 460 499 L 460 499 L 459 499 L 459 498 L 459 498 L 458 498 L 458 497 L 458 496 L 457 496 L 456 496 L 456 495 L 456 495 L 455 495 L 455 494 L 455 494 Q 454 494 454 493 Q 454 492 452 491 L 450 490 L 450 490 L 450 490 L 450 490 L 451 490 L 451 489 L 452 489 L 455 486 Q 458 482 459 482 Q 460 483 460 480 Q 460 476 467 476 Q 474 476 475 477 Q 476 477 476 478 Q 476 480 478 480 Q 480 480 481 480 z 
'/>
<path style='opacity:1;fill:#E69D32;fill-rule:evenodd;stroke:#E69D32;stroke-width:1px;stroke-linecap:butt;stroke-linejoin:miter;stroke-opacity:1;' d='M 351 285 L 351 285 L 352 286 Q 352 287 354 286 Q 357 286 357 288 Q 357 289 358 289 Q 359 289 360 290 Q 360 290 360 290 Q 361 290 362 291 L 362 291 L 360 313 Q 358 335 356 340 Q 355 346 353 347 Q 352 349 351 349 L 351 350 L 351 350 L 350 350 L 350 350 L 350 350 L 350 350 Q 349 350 346 348 Q 342 347 341 344 Q 340 340 340 336 Q 340 332 338 332 Q 337 332 337 334 Q 337 337 336 337 Q 335 338 334 341 Q 334 344 332 344 Q 331 343 334 346 L 336 350 L 337 350 L 337 350 L 337 351 L 338 351 L 338 351 L 338 352 L 338 352 L 338 352 L 339 352 L 339 353 L 338 353 L 337 352 L 336 352 Q 335 352 334 352 Q 332 352 330 356 L 328 360 L 328 361 L 328 362 L 329 362 L 329 362 L 329 363 L 330 363 L 330 363 L 330 364 L 330 364 L 330 364 L 331 365 L 331 366 L 330 366 L 329 366 L 329 365 L 328 365 L 328 365 L 328 364 L 328 364 L 328 364 L 327 364 L 327 364 L 327 363 L 326 363 L 326 362 L 326 361 L 325 360 Q 324 359 324 357 Q 322 355 318 352 Q 314 349 314 348 Q 314 347 313 347 Q 312 346 307 342 L 302 337 L 302 330 Q 302 323 303 320 Q 304 316 304 316 Q 305 316 305 314 Q 305 314 304 313 Q 302 312 302 311 Q 301 309 300 309 Q 299 308 298 304 L 298 299 L 298 298 L 298 297 L 298 297 L 298 297 L 299 297 L 299 296 L 300 296 L 301 296 L 304 296 Q 307 296 308 296 L 309 296 L 310 296 Q 310 296 314 297 L 318 297 L 320 297 Q 321 298 323 298 L 325 298 L 330 298 Q 335 298 339 296 Q 342 294 343 295 Q 343 296 345 294 Q 346 293 348 291 Q 350 289 350 287 Q 350 285 351 285 z 
'/>
<path style='opacity:1;fill:#393118;fill-rule:evenodd;stroke:#393118;stroke-width:1px;stroke-linecap:butt;stroke-linejoin:miter;stroke-opacity:1;' d='M 240 404 L 240 404 L 240 404 L 240 404 L 240 405 L 241 405 L 241 405 L 241 406 L 242 406 L 242 406 L 242 409 Q 242 412 243 412 L 243 413 L 242 416 Q 241 418 239 418 Q 236 419 236 418 Q 235 418 234 418 Q 232 419 233 420 Q 233 421 231 421 Q 229 421 230 423 Q 230 425 231 425 Q 232 426 226 426 Q 219 428 218 428 L 216 428 L 216 428 Q 216 428 215 428 L 215 429 L 215 429 Q 214 429 203 429 Q 192 428 192 427 Q 192 426 182 426 Q 173 426 173 428 Q 172 429 170 429 L 168 429 L 168 428 Q 168 428 167 427 Q 166 426 165 426 Q 164 425 163 424 Q 161 424 161 422 Q 161 420 160 417 Q 160 413 158 412 Q 157 412 158 411 Q 158 410 158 409 Q 158 408 159 407 Q 161 406 160 406 L 159 405 L 160 405 Q 161 405 161 404 Q 161 402 162 402 Q 164 402 166 400 Q 168 398 170 395 L 171 392 L 172 392 L 172 392 L 174 391 L 176 391 L 176 390 Q 176 388 175 388 Q 175 388 178 386 Q 180 385 180 383 Q 180 381 185 381 L 190 381 L 191 380 Q 192 380 192 382 Q 192 383 196 384 Q 201 386 201 387 Q 201 388 204 388 Q 207 388 209 387 Q 212 387 212 389 Q 213 392 217 392 Q 221 392 221 394 Q 221 396 224 395 Q 228 394 230 396 Q 233 398 236 399 Q 239 399 239 402 Q 240 404 240 404 z 
M 165 422 Q 165 421 166 421 Q 167 421 167 422 Q 167 423 166 423 Q 165 423 165 422 z 
M 178 424 Q 178 424 179 423 Q 180 423 180 424 Q 179 424 178 424 z 
M 183 423 Q 184 423 184 423 Q 184 424 184 424 Q 183 424 183 423 z 
'/>
<path style='opacity:1;fill:#4A210F;fill-rule:evenodd;stroke:#4A210F;stroke-width:1px;stroke-linecap:butt;stroke-linejoin:miter;stroke-opacity:1;' d='M 352 115 L 353 115 L 354 115 L 355 115 L 355 116 L 355 117 L 356 117 L 358 118 L 358 118 L 358 118 L 359 118 L 359 118 L 359 117 L 360 117 L 360 117 L 360 118 L 362 118 Q 363 118 362 119 Q 362 120 362 121 L 362 121 L 360 131 Q 358 141 357 146 Q 356 151 355 151 L 355 152 L 355 152 L 354 152 L 354 153 L 354 154 L 354 154 Q 353 154 353 155 L 353 155 L 353 155 Q 353 156 344 157 Q 336 159 336 160 Q 336 161 333 162 L 330 162 L 330 162 Q 329 162 329 163 L 329 163 L 328 163 Q 327 164 324 164 Q 322 164 316 168 Q 310 171 306 174 Q 302 178 302 180 L 301 182 L 300 182 Q 298 182 298 181 Q 298 180 296 183 L 294 186 L 294 186 L 294 186 L 293 186 L 293 186 L 293 187 L 292 187 L 292 187 L 292 188 L 292 188 L 292 188 L 291 188 L 291 188 L 291 187 L 290 187 L 290 187 L 290 188 L 290 188 L 290 188 L 289 188 L 289 188 L 288 189 L 287 189 L 287 188 L 288 187 L 288 187 L 288 186 L 288 186 L 288 186 L 288 186 L 288 185 L 288 184 L 288 183 L 289 183 L 289 182 L 289 182 L 290 182 L 290 180 Q 290 179 291 176 L 292 174 L 292 174 Q 292 174 293 174 L 293 173 L 297 166 Q 302 158 302 158 L 302 158 L 302 158 L 302 157 L 302 157 L 302 156 L 302 156 L 303 156 L 304 156 L 306 156 L 306 155 L 306 155 L 307 155 L 307 154 L 307 154 L 308 154 L 312 148 Q 317 142 318 141 Q 319 141 319 140 Q 319 139 320 138 Q 322 138 322 137 Q 322 136 328 131 Q 334 126 335 126 Q 336 126 337 124 Q 338 123 338 122 L 338 122 L 338 122 Q 338 122 339 122 L 339 121 L 343 120 Q 346 118 349 117 Q 352 116 352 115 z 
'/>
<path style='opacity:1;fill:#9A8332;fill-rule:evenodd;stroke:#9A8332;stroke-width:1px;stroke-linecap:butt;stroke-linejoin:miter;stroke-opacity:1;' d='M 630 226 L 630 227 L 631 226 Q 632 226 632 228 L 632 229 L 633 229 L 633 228 L 633 228 L 634 228 L 634 227 Q 635 226 635 226 L 636 226 L 636 225 L 636 224 L 637 224 L 638 224 L 638 225 L 638 226 L 637 228 L 637 229 L 636 229 L 635 229 L 635 232 Q 634 236 634 237 Q 634 238 633 238 Q 632 238 632 240 Q 631 241 630 241 Q 629 242 627 243 Q 626 244 624 245 Q 623 246 622 249 L 622 252 L 620 252 Q 619 252 619 253 L 618 253 L 618 253 L 618 254 L 617 254 L 616 254 L 616 252 L 616 251 L 615 251 L 615 252 L 615 252 L 614 252 L 614 252 L 614 252 L 614 253 L 614 253 L 613 253 L 613 252 L 612 252 L 611 252 L 611 251 Q 610 250 610 244 L 610 238 L 610 237 L 610 236 L 609 236 Q 609 236 608 237 Q 607 238 606 238 Q 605 238 604 236 Q 602 234 601 235 Q 599 236 598 235 Q 598 234 595 234 Q 592 234 592 232 Q 592 232 589 231 L 586 230 L 585 230 L 584 230 L 584 230 L 584 229 L 583 229 L 583 230 L 583 230 L 583 230 L 583 230 L 582 230 L 582 228 L 582 227 L 582 227 L 582 226 L 583 226 L 584 226 L 584 227 L 584 227 L 585 227 L 585 226 L 587 225 Q 588 224 592 223 Q 596 222 598 221 Q 599 220 602 217 Q 604 214 606 213 Q 608 213 610 213 Q 610 213 611 214 Q 612 214 612 213 Q 613 212 616 214 Q 618 216 620 215 Q 622 215 622 216 Q 622 218 624 218 Q 626 218 626 221 Q 627 224 628 223 Q 628 222 629 223 Q 630 224 630 226 z 
'/>
<path style='opacity:1;fill:#211D12;fill-rule:evenodd;stroke:#211D12;stroke-width:1px;stroke-linecap:butt;stroke-linejoin:miter;stroke-opacity:1;' d='M 31 337 L 31 340 L 31 341 Q 31 342 32 342 Q 33 342 33 345 Q 33 348 34 348 Q 34 348 34 347 Q 34 346 36 346 L 37 346 L 37 354 Q 37 361 38 361 Q 39 361 40 360 Q 40 358 41 358 L 42 358 L 42 359 L 42 359 L 42 360 L 42 361 L 42 361 L 42 362 L 42 362 L 42 362 L 43 364 Q 43 366 41 368 Q 40 369 41 372 Q 42 376 40 376 Q 38 376 38 378 L 38 381 L 38 382 Q 37 384 34 384 Q 32 384 32 385 L 32 386 L 32 387 L 32 388 L 32 388 L 32 388 L 32 389 L 32 389 L 30 390 Q 28 391 28 392 Q 28 393 31 396 Q 34 398 35 400 Q 36 403 36 404 Q 36 406 37 410 L 37 413 L 38 413 L 39 413 L 39 410 Q 40 408 40 408 L 40 408 L 40 408 L 41 408 L 41 407 L 41 407 L 41 406 L 42 406 L 42 406 L 42 406 L 42 405 L 42 405 L 43 406 L 43 407 L 43 408 L 43 408 L 43 408 L 43 408 L 43 409 L 42 409 L 43 415 Q 43 420 45 421 Q 46 421 47 424 Q 48 427 48 428 Q 48 430 50 429 Q 51 429 50 434 Q 49 440 48 440 Q 47 440 48 441 Q 50 441 51 444 Q 52 447 51 447 Q 50 447 50 448 L 50 450 L 49 452 L 49 453 L 49 458 Q 50 462 49 465 Q 48 468 48 469 L 48 470 L 53 470 Q 57 470 57 471 L 58 472 L 58 472 L 58 472 L 58 473 L 58 473 L 57 475 L 57 477 L 57 478 L 57 479 L 56 479 L 54 480 L 54 480 L 54 480 L 53 480 Q 53 480 50 480 L 47 478 L 47 479 L 46 479 L 46 480 L 46 481 L 45 481 L 45 482 L 44 482 L 44 482 L 44 482 Q 43 482 42 481 L 41 481 L 40 484 Q 38 487 39 486 Q 40 486 41 488 Q 41 490 39 490 Q 36 491 36 493 Q 36 495 35 495 Q 34 495 34 494 Q 34 493 28 494 Q 22 495 22 498 Q 22 500 21 501 Q 20 502 19 506 Q 18 510 19 510 Q 20 509 21 512 L 22 514 L 22 514 L 22 514 L 24 515 Q 27 515 27 516 Q 26 517 26 518 L 26 520 L 27 520 L 27 521 L 28 522 Q 28 524 30 524 Q 31 524 31 528 Q 30 531 32 534 Q 32 536 32 537 L 32 538 L 32 540 L 32 543 L 32 543 L 32 543 L 31 543 L 31 544 L 30 544 L 30 544 L 30 543 L 30 543 L 29 543 L 29 544 L 28 544 L 28 544 L 28 542 Q 28 540 26 541 Q 24 542 23 540 Q 22 538 19 538 L 16 538 L 16 538 L 16 538 L 16 540 Q 16 541 14 544 Q 11 546 11 548 Q 10 551 10 554 Q 10 558 12 558 Q 13 559 12 566 Q 10 573 10 574 L 10 575 L 9 575 L 9 576 L 8 576 L 7 576 L 7 577 L 6 578 L 6 578 L 6 578 L 6 577 L 6 577 L 5 576 L 5 575 L 4 575 L 3 574 L 3 574 L 2 574 L 2 574 L 2 574 L 2 575 L 2 575 L 1 576 L 0 577 L 0 577 L 0 577 L 0 453 L 0 329 L 2 329 L 4 328 L 4 328 L 4 328 L 6 325 Q 7 322 10 322 Q 12 322 12 324 Q 12 325 13 325 Q 14 325 14 324 Q 15 322 19 323 Q 22 324 23 323 Q 24 322 25 324 Q 26 325 28 330 Q 30 334 30 334 Q 30 334 31 337 z 
'/>
<path style='opacity:1;fill:#75692C;fill-rule:evenodd;stroke:#75692C;stroke-width:1px;stroke-linecap:butt;stroke-linejoin:miter;stroke-opacity:1;' d='M 0 38 L 0 0 L 14 0 L 28 0 L 29 0 Q 30 1 30 4 Q 29 7 31 6 Q 32 6 34 12 Q 35 18 36 19 Q 36 20 34 20 Q 33 20 34 23 Q 34 26 34 28 Q 33 30 32 30 Q 31 30 31 32 Q 32 34 32 36 L 32 38 L 31 38 Q 30 38 30 39 L 30 39 L 30 39 Q 30 39 29 39 Q 29 40 28 39 L 28 38 L 27 38 L 27 38 L 27 37 L 26 37 L 26 38 Q 26 39 23 42 Q 20 44 20 46 Q 20 49 19 48 Q 18 47 18 48 Q 16 50 16 49 Q 15 48 13 52 Q 11 56 10 63 Q 8 71 8 72 L 8 73 L 8 73 L 8 74 L 8 74 L 8 74 L 7 75 L 6 76 L 6 76 L 6 76 L 6 75 L 6 75 L 5 75 L 5 76 L 3 76 L 1 76 L 0 77 L 0 77 L 0 38 z 
'/>
<path style='opacity:1;fill:#260C08;fill-rule:evenodd;stroke:#260C08;stroke-width:1px;stroke-linecap:butt;stroke-linejoin:miter;stroke-opacity:1;' d='M 411 104 L 421 104 L 422 107 Q 423 110 422 110 Q 421 110 421 111 L 422 112 L 422 113 L 422 114 L 423 114 Q 424 115 425 116 Q 426 116 426 118 Q 426 119 432 121 Q 438 123 446 127 Q 455 132 460 134 Q 464 136 467 138 Q 470 139 472 140 Q 474 140 474 142 Q 474 143 476 143 L 478 144 L 480 144 L 481 144 L 482 144 L 484 144 L 484 144 L 484 144 L 484 142 L 484 141 L 484 140 L 484 139 L 485 138 Q 486 137 486 135 Q 486 133 484 131 L 482 130 L 482 129 L 482 129 L 481 129 L 481 128 L 481 128 L 480 128 L 480 128 L 480 128 L 480 127 L 480 127 L 479 127 L 479 126 L 480 126 L 481 126 L 482 127 L 484 128 L 486 128 L 487 128 L 488 127 L 489 127 L 489 127 L 489 128 L 490 128 L 490 128 L 499 134 Q 508 141 509 142 Q 510 144 511 145 L 511 146 L 512 146 L 513 146 L 513 147 L 514 148 L 514 148 L 514 148 L 514 149 L 515 149 L 526 164 Q 538 180 544 196 Q 550 212 551 213 L 551 214 L 554 233 Q 558 252 558 254 L 558 256 L 559 268 Q 560 280 561 280 L 561 281 L 561 296 Q 560 310 560 315 Q 560 320 560 322 L 560 323 L 560 323 Q 559 322 558 323 Q 558 324 557 324 Q 556 324 556 324 Q 555 325 553 324 L 552 324 L 551 324 L 551 324 L 551 323 L 550 323 L 550 327 Q 549 332 549 333 Q 548 334 549 334 L 549 335 L 548 335 L 547 336 L 547 336 L 546 336 L 546 336 L 546 336 L 546 337 L 546 337 L 547 337 L 547 338 L 546 338 L 545 338 L 545 336 L 545 335 L 543 335 Q 541 335 540 330 Q 539 324 538 323 Q 536 322 534 322 Q 531 322 532 317 L 532 312 L 532 312 L 532 311 L 532 311 L 532 310 L 531 310 L 530 310 L 530 311 L 530 312 L 529 312 Q 528 312 527 314 L 526 317 L 525 316 Q 524 315 524 314 Q 524 313 523 312 L 522 312 L 521 312 L 520 312 L 520 312 L 520 312 L 519 311 Q 518 310 518 306 Q 518 301 520 300 Q 522 300 522 298 Q 521 296 521 294 Q 521 292 517 291 Q 513 290 512 286 Q 511 281 510 281 Q 509 282 508 279 L 506 277 L 506 276 Q 506 275 504 274 Q 502 273 494 270 Q 486 268 486 270 Q 486 271 485 270 Q 484 269 483 268 Q 482 268 481 262 Q 480 256 482 254 Q 484 251 483 243 Q 482 236 480 229 Q 478 223 477 222 Q 476 220 475 222 Q 474 224 473 219 Q 472 214 467 214 L 462 213 L 462 212 Q 462 210 458 204 Q 454 198 452 197 Q 450 196 450 192 Q 450 187 448 185 Q 446 183 443 182 Q 441 180 440 178 Q 440 176 438 175 Q 436 174 434 172 Q 431 171 431 170 Q 431 169 429 169 Q 427 170 426 169 Q 426 168 421 166 Q 416 164 406 161 L 395 159 L 392 159 Q 390 158 386 158 L 381 158 L 381 158 Q 380 157 380 157 L 380 157 L 380 156 Q 380 156 379 155 Q 379 154 376 154 Q 374 153 374 140 Q 374 126 376 124 L 376 121 L 376 120 L 376 120 L 376 118 L 376 117 L 374 117 L 373 116 L 372 116 Q 370 116 368 117 Q 366 118 366 120 Q 366 121 364 121 L 362 121 L 362 121 Q 362 120 362 119 Q 363 118 362 118 L 360 118 L 360 117 L 360 117 L 359 117 L 359 118 L 359 118 L 358 118 L 358 118 L 358 118 L 356 117 L 355 117 L 355 116 L 355 115 L 354 115 L 353 115 L 353 115 L 353 114 L 353 114 L 354 114 L 354 114 L 354 114 L 356 113 L 359 112 L 359 112 L 360 112 L 360 112 Q 360 112 361 111 L 362 111 L 362 111 L 362 111 L 363 111 L 363 110 L 376 108 Q 390 104 396 104 Q 401 104 411 104 z 
'/>
<path style='opacity:1;fill:#451E0A;fill-rule:evenodd;stroke:#451E0A;stroke-width:1px;stroke-linecap:butt;stroke-linejoin:miter;stroke-opacity:1;' d='M 802 768 L 803 768 L 803 770 L 804 772 L 804 773 L 804 774 L 803 774 L 802 774 L 802 775 L 802 775 L 800 775 Q 798 776 794 776 Q 790 778 788 780 Q 785 782 776 782 Q 768 782 767 779 Q 766 777 762 764 L 758 752 L 758 750 Q 758 747 757 744 L 757 741 L 758 740 Q 758 739 762 742 Q 765 744 770 745 Q 775 745 775 746 Q 775 748 776 748 Q 777 748 777 746 Q 777 745 778 745 Q 779 745 780 746 Q 780 748 783 748 Q 786 748 787 753 Q 788 758 792 759 Q 797 760 798 764 Q 800 768 802 768 z 
'/>
<path style='opacity:1;fill:#312A0D;fill-rule:evenodd;stroke:#312A0D;stroke-width:1px;stroke-linecap:butt;stroke-linejoin:miter;stroke-opacity:1;' d='M 770 337 L 772 337 L 772 337 L 772 338 L 775 340 Q 778 342 786 342 Q 794 342 794 343 Q 794 344 796 343 Q 799 342 801 342 Q 804 343 805 341 Q 807 340 808 339 L 809 338 L 810 338 L 811 338 L 812 337 L 813 337 L 813 348 L 813 359 L 813 359 Q 812 359 810 362 Q 808 366 807 366 Q 806 366 803 366 Q 801 367 801 366 Q 800 365 800 366 Q 799 368 798 368 Q 797 368 797 370 Q 796 372 794 373 Q 791 374 790 376 L 790 377 L 789 377 Q 788 376 787 377 Q 786 378 782 376 Q 779 374 776 374 Q 772 374 771 374 L 770 375 L 770 376 L 770 376 L 770 376 L 770 377 L 769 377 Q 768 376 766 376 Q 763 375 763 374 Q 764 373 762 372 Q 761 372 761 370 L 761 368 L 760 368 Q 759 368 758 370 Q 758 372 756 371 L 755 370 L 755 370 L 754 370 L 754 369 L 754 368 L 753 366 Q 752 365 753 364 Q 754 362 754 360 Q 754 358 753 358 Q 752 357 752 358 Q 752 359 751 358 L 750 358 L 751 355 Q 752 352 751 352 Q 750 352 752 349 Q 753 346 756 344 Q 759 340 758 340 Q 758 339 760 338 Q 762 338 765 336 Q 768 336 768 336 Q 769 336 770 337 z 
'/>
<path style='opacity:1;fill:#622C0F;fill-rule:evenodd;stroke:#622C0F;stroke-width:1px;stroke-linecap:butt;stroke-linejoin:miter;stroke-opacity:1;' d='M 536 998 L 537 998 L 539 999 Q 541 1000 546 1001 Q 550 1002 550 1002 L 551 1002 L 551 1002 L 551 1002 L 551 1003 L 552 1003 L 552 1003 L 552 1004 L 552 1004 L 552 1004 L 552 1007 Q 552 1010 554 1012 Q 556 1013 556 1015 Q 556 1017 556 1018 L 556 1020 L 554 1020 L 553 1020 L 553 1021 L 553 1021 L 552 1021 L 551 1020 L 550 1020 L 549 1020 L 548 1020 L 548 1020 L 547 1020 Q 546 1020 541 1016 Q 536 1012 531 1010 L 527 1008 L 527 1007 L 526 1007 L 526 1007 L 526 1007 L 526 1006 L 526 1005 L 527 1005 L 528 1005 L 528 1004 L 528 1003 L 527 1003 L 526 1003 L 526 1002 L 526 1000 L 527 1000 L 528 1000 L 530 1000 L 532 1000 L 532 1000 L 532 1000 L 533 999 Q 535 998 536 998 z 
'/>
<path style='opacity:1;fill:#52260E;fill-rule:evenodd;stroke:#52260E;stroke-width:1px;stroke-linecap:butt;stroke-linejoin:miter;stroke-opacity:1;' d='M 461 219 L 462 213 L 467 214 Q 472 214 473 219 Q 474 224 475 222 Q 476 220 477 222 Q 478 223 480 229 Q 482 236 483 243 Q 484 251 482 254 Q 480 256 481 262 Q 482 268 483 268 Q 484 269 485 270 Q 486 271 486 270 Q 486 268 494 270 Q 502 273 504 274 Q 506 275 506 276 L 506 277 L 506 277 Q 506 278 505 277 L 504 277 L 503 278 Q 502 278 502 280 L 502 283 L 501 285 L 501 287 L 500 287 L 499 287 L 499 288 L 499 290 L 498 290 L 497 290 L 497 289 L 496 289 L 496 289 Q 496 288 496 288 Q 496 288 495 286 Q 494 284 494 284 Q 493 285 492 285 L 491 284 L 491 284 L 490 284 L 490 284 L 490 284 L 488 283 L 487 283 L 487 284 L 486 286 L 486 290 Q 485 295 483 296 Q 482 298 481 300 Q 480 301 480 301 L 480 301 L 480 301 Q 480 301 479 302 Q 479 304 476 305 Q 474 306 473 307 L 472 308 L 472 308 L 472 308 L 472 309 L 472 309 L 471 309 L 471 308 L 470 308 L 469 308 L 469 309 L 468 309 L 468 308 L 468 307 L 468 307 L 468 307 L 468 306 L 468 305 L 468 305 L 468 305 L 468 304 Q 468 302 467 294 Q 466 286 465 282 L 463 277 L 462 277 Q 461 276 458 276 Q 456 276 453 278 L 450 279 L 450 279 L 450 280 L 448 280 L 445 280 L 445 280 L 445 280 L 445 279 L 446 279 L 446 279 L 446 278 L 447 278 L 448 278 L 450 276 Q 452 273 452 272 L 452 271 L 452 270 L 452 270 L 452 270 L 452 270 L 450 269 Q 449 269 449 268 L 449 266 L 448 266 Q 447 266 436 264 L 425 264 L 425 263 L 424 263 L 424 263 L 424 263 L 424 263 L 424 262 L 426 262 L 427 262 L 427 261 L 427 261 L 433 260 Q 439 258 446 256 Q 452 254 456 251 Q 460 248 461 243 Q 462 238 461 236 L 461 235 L 461 235 L 462 235 L 462 230 Q 462 225 461 225 Q 460 224 461 219 z 
'/>
<path style='opacity:1;fill:#876B15;fill-rule:evenodd;stroke:#876B15;stroke-width:1px;stroke-linecap:butt;stroke-linejoin:miter;stroke-opacity:1;' d='M 700 547 L 700 546 L 703 548 Q 706 550 710 550 Q 714 550 714 549 Q 714 548 716 548 Q 718 548 720 547 L 722 547 L 730 549 Q 738 551 738 552 Q 738 553 739 553 L 740 553 L 740 553 Q 740 554 740 555 Q 741 556 732 558 L 724 560 L 722 560 Q 720 560 719 559 Q 718 558 706 559 L 693 559 L 688 559 L 684 558 L 684 558 L 684 558 L 683 557 L 682 556 L 682 556 L 682 556 L 682 555 L 682 555 L 684 555 L 685 555 L 685 554 L 686 553 L 686 553 L 686 552 L 688 552 Q 690 552 695 551 L 700 551 L 700 550 L 700 549 L 699 549 L 699 548 L 699 548 L 700 548 L 700 547 z 
'/>
<path style='opacity:1;fill:#9D5617;fill-rule:evenodd;stroke:#9D5617;stroke-width:1px;stroke-linecap:butt;stroke-linejoin:miter;stroke-opacity:1;' d='M 447 335 L 448 335 L 445 342 Q 442 348 442 356 Q 440 363 440 374 Q 440 386 434 393 Q 429 400 427 402 Q 424 404 422 408 Q 420 412 419 412 Q 418 413 418 413 L 418 414 L 418 414 L 418 414 L 417 414 L 417 414 L 417 415 L 416 415 L 416 415 L 416 416 L 416 416 L 416 416 L 415 416 L 415 416 L 415 417 L 414 417 L 414 417 L 414 418 L 414 418 L 414 418 L 413 418 L 413 419 L 412 419 Q 411 420 401 424 Q 391 430 378 432 L 365 435 L 365 435 L 365 434 L 366 434 L 367 434 L 368 433 L 369 432 L 369 432 L 368 432 L 368 432 L 368 432 L 366 431 L 365 430 L 363 430 L 361 430 L 361 429 L 362 429 L 362 429 L 362 428 L 361 428 L 360 428 L 362 427 L 363 426 L 363 426 Q 364 426 364 426 L 364 425 L 364 425 Q 364 424 367 422 Q 370 420 372 418 L 374 415 L 375 411 L 375 407 L 374 407 Q 373 407 373 406 Q 373 405 368 404 L 364 404 L 364 403 Q 364 402 365 401 Q 365 400 363 400 L 361 400 L 361 399 L 360 399 L 360 399 L 360 398 L 358 398 L 356 398 L 356 396 L 356 395 L 357 395 L 357 394 L 362 393 Q 366 392 366 391 L 366 391 L 367 391 L 367 390 L 367 390 L 368 390 L 368 390 L 368 390 L 368 389 L 368 389 L 368 388 L 368 386 L 368 386 L 368 386 L 368 385 L 368 385 L 367 385 L 367 385 L 366 385 Q 364 384 362 384 L 359 384 L 359 384 L 359 384 L 375 382 Q 392 380 393 379 Q 394 378 396 378 Q 399 378 400 376 Q 400 375 401 375 L 402 374 L 402 374 L 402 374 L 403 374 L 403 374 L 403 373 L 404 373 L 404 372 L 404 370 L 405 369 L 406 368 L 406 368 L 406 368 L 404 367 L 403 366 L 403 366 Q 402 366 397 364 L 391 362 L 391 362 L 390 362 L 390 362 L 390 362 L 390 361 L 390 361 L 392 361 L 395 360 L 399 360 Q 403 358 408 356 Q 412 352 412 352 L 413 352 L 414 352 Q 415 352 415 351 L 415 351 L 416 351 Q 416 350 418 350 L 419 350 L 419 349 L 420 349 L 420 349 L 420 348 L 420 347 Q 421 346 427 344 Q 433 342 437 342 Q 440 341 441 340 Q 441 338 444 338 Q 446 337 446 336 Q 446 335 447 335 z 
'/>
<path style='opacity:1;fill:#2A220D;fill-rule:evenodd;stroke:#2A220D;stroke-width:1px;stroke-linecap:butt;stroke-linejoin:miter;stroke-opacity:1;' d='M 718 424 L 718 424 L 719 424 Q 720 425 720 428 Q 720 432 721 432 Q 722 432 722 434 Q 721 436 725 436 Q 729 437 729 439 Q 729 441 732 442 Q 734 442 732 448 Q 729 454 728 457 Q 728 459 730 459 Q 732 459 731 461 Q 731 462 731 463 L 732 463 L 732 464 L 732 465 L 731 466 L 731 468 L 730 468 L 730 468 L 728 468 L 726 468 L 726 467 Q 726 467 725 468 L 725 468 L 724 468 Q 724 468 724 469 L 724 469 L 719 469 Q 714 469 714 468 Q 714 466 712 466 Q 711 465 710 467 Q 710 469 708 466 Q 707 462 705 462 Q 703 462 703 460 Q 703 457 702 458 Q 700 458 699 458 Q 697 458 697 457 Q 697 456 696 456 Q 695 456 696 452 Q 697 448 696 448 Q 694 448 694 447 L 694 446 L 694 444 Q 694 443 694 440 L 694 438 L 694 438 L 694 438 L 696 437 Q 697 437 698 436 Q 699 434 701 434 Q 703 434 705 434 Q 708 433 708 431 Q 708 429 709 429 Q 710 429 710 427 Q 710 425 714 425 Q 717 424 718 424 z 
'/>
<path style='opacity:1;fill:#1C100A;fill-rule:evenodd;stroke:#1C100A;stroke-width:1px;stroke-linecap:butt;stroke-linejoin:miter;stroke-opacity:1;' d='M 359 722 L 361 716 L 361 722 L 362 727 L 362 727 L 362 728 L 363 728 L 364 728 L 365 727 L 366 727 L 366 726 L 366 724 L 367 724 L 367 724 L 367 725 L 368 726 L 368 726 L 368 726 L 369 727 L 370 728 L 370 728 L 370 728 L 371 730 L 371 731 L 372 731 L 374 732 L 374 732 L 374 732 L 375 734 L 376 735 L 376 735 L 376 734 L 376 732 Q 377 730 380 730 Q 382 730 383 730 Q 384 731 384 730 Q 384 729 389 729 Q 394 729 394 728 Q 394 727 396 726 Q 398 724 399 724 L 399 725 L 396 728 Q 394 731 393 734 Q 392 736 394 737 Q 396 738 392 744 Q 388 752 386 752 Q 384 753 382 756 Q 380 758 380 758 L 380 758 L 380 759 L 380 759 L 379 759 L 379 760 L 379 760 L 378 760 L 378 760 L 378 760 L 378 761 L 378 761 L 377 761 L 377 762 L 377 762 L 376 762 L 376 764 L 376 765 L 376 766 L 376 767 L 376 767 L 376 766 L 376 766 L 376 766 L 377 766 L 377 766 L 377 765 L 378 765 L 378 765 L 378 764 L 378 764 L 378 764 L 379 764 L 379 764 L 379 763 L 380 763 L 380 763 L 380 762 L 380 762 L 380 762 L 381 762 L 381 762 L 381 761 L 382 761 L 382 761 Q 382 760 386 759 Q 389 758 389 757 Q 390 756 393 754 Q 396 752 399 751 Q 401 750 404 748 L 406 745 L 406 745 L 406 745 L 407 745 L 407 746 L 408 746 L 408 746 L 408 745 L 408 745 L 409 748 Q 410 752 411 750 Q 413 749 413 750 Q 413 752 418 752 Q 422 752 422 756 Q 422 761 423 761 Q 424 761 424 760 Q 425 758 426 758 L 427 758 L 427 759 L 426 760 L 420 770 Q 414 780 414 782 Q 413 784 411 784 Q 408 784 406 786 Q 404 788 405 789 Q 406 790 402 794 Q 400 797 399 799 Q 398 800 396 801 Q 394 802 394 803 Q 394 804 393 804 Q 392 804 388 808 Q 385 812 380 816 Q 376 820 376 820 L 375 820 L 374 820 Q 373 820 370 820 Q 367 821 366 820 Q 366 818 366 820 Q 366 820 364 821 L 362 822 L 362 823 L 362 824 L 361 823 L 361 822 L 360 822 L 358 822 L 358 820 Q 358 819 361 816 L 363 812 L 362 812 L 361 812 L 361 813 L 360 814 L 360 814 L 360 814 L 360 813 L 360 813 L 359 812 L 359 811 L 358 811 L 357 812 L 356 812 L 356 812 L 355 811 L 354 811 L 351 815 Q 348 818 347 819 Q 346 819 346 820 Q 346 821 345 821 Q 344 821 344 822 Q 344 823 342 825 Q 340 827 339 829 Q 338 831 334 831 Q 330 831 330 836 Q 331 841 330 841 Q 329 841 328 845 Q 327 848 326 850 Q 326 851 323 852 Q 320 853 320 855 Q 319 856 316 857 Q 314 858 313 860 Q 313 862 311 862 Q 310 862 309 864 Q 309 865 307 865 L 305 866 L 305 866 L 304 866 L 304 866 L 304 866 L 304 867 L 304 867 L 305 868 L 305 868 L 304 868 L 303 868 L 303 867 L 302 867 L 302 865 L 302 863 L 301 863 L 301 862 L 301 862 L 300 862 L 300 862 Q 300 862 298 860 L 296 859 L 296 858 Q 296 857 295 854 L 295 851 L 296 851 L 296 850 L 298 850 Q 300 850 300 848 Q 300 846 302 846 Q 303 846 303 840 L 304 835 L 304 833 L 304 831 L 305 833 Q 306 834 308 835 Q 310 835 310 833 Q 310 831 312 831 Q 314 831 315 829 Q 316 826 318 827 Q 320 827 321 828 Q 322 829 322 828 L 322 826 L 323 826 L 324 826 L 324 825 L 324 825 L 324 820 L 324 816 L 324 816 L 324 816 L 323 817 L 322 818 L 321 818 L 320 818 L 320 820 Q 319 822 318 822 Q 318 822 317 821 L 316 821 L 316 822 L 316 823 L 315 824 L 314 825 L 314 823 L 314 821 L 314 818 L 314 816 L 314 814 Q 314 811 314 809 Q 314 807 315 807 Q 316 808 319 806 L 322 806 L 321 805 Q 320 804 322 804 L 323 804 L 323 803 L 323 802 L 322 802 L 320 802 L 320 798 L 320 795 L 319 795 L 319 796 L 319 796 L 318 796 L 318 796 L 318 796 L 317 797 Q 316 798 316 800 L 316 801 L 316 801 L 316 802 L 316 802 L 316 802 L 315 802 L 315 802 L 314 802 L 314 802 L 313 802 L 312 802 L 312 800 L 312 798 L 313 798 L 313 798 L 313 797 L 314 797 L 314 797 L 314 796 L 314 796 L 314 796 L 315 796 L 315 796 L 315 795 Q 316 795 316 786 Q 316 777 318 775 Q 320 773 319 771 Q 318 769 319 766 Q 320 764 320 764 Q 321 763 322 762 L 322 760 L 322 760 Q 323 760 323 759 L 323 759 L 323 758 Q 324 756 328 754 Q 332 752 334 751 Q 336 750 336 749 Q 337 748 339 748 Q 341 749 342 745 L 344 740 L 344 740 L 344 740 L 344 740 L 345 740 L 345 739 L 345 739 L 346 739 Q 346 738 346 738 L 346 738 L 346 738 Q 346 738 347 739 L 348 740 L 348 742 L 348 743 L 349 742 L 350 740 L 350 738 Q 350 736 351 732 Q 351 729 354 730 Q 356 730 356 728 Q 356 727 359 722 z 
M 416 772 Q 416 772 417 772 Q 417 772 416 772 Q 416 772 416 772 z 
'/>
<path style='opacity:1;fill:#3E3418;fill-rule:evenodd;stroke:#3E3418;stroke-width:1px;stroke-linecap:butt;stroke-linejoin:miter;stroke-opacity:1;' d='M 223 488 L 224 489 L 225 489 L 225 490 L 226 489 Q 226 489 227 489 L 227 489 L 227 489 Q 227 490 228 490 L 228 490 L 228 491 Q 228 492 229 492 Q 230 492 230 493 Q 229 494 230 495 Q 231 496 231 496 L 231 496 L 230 496 L 229 496 L 229 498 L 228 500 L 227 506 Q 226 511 225 514 Q 224 517 224 520 L 224 523 L 224 524 L 224 524 L 223 524 L 222 524 L 222 522 L 222 521 L 222 518 L 222 516 L 222 514 Q 222 513 220 511 Q 220 509 218 508 Q 216 508 217 504 Q 218 500 216 499 L 214 498 L 214 498 Q 214 498 216 496 Q 217 494 218 494 Q 219 494 218 493 Q 217 492 218 492 L 220 491 L 220 491 L 220 491 L 221 490 Q 221 488 223 488 z 
'/>
<path style='opacity:1;fill:#F0B53A;fill-rule:evenodd;stroke:#F0B53A;stroke-width:1px;stroke-linecap:butt;stroke-linejoin:miter;stroke-opacity:1;' d='M 358 166 L 358 166 L 360 166 Q 362 167 363 168 Q 363 169 364 169 Q 365 169 365 170 Q 365 171 367 171 Q 369 171 369 170 Q 369 168 370 168 Q 371 168 372 170 Q 372 172 373 171 Q 374 171 375 172 Q 375 173 378 174 Q 382 175 383 176 Q 385 176 386 177 Q 386 178 389 179 Q 392 180 392 182 Q 393 184 394 183 Q 396 183 396 184 Q 396 185 398 186 Q 400 188 402 192 Q 405 196 406 196 L 408 196 L 408 197 L 408 197 L 409 199 L 410 201 L 410 202 L 410 204 L 408 205 Q 406 206 403 211 Q 400 216 400 221 Q 400 226 403 229 Q 406 232 404 233 Q 402 234 402 236 Q 402 237 404 237 Q 406 237 406 238 L 406 239 L 405 239 L 405 240 L 405 240 L 406 240 L 406 240 L 406 240 L 404 241 Q 403 241 403 242 L 402 243 L 402 243 L 402 243 L 398 243 Q 395 244 390 244 Q 385 245 385 246 Q 384 247 382 248 L 380 250 L 379 250 L 379 250 L 377 250 Q 375 250 375 251 Q 375 252 374 252 Q 372 252 368 256 Q 364 260 360 259 Q 355 258 354 257 Q 352 256 351 256 Q 350 256 349 255 Q 348 254 346 255 L 344 256 L 342 255 L 340 255 L 340 254 L 340 253 L 339 253 L 339 252 L 339 252 L 338 252 L 338 253 L 338 254 L 337 254 Q 336 254 336 253 Q 336 252 335 252 L 334 251 L 334 250 Q 334 250 333 250 L 333 250 L 333 249 Q 334 248 334 244 Q 334 241 335 241 Q 336 240 335 239 Q 334 238 334 231 Q 335 224 334 226 Q 334 228 333 224 Q 333 221 332 221 Q 331 221 331 219 Q 331 217 330 217 Q 329 217 329 215 Q 329 213 326 213 Q 323 213 322 210 Q 320 208 319 198 Q 318 187 319 187 Q 320 186 321 184 Q 322 182 324 180 L 326 177 L 326 177 Q 327 176 328 176 L 328 176 L 328 176 L 328 176 L 329 176 L 330 176 L 332 176 Q 334 176 337 174 Q 340 173 340 172 Q 340 170 342 170 Q 344 170 345 170 Q 346 170 346 169 Q 345 168 351 167 Q 356 166 357 166 Q 358 167 358 166 z 
'/>
<path style='opacity:1;fill:#CB7C22;fill-rule:evenodd;stroke:#CB7C22;stroke-width:1px;stroke-linecap:butt;stroke-linejoin:miter;stroke-opacity:1;' d='M 349 658 L 349 658 L 355 658 Q 361 658 367 659 L 373 660 L 374 660 L 374 660 L 374 660 L 374 660 L 375 661 L 376 662 L 375 662 L 374 662 L 374 663 Q 374 664 375 664 L 376 664 L 376 665 L 376 665 L 377 666 L 377 666 L 374 666 Q 372 666 368 665 L 365 665 L 365 665 Q 365 664 356 662 L 348 660 L 348 660 L 348 659 L 349 659 L 349 658 L 349 658 z 
'/>
<path style='opacity:1;fill:#CB811F;fill-rule:evenodd;stroke:#CB811F;stroke-width:1px;stroke-linecap:butt;stroke-linejoin:miter;stroke-opacity:1;' d='M 374 157 L 380 157 L 380 157 Q 380 158 380 158 L 381 158 L 386 158 Q 390 158 392 159 L 395 159 L 396 160 Q 396 162 398 162 Q 400 163 400 164 L 400 165 L 402 166 Q 405 167 406 170 Q 407 174 408 174 Q 410 175 411 178 Q 412 180 413 180 L 413 180 L 413 181 L 414 181 L 414 182 L 414 182 L 414 184 Q 414 185 413 184 Q 413 183 412 183 Q 410 183 410 186 Q 410 189 411 192 Q 412 196 412 198 L 412 199 L 412 201 L 412 203 L 411 203 L 411 204 L 411 204 L 410 204 L 410 204 L 410 204 L 410 202 L 410 201 L 409 199 L 408 197 L 408 197 L 408 196 L 406 196 Q 405 196 402 192 Q 400 188 398 186 Q 396 185 396 184 Q 396 183 394 183 Q 393 184 392 182 Q 392 180 389 179 Q 386 178 386 177 Q 385 176 383 176 Q 382 175 378 174 Q 375 173 375 172 Q 374 171 373 171 Q 372 172 372 170 Q 371 168 370 168 Q 369 168 369 170 Q 369 171 366 171 Q 363 171 363 169 Q 362 167 360 166 L 358 166 L 358 164 L 358 163 L 358 162 L 358 162 L 358 162 L 358 162 L 360 161 Q 361 161 361 159 Q 362 157 362 156 L 362 155 L 365 155 Q 368 156 368 156 Q 369 156 374 157 z 
M 408 183 Q 408 182 408 182 Q 408 182 408 182 Q 408 183 408 183 z 
'/>
<path style='opacity:1;fill:#845517;fill-rule:evenodd;stroke:#845517;stroke-width:1px;stroke-linecap:butt;stroke-linejoin:miter;stroke-opacity:1;' d='M 228 911 L 228 912 L 225 913 Q 222 914 222 915 Q 222 916 219 918 Q 216 919 212 926 Q 207 932 205 934 Q 202 936 201 940 Q 200 943 199 946 L 198 949 L 198 950 L 198 952 L 197 950 L 196 948 L 196 948 L 196 948 L 196 946 L 196 945 L 197 941 Q 198 937 200 930 Q 202 924 205 920 L 209 917 L 209 916 Q 209 915 212 914 Q 214 914 221 912 Q 228 910 228 911 z 
'/>
<path style='opacity:1;fill:#7A6225;fill-rule:evenodd;stroke:#7A6225;stroke-width:1px;stroke-linecap:butt;stroke-linejoin:miter;stroke-opacity:1;' d='M 88 253 L 89 252 L 89 252 L 90 252 L 90 252 L 90 252 L 91 252 L 92 252 L 92 252 L 93 252 L 93 251 L 94 251 L 94 250 L 94 248 L 95 250 Q 96 252 98 252 Q 100 252 101 251 Q 102 250 104 252 Q 105 252 106 252 Q 107 252 108 253 Q 108 254 109 253 Q 110 253 110 254 Q 110 255 116 257 Q 122 259 123 256 Q 124 254 125 256 Q 125 257 126 256 Q 128 256 128 255 Q 128 254 130 254 Q 131 254 133 252 Q 134 249 135 251 Q 136 253 137 253 Q 138 253 139 250 Q 140 247 141 247 L 142 247 L 143 249 Q 144 251 144 250 Q 144 249 145 249 L 146 249 L 146 250 L 146 252 L 148 253 Q 148 254 149 254 L 149 254 L 150 254 L 151 254 L 152 254 L 153 254 L 153 255 L 152 256 L 152 256 L 152 256 L 150 257 L 149 257 L 148 260 Q 148 264 147 264 L 147 265 L 146 265 Q 145 266 139 266 L 133 267 L 133 268 Q 133 269 132 269 L 131 270 L 132 270 Q 134 271 134 274 L 134 278 L 133 278 Q 132 278 132 279 Q 132 280 130 280 Q 128 281 127 280 Q 126 279 126 283 Q 124 287 122 290 Q 120 292 120 297 Q 118 302 118 304 L 118 305 L 116 305 Q 115 304 114 304 L 112 303 L 110 302 Q 107 302 103 305 Q 99 308 97 308 Q 95 308 95 310 Q 95 312 92 312 L 88 312 L 88 312 Q 88 311 87 310 Q 87 309 86 309 Q 85 309 85 306 Q 86 304 85 306 Q 84 307 83 307 Q 82 306 81 304 Q 80 302 78 302 L 75 302 L 75 302 Q 74 302 73 302 Q 72 303 72 301 Q 72 299 71 298 Q 69 298 69 295 Q 69 292 69 284 Q 68 277 70 276 Q 71 276 71 273 Q 70 270 68 268 Q 65 266 67 264 L 68 261 L 69 261 Q 69 260 68 260 L 66 259 L 67 258 Q 68 258 70 257 Q 72 256 71 254 Q 70 252 72 251 Q 75 251 75 250 Q 75 249 78 248 Q 81 248 84 249 Q 86 250 86 252 Q 86 253 88 253 z 
'/>
<path style='opacity:1;fill:#773D13;fill-rule:evenodd;stroke:#773D13;stroke-width:1px;stroke-linecap:butt;stroke-linejoin:miter;stroke-opacity:1;' d='M 382 668 L 382 667 L 390 667 L 398 667 L 398 667 L 398 668 L 398 668 L 398 668 L 399 668 L 399 668 L 399 669 L 400 669 L 400 669 L 400 670 L 408 670 Q 417 672 418 672 L 419 672 L 421 672 L 423 672 L 423 673 L 424 673 L 424 673 L 424 674 L 423 674 Q 422 674 422 676 Q 421 678 419 678 Q 417 678 416 681 Q 416 684 418 684 L 420 684 L 420 685 L 420 686 L 418 686 Q 417 686 414 688 Q 412 690 410 692 L 408 693 L 408 691 Q 408 689 406 689 Q 405 690 402 692 L 400 694 L 400 692 Q 400 691 399 690 Q 398 690 398 691 L 398 692 L 397 692 L 397 692 L 396 693 L 396 693 L 396 692 L 396 691 L 396 691 Q 395 690 396 690 L 396 690 L 396 690 Q 396 689 397 687 Q 397 685 396 684 Q 394 684 392 682 Q 390 680 390 678 Q 390 676 388 677 Q 387 678 386 676 L 386 675 L 386 675 Q 387 674 388 674 Q 388 674 386 673 L 384 673 L 384 673 L 384 674 L 384 674 L 384 674 L 384 672 Q 384 671 384 670 Q 384 669 382 669 Q 381 668 382 668 z 
M 418 675 Q 418 675 419 675 Q 419 676 418 676 Q 418 676 418 675 z 
'/>
<path style='opacity:1;fill:#C57817;fill-rule:evenodd;stroke:#C57817;stroke-width:1px;stroke-linecap:butt;stroke-linejoin:miter;stroke-opacity:1;' d='M 480 513 L 480 513 L 482 513 Q 484 513 485 516 Q 486 520 488 521 Q 490 522 490 522 L 490 522 L 490 522 L 491 522 L 492 522 L 493 522 L 493 521 L 494 521 L 494 522 L 494 524 L 495 524 L 495 524 L 494 524 Q 493 525 493 526 L 493 527 L 491 530 Q 490 532 489 544 Q 488 557 487 556 Q 486 556 486 558 Q 486 561 486 564 L 486 566 L 485 566 L 485 566 L 484 566 L 482 566 L 481 567 L 480 568 L 478 568 L 475 568 L 475 567 L 474 567 L 474 567 L 474 568 L 473 568 L 472 568 L 472 566 Q 472 564 470 562 L 469 559 L 469 558 L 468 558 L 468 556 Q 468 553 466 553 Q 465 553 465 551 Q 465 549 464 549 Q 463 549 463 548 Q 463 547 464 547 Q 465 547 466 541 Q 468 535 470 536 Q 472 536 472 533 Q 472 530 474 530 Q 476 530 476 528 Q 476 526 477 526 Q 479 525 479 522 Q 478 519 477 518 Q 476 518 476 517 L 476 516 L 476 516 L 476 516 L 476 515 L 476 515 L 477 514 Q 478 514 478 515 Q 478 516 479 515 L 479 514 L 480 514 Q 480 514 480 513 z 
'/>
<path style='opacity:1;fill:#6E4911;fill-rule:evenodd;stroke:#6E4911;stroke-width:1px;stroke-linecap:butt;stroke-linejoin:miter;stroke-opacity:1;' d='M 718 583 L 720 583 L 722 583 L 723 584 L 728 584 Q 732 584 732 586 Q 733 587 732 587 Q 731 588 735 588 Q 739 590 740 588 Q 741 588 745 588 L 749 588 L 749 588 L 750 588 L 750 588 L 750 589 L 749 589 L 748 589 L 748 592 L 748 595 L 747 595 L 747 596 L 745 596 Q 743 596 740 598 L 737 598 L 737 599 L 738 599 L 738 600 L 738 600 L 737 600 L 737 600 L 736 601 L 734 601 L 734 600 Q 734 598 730 599 Q 726 600 726 598 Q 726 597 724 596 Q 721 596 721 594 Q 721 593 720 593 Q 718 594 717 593 L 716 592 L 716 592 Q 716 592 717 590 L 717 589 L 716 589 Q 714 589 714 587 L 713 585 L 715 584 Q 717 584 718 583 z 
M 715 586 Q 715 586 715 585 Q 716 585 716 586 Q 716 586 715 586 z 
'/>
<path style='opacity:1;fill:#503416;fill-rule:evenodd;stroke:#503416;stroke-width:1px;stroke-linecap:butt;stroke-linejoin:miter;stroke-opacity:1;' d='M 313 674 L 314 675 L 314 675 Q 314 676 314 676 L 315 676 L 315 675 L 315 675 L 318 677 Q 321 680 323 679 Q 326 679 326 678 Q 326 677 327 678 L 327 680 L 326 682 Q 326 684 327 684 L 328 684 L 328 684 Q 328 685 329 686 L 329 686 L 329 686 L 329 687 L 327 688 Q 325 688 322 692 Q 320 696 319 696 L 319 697 L 316 702 Q 312 708 312 710 L 312 712 L 311 712 L 311 712 L 311 713 L 310 713 L 310 713 L 310 714 L 310 714 L 310 714 L 309 713 L 308 712 L 308 712 L 308 712 L 307 711 L 306 711 L 306 710 L 306 708 L 305 709 L 304 710 L 304 712 L 304 714 L 303 714 L 303 714 L 303 713 L 302 713 L 302 713 L 302 713 L 302 712 L 302 712 L 302 708 Q 302 703 302 704 Q 302 704 301 701 Q 300 698 301 696 Q 302 694 304 688 L 306 681 L 306 680 Q 306 680 307 681 Q 308 682 308 681 Q 308 680 309 681 Q 310 682 310 680 Q 311 678 312 678 Q 313 678 312 676 Q 312 674 313 674 z 
'/>
<path style='opacity:1;fill:#50200F;fill-rule:evenodd;stroke:#50200F;stroke-width:1px;stroke-linecap:butt;stroke-linejoin:miter;stroke-opacity:1;' d='M 371 1050 L 372 1050 L 372 1051 L 372 1051 L 373 1051 L 373 1052 L 373 1052 L 374 1052 L 374 1052 L 374 1052 L 374 1053 L 374 1053 L 375 1053 L 375 1054 L 376 1054 Q 376 1054 377 1055 L 378 1055 L 382 1059 Q 385 1062 388 1063 Q 392 1064 393 1067 Q 394 1070 396 1071 Q 398 1072 399 1073 Q 399 1074 400 1074 L 401 1074 L 404 1074 L 406 1074 L 406 1073 Q 405 1072 406 1072 Q 407 1072 407 1073 Q 408 1074 408 1074 L 408 1074 L 409 1075 L 410 1075 L 410 1075 L 410 1076 L 412 1077 Q 414 1079 414 1080 L 414 1080 L 414 1081 L 414 1082 L 415 1083 L 416 1084 L 417 1087 Q 418 1090 418 1090 L 418 1090 L 419 1091 L 420 1092 L 420 1092 L 420 1092 L 420 1093 L 420 1093 L 419 1093 L 419 1094 L 419 1094 L 418 1094 L 418 1095 L 418 1096 L 417 1096 L 417 1096 L 416 1097 L 415 1098 L 414 1098 Q 412 1098 408 1098 Q 403 1098 394 1096 Q 384 1094 383 1092 Q 382 1091 377 1090 L 373 1090 L 372 1090 L 372 1090 L 372 1089 L 372 1089 L 371 1089 L 371 1088 L 371 1088 L 370 1088 L 370 1088 L 370 1088 L 370 1088 L 369 1088 L 368 1088 Q 367 1088 368 1086 Q 368 1084 365 1082 Q 362 1079 362 1078 Q 362 1077 358 1074 L 354 1071 L 354 1070 L 354 1069 L 353 1068 L 353 1067 L 352 1067 L 351 1067 L 351 1066 L 350 1065 L 350 1065 L 350 1064 L 350 1064 L 350 1064 L 352 1064 L 354 1064 L 354 1065 L 354 1065 L 355 1065 L 355 1066 L 355 1066 L 356 1066 L 356 1066 L 356 1066 L 357 1067 L 358 1067 L 362 1069 Q 366 1072 368 1072 Q 369 1072 372 1071 L 376 1071 L 376 1069 L 376 1067 L 377 1067 L 378 1067 L 378 1066 L 378 1065 L 378 1063 L 378 1061 L 378 1061 Q 378 1060 374 1056 L 370 1051 L 370 1051 Q 370 1050 371 1050 z 
'/>
<path style='opacity:1;fill:#521E10;fill-rule:evenodd;stroke:#521E10;stroke-width:1px;stroke-linecap:butt;stroke-linejoin:miter;stroke-opacity:1;' d='M 406 1068 L 406 1068 L 412 1070 Q 418 1073 422 1077 Q 427 1082 432 1084 Q 438 1086 439 1086 L 440 1086 L 441 1087 L 442 1088 L 444 1088 L 445 1088 L 445 1087 L 445 1086 L 446 1086 L 447 1086 L 447 1083 L 447 1080 L 447 1080 L 448 1080 L 448 1080 L 448 1080 L 448 1081 L 448 1081 L 449 1082 L 450 1084 L 450 1086 L 450 1087 L 450 1088 L 450 1089 L 450 1090 L 450 1091 L 449 1091 L 449 1092 L 449 1092 L 448 1092 L 448 1092 L 448 1093 L 448 1093 L 448 1094 L 448 1094 L 448 1094 L 447 1094 L 447 1094 L 444 1095 Q 442 1096 440 1096 Q 439 1096 434 1094 Q 429 1092 425 1088 L 420 1085 L 420 1085 L 420 1084 L 420 1084 L 420 1084 L 419 1084 L 419 1084 L 419 1083 L 418 1083 L 418 1083 L 418 1082 L 417 1082 L 416 1082 L 416 1081 L 416 1081 L 415 1081 L 415 1080 L 415 1080 L 414 1080 L 414 1080 L 414 1080 L 414 1080 Q 414 1079 412 1077 L 410 1076 L 410 1075 L 410 1075 L 410 1075 L 411 1074 L 411 1074 L 410 1074 L 410 1074 L 410 1074 L 410 1073 L 410 1073 L 409 1073 L 409 1072 L 409 1072 L 408 1072 L 408 1072 L 408 1072 L 408 1071 L 408 1071 L 407 1070 L 406 1069 L 406 1069 L 406 1068 L 406 1068 z 
'/>
<path style='opacity:1;fill:#3E2912;fill-rule:evenodd;stroke:#3E2912;stroke-width:1px;stroke-linecap:butt;stroke-linejoin:miter;stroke-opacity:1;' d='M 122 513 L 124 512 L 126 513 Q 128 514 128 520 Q 129 526 130 528 Q 130 529 131 528 Q 132 527 132 530 Q 132 532 131 533 L 131 534 L 131 534 Q 130 534 130 534 L 130 535 L 130 535 Q 130 536 129 536 L 128 536 L 124 538 Q 119 540 118 540 L 117 540 L 117 541 L 116 541 L 116 541 L 116 542 L 116 542 L 115 542 L 115 542 L 114 542 L 114 539 Q 114 536 112 536 L 111 536 L 111 534 L 110 533 L 110 532 Q 110 531 111 530 Q 112 529 111 527 L 110 526 L 110 525 Q 110 525 111 524 L 112 522 L 112 522 L 112 522 L 113 523 L 114 524 L 114 524 L 114 524 L 115 525 L 116 525 L 116 522 Q 116 520 118 517 Q 120 514 122 513 z 
'/>
<path style='opacity:1;fill:#AA5915;fill-rule:evenodd;stroke:#AA5915;stroke-width:1px;stroke-linecap:butt;stroke-linejoin:miter;stroke-opacity:1;' d='M 338 935 L 338 934 L 348 939 Q 359 944 364 948 Q 370 952 372 953 Q 375 954 376 955 L 377 956 L 377 956 L 377 956 L 377 957 L 376 958 L 376 958 L 376 958 L 376 959 L 376 959 L 377 961 L 378 963 L 378 963 L 378 964 L 378 964 L 378 964 L 379 964 L 379 965 L 378 965 L 377 964 L 376 964 L 375 964 L 370 963 Q 365 962 362 962 Q 360 962 356 961 Q 353 960 351 956 Q 350 953 347 948 Q 344 942 341 939 Q 338 936 338 935 z 
M 374 956 Q 374 956 375 956 Q 375 956 374 956 L 374 956 L 374 956 z 
'/>
<path style='opacity:1;fill:#794511;fill-rule:evenodd;stroke:#794511;stroke-width:1px;stroke-linecap:butt;stroke-linejoin:miter;stroke-opacity:1;' d='M 564 592 L 568 592 L 568 592 L 568 592 L 568 593 L 568 594 L 568 594 L 568 594 L 568 595 L 568 595 L 569 596 L 570 598 L 570 598 L 570 598 L 570 599 L 570 599 L 569 599 L 569 600 L 568 600 L 567 600 L 567 601 L 568 602 L 568 602 L 568 602 L 568 603 L 569 603 L 569 603 Q 569 604 568 604 Q 568 605 566 606 Q 564 606 558 608 Q 553 610 552 611 Q 552 612 547 613 L 542 614 L 540 615 L 539 616 L 538 616 L 537 616 L 537 617 L 537 617 L 536 617 Q 534 618 526 618 Q 518 619 518 620 L 518 621 L 517 621 L 516 620 L 515 620 L 514 620 L 513 620 L 512 620 L 512 620 L 512 620 L 512 620 L 512 619 L 513 619 L 513 618 L 513 618 L 514 618 L 514 616 L 514 615 L 514 614 L 514 613 L 514 613 L 514 612 L 514 612 L 514 612 L 515 612 Q 515 612 516 611 Q 516 610 516 609 L 515 608 L 515 608 L 515 608 L 516 608 L 517 608 L 519 606 Q 522 605 525 603 Q 528 602 531 599 Q 534 597 535 598 Q 536 600 538 599 L 540 599 L 540 599 Q 541 598 541 598 L 541 598 L 543 598 L 545 598 L 546 597 L 547 596 L 554 594 Q 561 592 564 592 z 
'/>
<path style='opacity:1;fill:#31140C;fill-rule:evenodd;stroke:#31140C;stroke-width:1px;stroke-linecap:butt;stroke-linejoin:miter;stroke-opacity:1;' d='M 300 182 L 301 182 L 301 184 Q 300 186 300 186 Q 300 187 299 190 L 299 193 L 297 197 Q 296 201 294 212 Q 292 222 292 225 Q 290 228 290 236 L 290 245 L 290 245 Q 290 245 289 268 L 289 291 L 288 291 L 288 290 L 287 290 L 286 290 L 286 289 L 286 289 L 285 288 L 284 287 L 284 287 L 284 288 L 284 288 L 283 288 L 283 285 Q 282 282 283 275 Q 284 268 282 266 Q 282 263 279 264 Q 276 264 276 250 Q 276 237 275 237 Q 274 237 274 238 Q 274 239 272 238 L 269 238 L 269 237 L 269 237 L 269 234 Q 270 231 270 228 Q 272 225 274 222 Q 277 220 277 219 Q 277 218 278 218 Q 279 218 280 210 Q 281 202 280 203 Q 278 204 278 203 L 277 202 L 277 202 Q 278 202 278 202 L 278 201 L 282 196 Q 286 190 287 190 L 287 189 L 288 189 L 289 188 L 289 188 L 290 188 L 290 188 L 290 188 L 290 187 L 290 187 L 291 187 L 291 188 L 291 188 L 292 188 L 292 188 L 292 188 L 292 187 L 292 187 L 293 187 L 293 186 L 293 186 L 294 186 L 294 186 L 294 186 L 296 183 Q 298 180 298 181 Q 298 182 300 182 z 
'/>
<path style='opacity:1;fill:#573818;fill-rule:evenodd;stroke:#573818;stroke-width:1px;stroke-linecap:butt;stroke-linejoin:miter;stroke-opacity:1;' d='M 265 652 L 265 654 L 265 659 Q 264 664 265 668 Q 265 673 264 673 Q 262 673 262 674 L 262 676 L 261 677 L 260 678 L 260 679 L 260 680 L 260 680 L 260 680 L 260 678 Q 260 675 260 674 L 260 672 L 259 672 L 259 672 L 257 671 Q 255 670 254 670 Q 253 670 252 672 Q 252 673 250 672 Q 248 672 248 672 L 246 672 L 246 673 L 246 674 L 245 674 L 245 674 L 244 675 L 243 675 L 243 674 L 244 673 L 244 672 L 244 670 L 245 670 Q 245 670 247 664 L 249 659 L 249 658 Q 248 656 248 654 L 248 651 L 248 651 L 248 651 L 249 651 L 249 652 L 249 652 L 250 652 L 250 652 L 250 652 L 251 652 L 252 652 L 252 652 L 252 652 L 253 651 Q 253 650 256 650 Q 258 650 260 652 Q 262 653 263 651 Q 264 649 264 650 Q 264 651 265 652 z 
'/>
<path style='opacity:1;fill:#170C0B;fill-rule:evenodd;stroke:#170C0B;stroke-width:1px;stroke-linecap:butt;stroke-linejoin:miter;stroke-opacity:1;' d='M 108 796 L 108 795 L 110 797 Q 112 799 113 801 L 113 803 L 114 806 Q 114 808 111 810 Q 108 811 108 814 Q 108 816 106 816 Q 104 816 104 818 Q 104 820 103 820 Q 102 820 101 826 Q 100 832 99 833 Q 98 834 98 836 Q 98 837 98 837 L 98 838 L 98 838 L 98 838 L 97 838 L 97 838 L 97 839 L 98 839 L 98 839 L 98 840 L 99 840 L 100 840 L 100 841 Q 100 842 101 842 L 101 843 L 101 843 Q 100 843 100 844 L 100 844 L 100 846 Q 101 848 102 848 L 103 848 L 102 850 Q 102 852 100 852 L 99 852 L 98 852 L 98 852 L 97 852 L 96 852 L 96 854 Q 96 856 98 856 Q 100 857 99 859 Q 98 862 95 865 Q 92 868 91 868 L 91 869 L 88 871 Q 85 873 85 874 L 84 875 L 81 882 Q 78 889 74 897 Q 72 905 70 910 Q 70 914 69 915 L 68 916 L 68 917 L 68 918 L 69 918 L 69 918 L 70 919 L 72 919 L 72 922 L 72 925 L 73 925 L 73 925 L 73 926 L 73 926 L 72 938 Q 72 950 72 951 Q 73 952 75 953 Q 77 953 76 955 Q 76 957 77 962 Q 79 966 80 969 Q 81 972 82 972 Q 84 972 85 972 Q 86 973 87 974 L 88 975 L 88 976 L 88 978 L 86 978 L 84 978 L 84 981 L 84 984 L 83 985 L 82 986 L 82 986 L 82 986 L 80 986 L 78 986 L 77 986 Q 76 986 76 984 Q 75 983 73 983 Q 71 983 70 978 Q 68 974 66 974 Q 65 974 65 972 Q 64 970 61 970 L 57 970 L 56 971 L 54 971 L 54 970 L 54 969 L 55 969 L 56 968 L 56 968 Q 56 968 57 967 L 58 966 L 58 966 L 58 966 L 59 965 L 59 964 L 58 964 L 56 964 L 56 965 L 56 965 L 57 965 L 57 966 L 57 966 L 56 966 L 56 966 L 56 966 L 55 966 Q 54 966 54 966 L 53 966 L 49 964 Q 45 963 45 966 Q 45 969 42 968 Q 38 967 37 967 Q 35 967 34 968 Q 34 970 33 971 L 32 972 L 32 972 L 32 972 L 32 971 L 32 971 L 31 967 Q 30 963 28 963 Q 26 964 24 964 L 22 964 L 22 964 L 22 964 L 22 963 L 22 963 L 22 961 Q 22 959 22 954 L 22 950 L 22 949 L 22 948 L 21 946 L 20 945 L 20 945 L 20 945 L 20 942 Q 20 939 20 932 Q 20 925 21 924 Q 23 924 23 923 Q 23 922 24 922 L 26 922 L 26 920 Q 26 918 22 916 L 20 915 L 20 913 L 20 911 L 20 911 L 20 910 L 20 910 L 20 910 L 21 912 Q 21 913 22 913 Q 23 912 24 912 L 25 912 L 25 911 L 24 911 L 24 909 Q 24 907 22 907 Q 22 907 22 906 Q 22 905 22 899 L 22 893 L 22 893 L 22 892 L 23 892 Q 24 892 25 893 Q 26 894 28 894 L 29 894 L 29 890 Q 28 885 27 886 Q 26 886 28 882 Q 30 879 31 878 Q 33 878 32 876 Q 32 874 31 871 Q 30 868 30 868 Q 31 868 33 865 Q 36 862 35 856 Q 34 851 36 848 Q 36 844 35 844 Q 34 845 34 844 Q 34 843 35 843 Q 36 842 37 840 Q 38 838 44 833 Q 49 828 51 825 L 52 822 L 53 822 L 53 822 L 53 821 L 53 821 L 54 821 Q 55 820 57 821 Q 59 821 59 820 Q 60 819 63 816 Q 66 814 76 810 Q 86 805 87 806 Q 88 808 89 808 L 91 808 L 91 807 L 92 807 L 92 806 Q 92 804 93 802 Q 94 800 94 798 L 94 797 L 95 797 L 95 798 L 98 798 Q 102 798 102 800 Q 103 802 104 802 L 105 802 L 105 800 Q 105 798 106 798 Q 108 798 108 796 z 
M 43 966 Q 44 966 44 966 Q 44 966 44 966 Q 43 966 43 966 z 
'/>
<path style='opacity:1;fill:#7D3A13;fill-rule:evenodd;stroke:#7D3A13;stroke-width:1px;stroke-linecap:butt;stroke-linejoin:miter;stroke-opacity:1;' d='M 68 649 L 74 645 L 75 645 L 76 646 L 82 646 Q 88 646 89 646 Q 90 647 91 651 Q 92 655 94 655 Q 96 655 95 657 Q 94 659 94 660 L 94 661 L 95 661 L 95 662 L 96 662 L 97 662 L 97 663 L 96 664 L 96 664 L 96 664 L 96 665 L 96 665 L 97 666 L 97 667 L 98 667 L 99 667 L 100 668 Q 100 668 101 671 L 102 674 L 102 675 L 102 676 L 98 676 Q 93 676 92 677 Q 90 677 90 676 Q 90 675 89 675 Q 88 675 88 676 Q 88 677 85 677 Q 82 677 82 676 Q 82 675 81 676 Q 80 677 74 678 L 68 678 L 68 680 Q 68 681 67 681 L 67 682 L 66 682 L 66 682 L 66 682 L 66 682 L 65 682 L 64 682 L 64 682 L 64 682 L 64 682 L 64 682 L 64 681 L 64 680 L 64 680 L 64 680 L 64 679 Q 64 679 64 678 Q 64 676 62 674 Q 60 673 60 672 Q 61 672 61 671 Q 61 670 62 670 Q 64 670 63 668 Q 62 667 61 662 Q 60 657 62 655 Q 63 653 68 649 z 
'/>
<path style='opacity:1;fill:#793913;fill-rule:evenodd;stroke:#793913;stroke-width:1px;stroke-linecap:butt;stroke-linejoin:miter;stroke-opacity:1;' d='M 271 571 L 272 571 L 272 571 L 272 572 L 272 572 L 272 572 L 273 572 L 273 572 L 274 572 L 275 572 L 275 572 L 276 572 L 276 572 L 276 572 L 278 571 L 280 571 L 280 571 L 281 571 L 281 576 Q 281 580 280 580 Q 280 581 279 586 Q 278 592 279 592 L 280 592 L 280 593 L 280 594 L 281 594 L 281 594 L 281 595 L 282 595 L 282 596 Q 282 597 281 597 L 281 597 L 281 596 Q 280 596 280 596 L 280 596 L 280 596 L 279 596 L 278 595 Q 277 594 276 594 Q 276 594 275 595 Q 275 596 274 596 Q 272 596 271 596 Q 270 597 269 602 Q 268 606 266 606 Q 265 606 265 608 L 264 610 L 264 610 L 264 610 L 264 610 L 263 610 L 263 610 L 262 610 L 262 610 L 262 610 L 262 609 L 262 609 L 261 610 L 261 611 L 261 611 L 260 611 L 260 608 L 260 606 L 258 606 L 257 606 L 257 606 L 258 605 L 258 605 Q 258 604 259 598 Q 260 592 265 582 L 270 572 L 270 572 L 271 572 L 271 571 z 
'/>
</svg>
