<?xml version="1.0" encoding="UTF-8" ?>
<!DOCTYPE svg PUBLIC "-//W3C//DTD SVG 1.1//EN" "http://www.w3.org/Graphics/SVG/1.1/DTD/svg11.dtd">
<svg width="248pt" height="320pt" viewBox="0 0 248 320" version="1.1" xmlns="http://www.w3.org/2000/svg">
<path fill="#34401c" d=" M 0.00 0.00 L 89.42 0.00 C 85.87 1.64 82.47 3.59 78.78 4.91 C 76.52 4.43 74.54 5.84 74.21 8.11 C 68.36 9.76 64.94 15.77 59.09 17.22 C 56.84 16.16 55.14 17.91 55.16 20.13 C 53.38 21.46 51.66 22.88 49.92 24.26 C 46.07 20.07 45.26 12.66 39.75 9.19 C 30.97 11.93 23.72 2.16 14.67 6.18 C 9.24 4.57 3.98 6.70 0.00 10.52 L 0.00 0.00 Z" />
<path fill="#f1b7ad" d=" M 89.42 0.00 L 106.58 0.00 C 99.63 2.85 92.90 8.68 85.16 8.32 C 80.31 18.70 61.77 16.03 56.02 27.15 C 42.64 35.78 28.60 44.10 17.84 55.96 C 13.57 60.35 9.82 65.18 6.37 70.23 C 5.96 69.22 5.53 68.22 5.08 67.22 C 6.63 66.82 7.70 65.73 8.18 64.22 C 8.73 63.46 9.29 62.71 9.86 61.96 C 17.75 51.58 27.48 42.93 36.83 33.99 C 39.99 32.61 42.76 30.55 45.21 28.16 C 46.75 26.82 48.32 25.52 49.92 24.26 C 51.66 22.88 53.38 21.46 55.16 20.13 C 56.95 20.00 58.31 18.76 59.09 17.22 C 64.94 15.77 68.36 9.76 74.21 8.11 C 76.21 7.90 77.72 6.52 78.78 4.91 C 82.47 3.59 85.87 1.64 89.42 0.00 Z" />
<path fill="#f79e92" d=" M 106.58 0.00 L 120.87 0.00 L 121.02 0.88 C 117.63 1.43 114.37 2.62 110.93 2.91 C 106.65 3.46 99.89 3.28 97.77 7.98 C 104.62 8.19 111.38 6.94 118.22 6.77 C 127.25 7.05 136.29 6.99 145.32 7.20 C 143.99 9.33 143.10 12.73 139.00 10.04 C 129.54 8.69 120.23 10.81 110.83 11.75 C 108.46 12.48 106.10 8.76 104.59 11.98 C 103.46 11.82 102.33 11.68 101.21 11.53 C 96.51 12.12 90.61 11.48 86.76 14.45 L 86.22 15.04 C 75.47 15.27 66.57 21.98 57.56 26.85 C 57.17 26.93 56.40 27.08 56.02 27.15 C 61.77 16.03 80.31 18.70 85.16 8.32 C 92.90 8.68 99.63 2.85 106.58 0.00 Z" />
<path fill="#f65b5d" d=" M 120.87 0.00 L 140.18 0.00 C 133.82 0.16 127.33 2.68 121.02 0.88 L 120.87 0.00 Z" />
<path fill="#d7333b" d=" M 140.18 0.00 L 140.73 0.00 C 144.66 2.80 150.93 -0.68 153.11 4.92 C 150.65 6.07 147.95 6.56 145.32 7.20 C 136.29 6.99 127.25 7.05 118.22 6.77 C 115.66 5.73 107.77 7.73 110.93 2.91 C 114.37 2.62 117.63 1.43 121.02 0.88 C 127.33 2.68 133.82 0.16 140.18 0.00 Z" />
<path fill="#f26a67" d=" M 140.73 0.00 L 150.55 0.00 C 155.14 1.77 159.52 4.20 164.46 4.86 C 166.63 7.30 169.20 10.54 172.88 9.57 C 173.12 12.53 174.17 14.68 170.98 16.86 C 169.18 16.45 167.49 16.93 165.91 17.77 C 161.76 15.10 160.27 10.05 157.78 6.04 C 155.62 6.62 154.60 8.51 153.88 10.47 C 142.95 14.96 131.01 7.94 120.50 13.97 C 119.10 13.99 117.71 14.01 116.32 14.03 C 113.44 14.00 107.05 10.62 108.62 15.26 C 107.22 14.23 105.92 13.08 104.59 11.98 C 106.10 8.76 108.46 12.48 110.83 11.75 C 120.23 10.81 129.54 8.69 139.00 10.04 C 143.10 12.73 143.99 9.33 145.32 7.20 C 147.95 6.56 150.65 6.07 153.11 4.92 C 150.93 -0.68 144.66 2.80 140.73 0.00 Z" />
<path fill="#f49a89" d=" M 150.55 0.00 L 165.67 0.00 C 168.49 4.44 174.45 1.65 176.38 6.57 C 175.93 7.54 175.50 8.53 175.08 9.52 C 174.53 9.53 173.43 9.55 172.88 9.57 C 169.20 10.54 166.63 7.30 164.46 4.86 C 159.52 4.20 155.14 1.77 150.55 0.00 Z" />
<path fill="#f1cbbb" d=" M 165.67 0.00 L 184.55 0.00 C 189.23 3.00 194.23 5.47 199.21 7.91 C 201.72 10.93 204.58 14.05 204.38 18.24 L 204.19 19.00 C 203.75 20.22 203.96 21.31 204.83 22.28 L 205.21 22.92 C 204.65 24.64 204.48 26.67 205.83 28.09 C 204.87 30.83 205.21 33.15 206.84 35.05 C 208.17 38.94 209.32 42.89 210.34 46.88 C 209.64 48.51 209.23 50.75 210.97 51.88 C 209.51 53.25 210.45 55.06 211.86 56.00 L 212.27 56.61 C 211.31 57.97 209.95 59.34 210.95 61.07 C 209.38 62.07 207.82 63.07 206.18 63.94 C 206.41 60.52 202.79 62.93 200.98 63.27 C 198.16 60.17 207.01 62.42 204.80 58.45 C 201.54 58.69 203.39 55.37 201.18 54.70 C 200.74 51.52 200.31 48.33 200.44 45.12 C 205.61 39.60 203.26 31.83 202.37 25.24 C 201.53 23.30 199.81 21.31 201.80 19.46 C 197.36 18.14 198.46 11.49 194.30 9.74 C 190.74 7.99 188.07 4.50 183.86 4.19 C 180.27 2.82 182.86 7.37 183.41 9.05 C 183.60 9.78 183.99 11.24 184.18 11.97 C 180.04 12.55 180.67 6.54 176.38 6.57 C 174.45 1.65 168.49 4.44 165.67 0.00 Z" />
<path fill="#613a44" d=" M 184.55 0.00 L 193.34 0.00 C 196.21 1.99 198.72 4.25 199.21 7.91 C 194.23 5.47 189.23 3.00 184.55 0.00 Z" />
<path fill="#161423" d=" M 193.34 0.00 L 245.71 0.00 C 245.08 2.06 248.88 4.62 245.62 5.61 C 238.18 5.84 231.37 9.26 224.17 8.21 C 221.77 8.77 218.49 12.49 216.90 9.05 C 214.37 5.94 211.90 10.70 210.60 12.64 C 204.05 10.21 206.31 15.33 204.38 18.24 C 204.58 14.05 201.72 10.93 199.21 7.91 C 198.72 4.25 196.21 1.99 193.34 0.00 Z" />
<path fill="#0b0b17" d=" M 245.71 0.00 L 248.00 0.00 L 248.00 19.00 C 243.60 19.14 239.38 18.36 235.32 17.18 C 233.64 20.83 232.49 24.50 228.59 20.47 C 226.05 19.98 224.89 25.05 221.70 22.29 C 215.47 18.44 210.34 23.44 206.59 27.98 L 205.83 28.09 C 206.45 26.38 206.53 24.33 205.21 22.92 L 204.83 22.28 C 206.25 21.25 206.02 19.31 204.19 19.00 L 204.38 18.24 C 206.31 15.33 204.05 10.21 210.60 12.64 C 211.90 10.70 214.37 5.94 216.90 9.05 C 218.49 12.49 221.77 8.77 224.17 8.21 C 231.37 9.26 238.18 5.84 245.62 5.61 C 248.88 4.62 245.08 2.06 245.71 0.00 Z" />
<path fill="#ee726e" d=" M 97.77 7.98 C 99.89 3.28 106.65 3.46 110.93 2.91 C 107.77 7.73 115.66 5.73 118.22 6.77 C 111.38 6.94 104.62 8.19 97.77 7.98 Z" />
<path fill="#f2ac94" d=" M 183.41 9.05 C 182.86 7.37 180.27 2.82 183.86 4.19 C 188.07 4.50 190.74 7.99 194.30 9.74 C 198.46 11.49 197.36 18.14 201.80 19.46 C 199.81 21.31 201.53 23.30 202.37 25.24 C 203.26 31.83 205.61 39.60 200.44 45.12 C 198.70 40.39 196.35 35.90 194.89 31.06 C 196.13 31.37 197.37 31.72 198.64 31.95 C 199.88 22.26 195.80 12.48 186.91 7.98 C 185.64 7.92 184.47 8.28 183.41 9.05 Z" />
<path fill="#44502f" d=" M 0.00 10.52 C 3.98 6.70 9.24 4.57 14.67 6.18 C 23.72 2.16 30.97 11.93 39.75 9.19 C 45.26 12.66 46.07 20.07 49.92 24.26 C 48.32 25.52 46.75 26.82 45.21 28.16 C 40.83 26.61 40.92 31.93 37.18 33.30 C 32.03 31.57 30.82 26.14 29.71 21.43 C 26.36 21.30 22.82 20.66 19.93 22.81 C 17.59 20.92 15.14 19.23 12.07 20.66 C 16.33 11.82 5.41 14.52 0.00 14.00 L 0.00 10.52 Z" />
<path fill="#986c4c" d=" M 74.21 8.11 C 74.54 5.84 76.52 4.43 78.78 4.91 C 77.72 6.52 76.21 7.90 74.21 8.11 Z" />
<path fill="#f0534f" d=" M 153.88 10.47 C 154.60 8.51 155.62 6.62 157.78 6.04 C 160.27 10.05 161.76 15.10 165.91 17.77 C 167.49 16.93 169.18 16.45 170.98 16.86 C 163.63 23.37 169.68 32.29 171.80 39.69 C 170.31 41.09 170.03 43.10 169.67 45.01 C 168.49 43.94 167.01 40.66 166.48 43.99 C 165.01 39.80 160.23 35.96 162.38 31.36 C 158.40 28.28 158.75 23.22 154.74 20.28 C 152.17 15.80 156.99 20.94 159.06 21.15 C 157.77 17.24 159.15 11.32 153.88 10.47 Z" />
<path fill="#f7f2ec" d=" M 176.38 6.57 C 180.67 6.54 180.04 12.55 184.18 11.97 C 190.59 16.45 191.71 24.47 194.89 31.06 C 196.35 35.90 198.70 40.39 200.44 45.12 C 200.31 48.33 200.74 51.52 201.18 54.70 C 199.75 55.87 198.19 56.91 196.30 57.07 C 194.82 57.14 193.36 57.25 191.90 57.40 L 191.09 57.47 C 187.66 53.12 182.30 51.48 178.34 47.80 L 179.12 47.41 C 179.88 47.27 181.38 46.99 182.14 46.86 C 183.05 46.44 183.36 45.51 183.05 44.06 C 188.89 44.85 185.07 43.00 183.80 39.76 C 183.90 37.93 183.28 36.21 182.17 34.77 C 181.52 33.78 180.84 32.81 180.16 31.84 C 180.10 31.12 179.98 29.69 179.92 28.97 C 178.74 26.01 178.58 20.25 174.12 21.14 C 167.20 17.57 180.59 13.88 175.08 9.52 C 175.50 8.53 175.93 7.54 176.38 6.57 Z" />
<path fill="#ea6c61" d=" M 183.41 9.05 C 184.47 8.28 185.64 7.92 186.91 7.98 C 195.80 12.48 199.88 22.26 198.64 31.95 C 197.37 31.72 196.13 31.37 194.89 31.06 C 191.71 24.47 190.59 16.45 184.18 11.97 C 183.99 11.24 183.60 9.78 183.41 9.05 Z" />
<path fill="#9f352f" d=" M 172.88 9.57 C 173.43 9.55 174.53 9.53 175.08 9.52 C 180.59 13.88 167.20 17.57 174.12 21.14 C 174.20 25.01 171.40 21.08 170.13 20.00 C 168.02 24.61 170.36 29.79 174.20 32.66 C 173.07 32.62 169.80 33.45 171.52 34.95 C 173.14 36.76 180.15 39.01 174.24 39.14 C 175.27 41.31 176.24 43.52 177.34 45.66 C 179.09 45.85 182.24 43.90 182.14 46.86 C 181.38 46.99 179.88 47.27 179.12 47.41 C 174.89 47.32 173.71 42.65 171.80 39.69 C 169.68 32.29 163.63 23.37 170.98 16.86 C 174.17 14.68 173.12 12.53 172.88 9.57 Z" />
<path fill="#b79391" d=" M 177.16 9.16 C 181.80 8.16 176.16 13.80 177.16 9.16 Z" />
<path fill="#ea4142" d=" M 120.50 13.97 C 131.01 7.94 142.95 14.96 153.88 10.47 C 159.15 11.32 157.77 17.24 159.06 21.15 C 156.99 20.94 152.17 15.80 154.74 20.28 C 158.75 23.22 158.40 28.28 162.38 31.36 C 160.23 35.96 165.01 39.80 166.48 43.99 C 167.01 40.66 168.49 43.94 169.67 45.01 C 170.03 43.10 170.31 41.09 171.80 39.69 C 173.71 42.65 174.89 47.32 179.12 47.41 L 178.34 47.80 C 175.57 48.43 178.20 51.83 179.92 52.19 C 184.03 52.95 186.68 58.69 191.09 57.47 L 191.90 57.40 C 198.88 59.30 190.17 59.38 186.87 59.35 C 188.31 62.21 190.62 65.00 187.88 67.95 C 186.05 68.19 184.37 68.91 182.77 69.78 C 181.26 70.39 179.75 70.97 178.20 71.45 C 175.99 71.59 176.14 70.39 177.03 68.87 C 178.39 65.99 184.49 70.85 183.87 66.17 C 180.71 65.67 178.75 63.86 177.11 61.04 C 175.11 62.16 173.15 63.36 171.00 64.20 C 171.78 62.20 172.17 60.31 169.34 60.68 C 163.89 62.18 161.45 57.49 157.33 55.69 C 159.81 54.22 159.13 50.95 161.78 49.64 C 161.07 45.91 155.93 46.72 154.87 43.13 C 157.20 44.01 163.80 44.86 161.35 40.70 C 159.44 37.61 149.14 40.68 153.44 35.56 C 159.87 34.62 146.95 23.04 154.33 24.61 C 148.39 18.72 141.41 11.66 131.90 14.11 C 127.64 12.63 123.39 17.45 120.50 13.97 Z" />
<path fill="#ef6e6e" d=" M 86.76 14.45 C 90.61 11.48 96.51 12.12 101.21 11.53 C 99.02 12.43 96.88 13.47 94.84 14.67 C 96.46 14.98 99.36 14.99 96.87 16.63 C 93.55 15.71 90.24 14.41 86.76 14.45 Z" />
<path fill="#e64351" d=" M 94.84 14.67 C 96.88 13.47 99.02 12.43 101.21 11.53 C 102.33 11.68 103.46 11.82 104.59 11.98 C 105.92 13.08 107.22 14.23 108.62 15.26 C 107.05 10.62 113.44 14.00 116.32 14.03 C 109.56 13.66 106.95 19.91 100.84 19.94 C 98.82 22.31 91.99 16.65 95.06 20.88 C 96.13 24.49 86.17 23.58 89.74 28.23 C 91.44 31.19 97.21 29.29 96.06 33.88 C 90.54 34.23 84.99 34.16 79.48 34.57 C 78.70 36.29 77.32 38.28 75.16 37.53 C 75.66 36.08 75.56 34.55 75.60 33.04 C 82.86 35.88 80.08 31.34 78.06 30.06 C 74.53 28.22 70.31 27.74 66.65 29.55 C 64.02 31.18 65.15 27.67 65.12 26.18 C 70.11 24.73 75.34 24.00 80.01 21.58 C 79.12 19.91 77.29 20.68 75.80 20.74 C 78.78 18.14 84.39 20.13 86.22 15.04 L 86.76 14.45 C 90.24 14.41 93.55 15.71 96.87 16.63 C 99.36 14.99 96.46 14.98 94.84 14.67 Z" />
<path fill="#505b3b" d=" M 0.00 14.00 C 5.41 14.52 16.33 11.82 12.07 20.66 C 15.14 19.23 17.59 20.92 19.93 22.81 C 22.82 20.66 26.36 21.30 29.71 21.43 C 30.82 26.14 32.03 31.57 37.18 33.30 L 36.83 33.99 C 27.48 42.93 17.75 51.58 9.86 61.96 C 6.57 61.27 3.29 60.50 0.00 59.80 L 0.00 14.00 Z" />
<path fill="#d82c38" d=" M 116.32 14.03 C 117.71 14.01 119.10 13.99 120.50 13.97 C 123.39 17.45 127.64 12.63 131.90 14.11 L 132.27 14.94 C 128.43 18.80 133.22 18.45 132.81 22.32 C 130.72 22.53 128.92 23.47 128.49 25.71 C 119.96 24.28 111.99 27.89 104.96 32.30 C 107.28 34.79 112.21 32.39 114.08 36.60 C 109.51 38.80 105.90 34.12 101.42 35.60 C 94.56 39.90 86.30 38.50 78.62 40.41 C 73.24 39.86 68.23 46.53 63.88 41.24 C 67.42 40.18 70.86 38.84 74.27 37.45 L 75.16 37.53 C 77.32 38.28 78.70 36.29 79.48 34.57 C 84.99 34.16 90.54 34.23 96.06 33.88 C 97.21 29.29 91.44 31.19 89.74 28.23 C 86.17 23.58 96.13 24.49 95.06 20.88 C 91.99 16.65 98.82 22.31 100.84 19.94 C 106.95 19.91 109.56 13.66 116.32 14.03 Z" />
<path fill="#dd282f" d=" M 131.90 14.11 C 141.41 11.66 148.39 18.72 154.33 24.61 C 146.95 23.04 159.87 34.62 153.44 35.56 C 149.14 40.68 159.44 37.61 161.35 40.70 C 163.80 44.86 157.20 44.01 154.87 43.13 C 155.93 46.72 161.07 45.91 161.78 49.64 C 159.13 50.95 159.81 54.22 157.33 55.69 C 161.45 57.49 163.89 62.18 169.34 60.68 C 172.17 60.31 171.78 62.20 171.00 64.20 C 167.16 67.33 162.56 63.34 158.13 64.08 C 156.45 62.06 153.22 59.20 158.08 59.83 C 154.28 58.45 150.59 54.08 153.44 50.21 C 145.84 44.42 150.81 34.70 145.07 27.93 C 143.13 24.87 140.53 30.06 138.12 27.89 C 138.04 24.54 144.20 25.70 144.10 22.10 C 140.23 19.58 135.89 17.85 132.27 14.94 L 131.90 14.11 Z" />
<path fill="#f05b67" d=" M 57.56 26.85 C 66.57 21.98 75.47 15.27 86.22 15.04 C 84.39 20.13 78.78 18.14 75.80 20.74 C 77.29 20.68 79.12 19.91 80.01 21.58 C 75.34 24.00 70.11 24.73 65.12 26.18 C 65.15 27.67 64.02 31.18 66.65 29.55 C 70.31 27.74 74.53 28.22 78.06 30.06 C 80.08 31.34 82.86 35.88 75.60 33.04 C 75.56 34.55 75.66 36.08 75.16 37.53 L 74.27 37.45 C 69.75 34.89 65.64 41.37 61.93 37.98 C 63.49 36.81 65.71 35.69 64.86 33.34 C 61.67 32.10 57.59 31.09 57.56 26.85 Z" />
<path fill="#cc1d26" d=" M 132.27 14.94 C 135.89 17.85 140.23 19.58 144.10 22.10 C 144.20 25.70 138.04 24.54 138.12 27.89 C 140.53 30.06 143.13 24.87 145.07 27.93 C 150.81 34.70 145.84 44.42 153.44 50.21 C 150.59 54.08 154.28 58.45 158.08 59.83 C 153.22 59.20 156.45 62.06 158.13 64.08 C 153.55 65.51 149.70 61.55 145.12 62.43 C 140.61 58.33 150.52 60.01 150.43 56.21 C 146.32 51.47 143.34 45.71 138.35 41.83 C 138.79 39.82 139.54 37.89 140.00 35.89 C 135.46 36.26 138.21 46.10 130.96 42.09 C 128.54 42.68 126.16 38.46 124.36 41.31 C 122.68 43.42 119.83 46.71 117.27 43.74 C 110.18 40.41 101.80 42.77 94.32 40.56 C 91.35 44.05 85.12 40.92 83.36 45.44 C 76.05 50.20 68.15 44.66 60.41 45.31 C 54.72 49.53 53.78 56.52 51.78 62.88 C 49.56 62.72 47.39 62.23 45.18 62.00 C 46.71 58.52 47.91 54.72 50.95 52.23 C 48.25 52.33 45.34 51.30 45.77 48.04 C 49.23 45.30 52.93 42.78 57.04 41.11 C 59.20 42.58 61.57 41.78 63.88 41.24 C 68.23 46.53 73.24 39.86 78.62 40.41 C 86.30 38.50 94.56 39.90 101.42 35.60 C 105.90 34.12 109.51 38.80 114.08 36.60 C 112.21 32.39 107.28 34.79 104.96 32.30 C 111.99 27.89 119.96 24.28 128.49 25.71 C 128.92 23.47 130.72 22.53 132.81 22.32 C 133.22 18.45 128.43 18.80 132.27 14.94 Z" />
<path fill="#936854" d=" M 55.16 20.13 C 55.14 17.91 56.84 16.16 59.09 17.22 C 58.31 18.76 56.95 20.00 55.16 20.13 Z" />
<path fill="#060308" d=" M 235.32 17.18 C 239.38 18.36 243.60 19.14 248.00 19.00 L 248.00 78.13 C 240.93 76.77 234.00 73.94 226.72 74.11 C 222.98 72.55 218.91 72.16 214.92 71.81 C 214.57 71.34 213.89 70.40 213.55 69.94 C 214.49 67.82 217.43 68.88 215.34 65.73 C 214.67 63.77 213.51 62.00 211.87 60.71 C 214.37 59.77 214.12 58.19 212.27 56.61 L 211.86 56.00 C 212.28 54.58 212.33 52.84 210.97 51.88 C 211.40 50.20 211.41 48.34 210.34 46.88 C 209.32 42.89 208.17 38.94 206.84 35.05 C 206.78 33.28 206.66 29.75 206.59 27.98 C 210.34 23.44 215.47 18.44 221.70 22.29 C 224.89 25.05 226.05 19.98 228.59 20.47 C 232.49 24.50 233.64 20.83 235.32 17.18 Z" />
<path fill="#7a494a" d=" M 204.19 19.00 C 206.02 19.31 206.25 21.25 204.83 22.28 C 203.96 21.31 203.75 20.22 204.19 19.00 Z" />
<path fill="#ece0cf" d=" M 170.13 20.00 C 171.40 21.08 174.20 25.01 174.12 21.14 C 178.58 20.25 178.74 26.01 179.92 28.97 C 176.96 28.22 177.33 33.07 180.16 31.84 C 179.10 34.53 177.20 37.52 179.52 40.13 C 179.99 38.14 180.43 36.06 182.17 34.77 C 183.28 36.21 183.90 37.93 183.80 39.76 C 182.11 40.79 182.53 42.47 183.05 44.06 C 183.36 45.51 183.05 46.44 182.14 46.86 C 182.24 43.90 179.09 45.85 177.34 45.66 C 176.24 43.52 175.27 41.31 174.24 39.14 C 180.15 39.01 173.14 36.76 171.52 34.95 C 172.73 34.34 177.53 33.95 174.20 32.66 C 170.36 29.79 168.02 24.61 170.13 20.00 Z" />
<path fill="#9a6068" d=" M 205.21 22.92 C 206.53 24.33 206.45 26.38 205.83 28.09 C 204.48 26.67 204.65 24.64 205.21 22.92 Z" />
<path fill="#806761" d=" M 175.26 26.23 C 180.13 25.84 173.05 31.65 175.26 26.23 Z" />
<path fill="#f3757d" d=" M 56.02 27.15 C 56.40 27.08 57.17 26.93 57.56 26.85 C 57.59 31.09 61.67 32.10 64.86 33.34 C 65.71 35.69 63.49 36.81 61.93 37.98 L 61.23 38.02 C 57.49 37.39 51.96 38.22 52.67 32.97 C 49.47 34.21 45.00 35.58 44.60 39.55 C 39.19 38.80 35.84 44.45 32.95 47.51 C 26.18 46.74 24.09 55.58 17.84 55.96 C 28.60 44.10 42.64 35.78 56.02 27.15 Z" />
<path fill="#9c7863" d=" M 37.18 33.30 C 40.92 31.93 40.83 26.61 45.21 28.16 C 42.76 30.55 39.99 32.61 36.83 33.99 L 37.18 33.30 Z" />
<path fill="#a9a2a3" d=" M 190.18 28.33 C 194.58 28.80 189.33 33.00 190.18 28.33 Z" />
<path fill="#713b43" d=" M 205.83 28.09 L 206.59 27.98 C 206.66 29.75 206.78 33.28 206.84 35.05 C 205.21 33.15 204.87 30.83 205.83 28.09 Z" />
<path fill="#8b6c59" d=" M 180.16 31.84 C 177.33 33.07 176.96 28.22 179.92 28.97 C 179.98 29.69 180.10 31.12 180.16 31.84 Z" />
<path fill="#906957" d=" M 180.16 31.84 C 180.84 32.81 181.52 33.78 182.17 34.77 C 180.43 36.06 179.99 38.14 179.52 40.13 C 177.20 37.52 179.10 34.53 180.16 31.84 Z" />
<path fill="#e95c6b" d=" M 44.60 39.55 C 45.00 35.58 49.47 34.21 52.67 32.97 C 51.96 38.22 57.49 37.39 61.23 38.02 C 56.76 37.78 53.07 40.20 48.88 41.26 C 46.65 39.61 44.46 41.37 45.50 43.94 C 41.94 44.16 38.36 43.72 38.15 48.21 C 25.37 53.78 14.37 63.99 6.54 75.53 C 5.86 75.67 4.51 75.94 3.84 76.08 C 4.53 74.06 5.43 72.13 6.37 70.23 C 9.82 65.18 13.57 60.35 17.84 55.96 C 24.09 55.58 26.18 46.74 32.95 47.51 C 35.84 44.45 39.19 38.80 44.60 39.55 Z" />
<path fill="#b9867e" d=" M 171.52 34.95 C 169.80 33.45 173.07 32.62 174.20 32.66 C 177.53 33.95 172.73 34.34 171.52 34.95 Z" />
<path fill="#b7131a" d=" M 130.96 42.09 C 138.21 46.10 135.46 36.26 140.00 35.89 C 139.54 37.89 138.79 39.82 138.35 41.83 C 143.34 45.71 146.32 51.47 150.43 56.21 C 150.52 60.01 140.61 58.33 145.12 62.43 C 149.70 61.55 153.55 65.51 158.13 64.08 C 162.56 63.34 167.16 67.33 171.00 64.20 C 173.71 65.02 174.02 68.39 177.03 68.87 C 176.14 70.39 175.99 71.59 178.20 71.45 C 172.88 73.04 167.25 73.28 161.95 75.03 C 162.85 72.50 166.54 70.25 165.00 67.35 C 161.86 68.47 158.20 67.94 155.45 70.01 C 146.80 66.92 136.09 66.83 127.58 71.25 C 125.36 71.12 122.96 73.21 121.01 71.90 C 125.00 61.86 137.22 65.26 142.32 56.39 C 142.41 52.86 140.20 45.16 135.24 48.07 C 129.99 48.03 123.37 48.24 120.69 53.71 C 116.24 57.89 111.16 50.43 106.39 53.73 C 103.18 47.42 93.31 49.94 95.94 58.05 C 94.66 62.66 104.87 63.93 99.34 68.40 C 96.56 68.32 90.64 64.39 91.74 60.48 C 87.84 59.48 87.36 60.72 86.74 63.91 C 83.17 62.80 77.82 60.89 77.49 56.27 C 71.59 52.44 66.83 56.67 67.51 62.53 C 72.49 69.60 57.69 65.48 55.06 69.02 C 53.85 73.96 48.43 70.15 45.28 72.88 C 43.08 65.37 36.99 80.51 44.07 79.91 C 44.87 81.69 51.51 82.42 49.47 85.39 C 46.71 87.11 48.13 90.83 45.85 92.91 C 41.28 91.34 36.28 90.74 32.18 93.73 C 29.67 92.14 26.18 91.60 24.06 94.03 C 21.22 90.43 17.68 93.51 14.14 93.33 C 12.84 88.79 15.92 86.10 19.61 83.96 C 17.91 81.63 18.37 77.87 21.73 77.55 C 25.60 77.37 30.11 69.94 24.21 69.68 C 24.64 64.58 30.95 64.01 32.63 59.47 C 37.82 56.68 40.71 70.67 45.18 62.00 C 47.39 62.23 49.56 62.72 51.78 62.88 C 53.78 56.52 54.72 49.53 60.41 45.31 C 68.15 44.66 76.05 50.20 83.36 45.44 C 85.12 40.92 91.35 44.05 94.32 40.56 C 101.80 42.77 110.18 40.41 117.27 43.74 C 119.83 46.71 122.68 43.42 124.36 41.31 C 126.16 38.46 128.54 42.68 130.96 42.09 Z" />
<path fill="#d73f4d" d=" M 61.93 37.98 C 65.64 41.37 69.75 34.89 74.27 37.45 C 70.86 38.84 67.42 40.18 63.88 41.24 C 61.57 41.78 59.20 42.58 57.04 41.11 C 52.93 42.78 49.23 45.30 45.77 48.04 C 42.60 50.05 39.62 53.06 35.58 52.46 C 33.83 55.56 30.02 57.23 26.55 57.35 C 27.14 60.35 23.19 60.93 22.95 63.99 C 21.96 68.59 15.70 68.05 14.32 72.34 C 11.71 79.21 6.38 83.94 0.91 88.06 C 1.67 84.02 2.35 79.92 3.84 76.08 C 4.51 75.94 5.86 75.67 6.54 75.53 C 14.37 63.99 25.37 53.78 38.15 48.21 C 38.36 43.72 41.94 44.16 45.50 43.94 C 44.46 41.37 46.65 39.61 48.88 41.26 C 53.07 40.20 56.76 37.78 61.23 38.02 L 61.93 37.98 Z" />
<path fill="#9a8061" d=" M 183.05 44.06 C 182.53 42.47 182.11 40.79 183.80 39.76 C 185.07 43.00 188.89 44.85 183.05 44.06 Z" />
<path fill="#8e6e58" d=" M 192.19 44.38 C 196.64 46.53 190.81 49.71 192.19 44.38 Z" />
<path fill="#a70a0e" d=" M 135.24 48.07 C 140.20 45.16 142.41 52.86 142.32 56.39 C 137.22 65.26 125.00 61.86 121.01 71.90 C 122.96 73.21 125.36 71.12 127.58 71.25 C 136.09 66.83 146.80 66.92 155.45 70.01 C 154.53 70.61 153.58 71.17 152.60 71.67 C 135.87 71.35 119.57 76.90 104.03 82.16 C 103.76 79.03 104.34 76.00 104.82 72.94 C 97.14 74.52 89.03 74.17 81.54 76.49 C 78.82 80.91 74.31 85.92 68.43 84.65 C 62.00 85.22 57.19 90.64 52.45 94.42 C 45.48 101.19 34.31 97.28 27.25 103.44 C 26.23 101.17 27.35 96.63 23.89 97.04 C 20.74 97.39 23.23 95.31 24.06 94.03 C 26.18 91.60 29.67 92.14 32.18 93.73 C 36.28 90.74 41.28 91.34 45.85 92.91 C 48.13 90.83 46.71 87.11 49.47 85.39 C 51.51 82.42 44.87 81.69 44.07 79.91 C 36.99 80.51 43.08 65.37 45.28 72.88 C 48.43 70.15 53.85 73.96 55.06 69.02 C 57.69 65.48 72.49 69.60 67.51 62.53 C 66.83 56.67 71.59 52.44 77.49 56.27 C 77.82 60.89 83.17 62.80 86.74 63.91 C 87.36 60.72 87.84 59.48 91.74 60.48 C 90.64 64.39 96.56 68.32 99.34 68.40 C 104.87 63.93 94.66 62.66 95.94 58.05 C 93.31 49.94 103.18 47.42 106.39 53.73 C 111.16 50.43 116.24 57.89 120.69 53.71 C 123.37 48.24 129.99 48.03 135.24 48.07 Z" />
<path fill="#9a6469" d=" M 210.34 46.88 C 211.41 48.34 211.40 50.20 210.97 51.88 C 209.23 50.75 209.64 48.51 210.34 46.88 Z" />
<path fill="#c02833" d=" M 35.58 52.46 C 39.62 53.06 42.60 50.05 45.77 48.04 C 45.34 51.30 48.25 52.33 50.95 52.23 C 47.91 54.72 46.71 58.52 45.18 62.00 C 40.71 70.67 37.82 56.68 32.63 59.47 C 30.95 64.01 24.64 64.58 24.21 69.68 C 30.11 69.94 25.60 77.37 21.73 77.55 C 18.37 77.87 17.91 81.63 19.61 83.96 C 15.92 86.10 12.84 88.79 14.14 93.33 C 9.52 92.57 7.56 93.81 8.83 97.71 C 4.32 99.34 2.95 104.15 0.60 107.90 L 0.00 108.45 L 0.00 88.40 L 0.91 88.06 C 6.38 83.94 11.71 79.21 14.32 72.34 C 15.70 68.05 21.96 68.59 22.95 63.99 C 23.19 60.93 27.14 60.35 26.55 57.35 C 30.02 57.23 33.83 55.56 35.58 52.46 Z" />
<path fill="#a22726" d=" M 179.92 52.19 C 178.20 51.83 175.57 48.43 178.34 47.80 C 182.30 51.48 187.66 53.12 191.09 57.47 C 186.68 58.69 184.03 52.95 179.92 52.19 Z" />
<path fill="#cc866b" d=" M 195.27 50.24 C 202.32 50.06 195.73 55.41 191.94 55.04 C 191.85 52.84 193.85 51.58 195.27 50.24 Z" />
<path fill="#9d5768" d=" M 210.97 51.88 C 212.33 52.84 212.28 54.58 211.86 56.00 C 210.45 55.06 209.51 53.25 210.97 51.88 Z" />
<path fill="#eea490" d=" M 196.30 57.07 C 198.19 56.91 199.75 55.87 201.18 54.70 C 203.39 55.37 201.54 58.69 204.80 58.45 C 207.01 62.42 198.16 60.17 200.98 63.27 C 198.82 64.02 196.64 64.72 194.60 65.76 C 194.19 65.95 193.36 66.34 192.95 66.53 C 192.98 63.48 197.94 61.19 196.30 57.07 Z" />
<path fill="#eb7466" d=" M 191.90 57.40 C 193.36 57.25 194.82 57.14 196.30 57.07 C 197.94 61.19 192.98 63.48 192.95 66.53 C 191.38 67.38 189.64 67.77 187.88 67.95 C 190.62 65.00 188.31 62.21 186.87 59.35 C 190.17 59.38 198.88 59.30 191.90 57.40 Z" />
<path fill="#625054" d=" M 212.27 56.61 C 214.12 58.19 214.37 59.77 211.87 60.71 L 210.95 61.07 C 209.95 59.34 211.31 57.97 212.27 56.61 Z" />
<path fill="#808b74" d=" M 0.00 59.80 C 3.29 60.50 6.57 61.27 9.86 61.96 C 9.29 62.71 8.73 63.46 8.18 64.22 C 5.44 63.81 2.73 63.24 0.00 62.80 L 0.00 59.80 Z" />
<path fill="#db2729" d=" M 171.00 64.20 C 173.15 63.36 175.11 62.16 177.11 61.04 C 178.75 63.86 180.71 65.67 183.87 66.17 C 184.49 70.85 178.39 65.99 177.03 68.87 C 174.02 68.39 173.71 65.02 171.00 64.20 Z" />
<path fill="#e7e5e3" d=" M 206.18 63.94 C 207.82 63.07 209.38 62.07 210.95 61.07 L 211.87 60.71 C 213.51 62.00 214.67 63.77 215.34 65.73 C 210.26 69.26 204.26 71.05 198.70 73.63 C 197.18 74.18 195.69 74.79 194.18 75.33 C 191.47 75.44 189.21 74.26 187.71 72.04 C 188.15 71.85 189.02 71.48 189.46 71.29 C 191.78 70.52 193.99 69.50 196.21 68.48 C 199.57 67.07 202.97 65.70 206.18 63.94 Z" />
<path fill="#82726a" d=" M 200.98 63.27 C 202.79 62.93 206.41 60.52 206.18 63.94 C 202.97 65.70 199.57 67.07 196.21 68.48 C 194.26 68.53 194.13 67.30 194.60 65.76 C 196.64 64.72 198.82 64.02 200.98 63.27 Z" />
<path fill="#b4b6a8" d=" M 0.00 62.80 C 2.73 63.24 5.44 63.81 8.18 64.22 C 7.70 65.73 6.63 66.82 5.08 67.22 C 3.40 66.70 1.70 66.18 0.00 65.72 L 0.00 62.80 Z" />
<path fill="#eedddd" d=" M 0.00 65.72 C 1.70 66.18 3.40 66.70 5.08 67.22 C 5.53 68.22 5.96 69.22 6.37 70.23 C 5.43 72.13 4.53 74.06 3.84 76.08 C 2.35 79.92 1.67 84.02 0.91 88.06 L 0.00 88.40 L 0.00 65.72 Z" />
<path fill="#644641" d=" M 192.95 66.53 C 193.36 66.34 194.19 65.95 194.60 65.76 C 194.13 67.30 194.26 68.53 196.21 68.48 C 193.99 69.50 191.78 70.52 189.46 71.29 C 189.31 67.55 185.07 69.98 182.77 69.78 C 184.37 68.91 186.05 68.19 187.88 67.95 C 189.64 67.77 191.38 67.38 192.95 66.53 Z" />
<path fill="#5e514e" d=" M 198.70 73.63 C 204.26 71.05 210.26 69.26 215.34 65.73 C 217.43 68.88 214.49 67.82 213.55 69.94 C 211.27 68.33 209.05 71.07 206.85 71.69 C 204.58 72.72 202.35 73.82 200.04 74.74 C 199.70 74.46 199.03 73.90 198.70 73.63 Z" />
<path fill="#8c070a" d=" M 155.45 70.01 C 158.20 67.94 161.86 68.47 165.00 67.35 C 166.54 70.25 162.85 72.50 161.95 75.03 C 158.73 75.94 155.48 76.68 152.21 77.38 C 148.57 77.95 149.91 75.18 148.86 73.12 C 140.24 75.52 130.74 75.32 122.84 79.85 C 116.87 83.10 110.57 85.70 104.30 88.31 C 92.05 88.52 80.93 96.81 68.74 99.58 C 51.99 103.28 35.89 109.67 19.06 111.95 C 21.10 109.62 18.02 109.40 16.29 108.73 C 17.18 105.19 20.92 106.18 22.41 103.38 C 23.47 100.99 25.51 104.72 27.25 103.44 C 34.31 97.28 45.48 101.19 52.45 94.42 C 57.19 90.64 62.00 85.22 68.43 84.65 C 74.31 85.92 78.82 80.91 81.54 76.49 C 89.03 74.17 97.14 74.52 104.82 72.94 C 104.34 76.00 103.76 79.03 104.03 82.16 C 119.57 76.90 135.87 71.35 152.60 71.67 C 153.58 71.17 154.53 70.61 155.45 70.01 Z" />
<path fill="#100709" d=" M 182.77 69.78 C 185.07 69.98 189.31 67.55 189.46 71.29 C 189.02 71.48 188.15 71.85 187.71 72.04 C 180.51 74.29 173.34 76.58 166.26 79.15 C 151.15 82.04 135.38 84.12 120.64 88.78 C 135.75 88.47 150.31 83.99 165.27 82.39 C 174.89 79.93 184.87 78.95 194.18 75.33 C 195.69 74.79 197.18 74.18 198.70 73.63 C 199.03 73.90 199.70 74.46 200.04 74.74 C 198.33 75.46 196.65 76.23 194.98 77.03 C 188.74 79.58 182.38 81.81 176.10 84.25 C 174.78 83.67 172.62 83.33 172.09 85.13 C 170.74 84.42 168.94 84.58 168.10 85.97 C 165.54 86.06 163.07 86.74 160.72 87.74 C 157.71 88.24 154.76 89.05 151.84 89.90 C 150.35 90.11 147.37 90.52 145.88 90.73 C 144.33 91.21 142.79 91.74 141.23 92.20 C 136.66 91.85 132.18 92.55 127.78 93.69 L 126.96 93.84 C 121.58 94.66 116.22 95.67 110.89 96.74 C 107.03 97.40 103.31 98.62 99.57 99.73 C 98.95 99.79 97.70 99.90 97.08 99.95 C 88.87 101.25 77.58 101.00 73.95 110.11 C 71.55 113.04 68.41 115.20 65.79 117.91 C 63.20 120.21 66.48 127.77 61.88 126.34 C 57.15 129.43 60.21 138.35 56.87 141.69 C 51.46 142.59 49.03 136.45 44.70 134.26 C 38.49 128.64 29.90 130.35 22.35 128.77 C 21.99 127.45 21.73 126.11 21.39 124.80 C 20.94 122.70 19.88 120.82 18.82 118.98 C 19.12 117.31 19.30 115.59 18.89 113.92 C 48.88 111.29 76.85 99.95 104.30 88.31 C 110.57 85.70 116.87 83.10 122.84 79.85 C 132.27 78.41 143.52 82.38 152.21 77.38 C 155.48 76.68 158.73 75.94 161.95 75.03 C 167.25 73.28 172.88 73.04 178.20 71.45 C 179.75 70.97 181.26 70.39 182.77 69.78 Z" />
<path fill="#d8bba8" d=" M 206.85 71.69 C 209.05 71.07 211.27 68.33 213.55 69.94 C 213.89 70.40 214.57 71.34 214.92 71.81 C 215.63 72.56 216.39 73.28 217.18 73.96 C 216.42 74.76 214.57 75.36 215.20 76.79 C 219.00 80.96 216.87 87.77 221.50 91.49 C 216.69 97.31 224.96 103.01 220.69 109.28 C 219.42 106.58 221.65 103.26 220.21 100.73 C 214.18 93.18 213.77 83.00 210.95 74.08 C 210.54 72.09 208.55 71.82 206.85 71.69 Z" />
<path fill="#763b2a" d=" M 214.92 71.81 C 218.91 72.16 222.98 72.55 226.72 74.11 C 232.80 78.49 241.53 76.10 248.00 80.34 L 248.00 82.88 C 242.86 83.04 238.18 77.84 233.11 81.06 C 225.29 86.19 227.84 72.03 220.08 73.99 C 219.35 73.98 217.91 73.96 217.18 73.96 C 216.39 73.28 215.63 72.56 214.92 71.81 Z" />
<path fill="#6e737e" d=" M 166.26 79.15 C 173.34 76.58 180.51 74.29 187.71 72.04 C 189.21 74.26 191.47 75.44 194.18 75.33 C 184.87 78.95 174.89 79.93 165.27 82.39 C 158.77 82.72 162.03 79.92 166.26 79.15 Z" />
<path fill="#f8f1e8" d=" M 200.04 74.74 C 202.35 73.82 204.58 72.72 206.85 71.69 C 208.55 71.82 210.54 72.09 210.95 74.08 C 213.77 83.00 214.18 93.18 220.21 100.73 C 221.65 103.26 219.42 106.58 220.69 109.28 C 221.56 111.99 222.94 114.51 223.77 117.24 C 224.20 119.43 224.78 121.58 225.16 123.78 C 225.23 131.28 224.29 138.89 225.80 146.31 C 225.89 149.63 225.16 152.88 224.96 156.18 C 224.39 155.48 223.82 154.79 223.25 154.10 C 223.88 145.97 215.93 142.03 211.24 136.70 C 211.32 134.01 212.80 130.78 209.53 129.43 C 206.02 127.80 207.80 123.84 208.02 120.92 L 208.19 119.96 C 209.17 120.40 210.15 120.87 211.12 121.35 C 211.36 121.62 211.83 122.16 212.07 122.43 C 212.66 123.12 213.28 123.78 213.93 124.43 C 219.19 128.96 220.80 115.96 219.20 112.73 C 216.36 108.74 216.52 102.42 211.89 100.10 C 221.33 101.26 208.83 92.00 205.00 95.69 C 197.01 97.57 192.31 89.96 191.24 83.27 C 196.87 83.45 194.41 80.67 194.98 77.03 C 196.65 76.23 198.33 75.46 200.04 74.74 Z" />
<path fill="#4e0a0d" d=" M 122.84 79.85 C 130.74 75.32 140.24 75.52 148.86 73.12 C 149.91 75.18 148.57 77.95 152.21 77.38 C 143.52 82.38 132.27 78.41 122.84 79.85 Z" />
<path fill="#c18d7f" d=" M 217.18 73.96 C 217.91 73.96 219.35 73.98 220.08 73.99 C 216.32 75.70 220.42 77.98 220.60 80.60 C 216.97 83.00 223.14 81.55 223.76 83.60 C 222.81 86.31 224.32 88.92 225.76 91.13 C 222.58 94.34 222.08 99.77 225.88 102.73 C 222.25 102.57 222.61 105.63 223.18 108.69 C 223.31 111.54 223.53 114.38 223.77 117.24 C 222.94 114.51 221.56 111.99 220.69 109.28 C 224.96 103.01 216.69 97.31 221.50 91.49 C 216.87 87.77 219.00 80.96 215.20 76.79 C 214.57 75.36 216.42 74.76 217.18 73.96 Z" />
<path fill="#965948" d=" M 220.08 73.99 C 227.84 72.03 225.29 86.19 233.11 81.06 C 238.18 77.84 242.86 83.04 248.00 82.88 L 248.00 87.74 C 239.07 87.11 243.91 98.14 246.40 102.63 C 248.57 105.52 243.93 107.21 242.45 104.57 C 239.38 101.01 233.77 103.17 230.93 99.11 C 224.40 96.76 230.81 91.50 229.90 87.38 C 227.20 87.26 225.16 85.87 223.76 83.60 C 223.14 81.55 216.97 83.00 220.60 80.60 C 220.42 77.98 216.32 75.70 220.08 73.99 Z" />
<path fill="#3f1810" d=" M 226.72 74.11 C 234.00 73.94 240.93 76.77 248.00 78.13 L 248.00 80.34 C 241.53 76.10 232.80 78.49 226.72 74.11 Z" />
<path fill="#e8c6b9" d=" M 176.10 84.25 C 182.38 81.81 188.74 79.58 194.98 77.03 C 194.41 80.67 196.87 83.45 191.24 83.27 C 192.31 89.96 197.01 97.57 205.00 95.69 C 208.83 92.00 221.33 101.26 211.89 100.10 C 216.52 102.42 216.36 108.74 219.20 112.73 C 220.80 115.96 219.19 128.96 213.93 124.43 C 222.73 119.11 211.23 109.19 209.97 101.93 C 207.94 98.59 201.90 98.09 198.06 97.95 C 187.01 98.65 177.27 92.91 166.88 90.90 C 168.32 89.00 170.26 87.57 171.77 85.73 L 172.09 85.13 C 173.50 85.46 175.02 85.28 176.10 84.25 Z" />
<path fill="#2f3240" d=" M 120.64 88.78 C 135.38 84.12 151.15 82.04 166.26 79.15 C 162.03 79.92 158.77 82.72 165.27 82.39 C 150.31 83.99 135.75 88.47 120.64 88.78 Z" />
<path fill="#7b5a41" d=" M 172.09 85.13 C 172.62 83.33 174.78 83.67 176.10 84.25 C 175.02 85.28 173.50 85.46 172.09 85.13 Z" />
<path fill="#ad7469" d=" M 225.76 91.13 C 224.32 88.92 222.81 86.31 223.76 83.60 C 225.16 85.87 227.20 87.26 229.90 87.38 C 230.81 91.50 224.40 96.76 230.93 99.11 C 233.77 103.17 239.38 101.01 242.45 104.57 C 243.93 107.21 248.57 105.52 246.40 102.63 C 243.91 98.14 239.07 87.11 248.00 87.74 L 248.00 114.60 C 243.63 111.47 240.94 104.37 234.32 106.13 C 229.92 109.54 230.84 117.89 236.19 119.93 C 228.60 120.51 227.41 112.12 223.18 108.69 C 222.61 105.63 222.25 102.57 225.88 102.73 C 222.08 99.77 222.58 94.34 225.76 91.13 Z" />
<path fill="#755346" d=" M 168.10 85.97 C 168.94 84.58 170.74 84.42 172.09 85.13 L 171.77 85.73 C 170.58 86.21 169.36 86.29 168.10 85.97 Z" />
<path fill="#7c5850" d=" M 160.72 87.74 C 163.07 86.74 165.54 86.06 168.10 85.97 C 165.91 87.48 163.37 88.14 160.72 87.74 Z" />
<path fill="#d1a59b" d=" M 168.10 85.97 C 169.36 86.29 170.58 86.21 171.77 85.73 C 170.26 87.57 168.32 89.00 166.88 90.90 C 177.27 92.91 187.01 98.65 198.06 97.95 L 197.93 98.87 C 196.31 99.19 194.70 99.55 193.10 99.91 C 191.68 100.17 190.26 100.43 188.86 100.79 C 178.49 99.44 168.53 102.27 158.20 101.67 C 152.63 99.05 146.54 101.13 140.70 100.19 C 137.52 100.01 134.36 99.97 131.19 99.83 C 130.73 96.29 122.46 96.92 126.96 93.84 L 127.78 93.69 C 132.33 94.10 136.88 93.63 141.23 92.20 C 142.79 91.74 144.33 91.21 145.88 90.73 C 147.37 90.52 150.35 90.11 151.84 89.90 C 154.76 89.05 157.71 88.24 160.72 87.74 C 163.37 88.14 165.91 87.48 168.10 85.97 Z" />
<path fill="#65090b" d=" M 68.74 99.58 C 80.93 96.81 92.05 88.52 104.30 88.31 C 76.85 99.95 48.88 111.29 18.89 113.92 L 18.27 113.91 C 15.06 113.40 11.83 112.97 8.57 113.04 C 12.04 112.38 15.54 112.04 19.06 111.95 C 35.89 109.67 51.99 103.28 68.74 99.58 Z" />
<path fill="#89685f" d=" M 145.88 90.73 C 147.37 90.52 150.35 90.11 151.84 89.90 C 150.35 90.11 147.37 90.52 145.88 90.73 Z" />
<path fill="#9f1a1e" d=" M 14.14 93.33 C 17.68 93.51 21.22 90.43 24.06 94.03 C 23.23 95.31 20.74 97.39 23.89 97.04 C 27.35 96.63 26.23 101.17 27.25 103.44 C 25.51 104.72 23.47 100.99 22.41 103.38 C 20.92 106.18 17.18 105.19 16.29 108.73 C 18.02 109.40 21.10 109.62 19.06 111.95 C 15.54 112.04 12.04 112.38 8.57 113.04 C 5.32 112.71 2.13 110.83 0.60 107.90 C 2.95 104.15 4.32 99.34 8.83 97.71 C 7.56 93.81 9.52 92.57 14.14 93.33 Z" />
<path fill="#916c67" d=" M 127.78 93.69 C 132.18 92.55 136.66 91.85 141.23 92.20 C 136.88 93.63 132.33 94.10 127.78 93.69 Z" />
<path fill="#ab7d74" d=" M 110.89 96.74 C 116.22 95.67 121.58 94.66 126.96 93.84 C 122.46 96.92 130.73 96.29 131.19 99.83 C 129.56 100.35 127.94 100.92 126.33 101.47 C 120.54 100.37 114.69 100.00 108.81 99.85 C 109.35 98.71 110.12 97.72 110.89 96.74 Z" />
<path fill="#945841" d=" M 99.57 99.73 C 103.31 98.62 107.03 97.40 110.89 96.74 C 110.12 97.72 109.35 98.71 108.81 99.85 C 114.69 100.00 120.54 100.37 126.33 101.47 C 124.11 103.56 121.37 106.54 126.26 106.80 C 122.26 109.22 118.70 104.91 114.67 107.40 C 108.76 105.08 101.77 115.50 108.15 118.80 C 110.31 120.25 112.88 119.10 115.24 119.14 C 114.05 120.08 112.83 121.00 111.61 121.90 C 107.56 120.36 101.51 122.86 103.10 127.78 C 105.40 128.52 107.79 128.92 110.19 129.10 L 109.67 129.64 C 108.66 130.39 107.64 131.13 106.65 131.90 C 102.59 133.49 98.41 130.65 94.10 132.51 C 91.67 131.66 85.06 128.96 89.41 126.52 C 94.95 125.38 87.95 121.84 85.21 123.37 C 80.15 117.33 69.95 120.31 67.96 127.84 C 68.17 133.99 60.72 138.82 64.93 144.75 C 57.99 145.42 60.25 155.74 54.20 155.01 C 54.09 151.40 55.28 145.95 50.18 146.28 C 46.25 152.05 47.91 158.83 52.08 163.74 C 49.81 163.83 46.87 165.87 45.05 163.84 C 46.33 161.34 47.16 158.73 45.87 156.02 C 42.73 158.10 39.09 161.95 40.17 153.80 C 41.31 152.16 43.39 152.82 42.44 154.96 C 49.32 155.44 45.90 147.47 41.26 146.05 C 38.59 148.61 33.46 155.51 37.96 157.45 C 37.84 158.90 37.29 160.43 37.89 161.85 C 37.56 164.64 43.14 166.84 40.74 168.88 C 32.94 169.09 28.71 161.11 27.82 154.26 C 28.12 152.89 30.33 150.96 28.89 149.80 C 30.93 145.55 38.93 149.45 38.92 145.21 C 37.84 138.22 29.86 135.06 23.78 133.21 C 31.64 131.99 23.17 129.06 18.82 129.40 C 20.47 128.36 21.22 126.69 21.39 124.80 C 21.73 126.11 21.99 127.45 22.35 128.77 C 29.90 130.35 38.49 128.64 44.70 134.26 C 49.03 136.45 51.46 142.59 56.87 141.69 C 62.06 143.16 64.30 136.32 63.36 132.39 C 63.07 128.55 66.82 125.97 67.38 122.27 C 68.79 118.77 68.89 112.62 75.03 114.98 C 79.99 115.04 86.98 108.63 89.99 115.03 C 94.27 120.84 92.64 105.63 98.08 108.66 C 102.70 107.53 98.99 102.75 99.57 99.73 Z" />
<path fill="#b67c5f" d=" M 198.06 97.95 C 201.90 98.09 207.94 98.59 209.97 101.93 C 207.69 103.18 203.50 104.17 205.24 107.66 C 208.05 109.28 211.05 110.62 213.78 112.40 C 212.59 115.04 215.44 120.77 212.07 122.43 C 211.83 122.16 211.36 121.62 211.12 121.35 C 215.52 112.41 204.33 109.94 198.09 110.87 C 194.87 109.79 196.51 106.68 197.73 104.66 C 200.42 103.55 203.32 103.26 206.15 102.68 C 205.53 98.84 201.16 98.37 197.93 98.87 L 198.06 97.95 Z" />
<path fill="#7e5037" d=" M 193.10 99.91 C 194.70 99.55 196.31 99.19 197.93 98.87 C 201.16 98.37 205.53 98.84 206.15 102.68 C 203.32 103.26 200.42 103.55 197.73 104.66 C 193.93 106.18 190.12 108.25 185.89 108.01 C 186.54 104.30 190.57 102.41 193.10 99.91 Z" />
<path fill="#592211" d=" M 73.95 110.11 C 77.58 101.00 88.87 101.25 97.08 99.95 C 97.52 109.60 87.27 106.23 81.12 106.14 C 78.76 107.53 76.65 109.38 73.95 110.11 Z" />
<path fill="#783c24" d=" M 97.08 99.95 C 97.70 99.90 98.95 99.79 99.57 99.73 C 98.99 102.75 102.70 107.53 98.08 108.66 C 92.64 105.63 94.27 120.84 89.99 115.03 C 86.98 108.63 79.99 115.04 75.03 114.98 C 68.89 112.62 68.79 118.77 67.38 122.27 C 66.87 120.81 66.30 119.37 65.79 117.91 C 68.41 115.20 71.55 113.04 73.95 110.11 C 76.65 109.38 78.76 107.53 81.12 106.14 C 87.27 106.23 97.52 109.60 97.08 99.95 Z" />
<path fill="#885036" d=" M 126.33 101.47 C 127.94 100.92 129.56 100.35 131.19 99.83 C 134.36 99.97 137.52 100.01 140.70 100.19 C 142.54 101.74 144.90 102.17 147.17 102.84 L 147.45 103.66 C 141.90 104.54 136.42 100.12 131.07 102.15 C 130.29 108.26 139.38 106.58 142.99 108.97 C 145.98 110.89 148.11 106.14 147.45 103.66 C 150.54 106.08 152.57 109.54 153.86 113.20 C 155.82 114.92 159.52 114.77 159.95 117.97 C 159.02 122.55 153.73 124.98 149.76 125.32 C 151.45 122.40 157.08 118.49 152.05 115.97 C 149.47 117.47 147.22 119.75 144.15 120.20 C 140.98 117.99 137.33 116.75 133.66 115.63 C 136.65 114.26 141.86 118.02 141.56 112.84 C 137.89 109.40 131.89 106.83 126.26 106.80 C 121.37 106.54 124.11 103.56 126.33 101.47 Z" />
<path fill="#cb9285" d=" M 140.70 100.19 C 146.54 101.13 152.63 99.05 158.20 101.67 C 168.53 102.27 178.49 99.44 188.86 100.79 C 188.44 101.11 187.58 101.73 187.15 102.05 C 183.03 103.17 178.84 104.77 176.09 108.23 C 177.01 113.19 177.70 118.16 177.76 123.22 C 176.59 122.08 176.16 120.54 175.93 118.97 C 173.34 110.13 164.70 123.10 169.48 127.57 C 170.56 140.25 178.85 151.01 178.06 163.95 C 170.24 163.59 171.74 155.29 171.63 149.60 C 174.53 142.67 165.05 139.93 166.41 133.38 C 163.43 126.09 166.42 118.76 170.99 112.87 C 167.85 105.29 157.46 102.65 149.78 103.09 C 149.13 103.03 147.83 102.90 147.17 102.84 C 144.90 102.17 142.54 101.74 140.70 100.19 Z" />
<path fill="#9e6645" d=" M 188.86 100.79 C 190.26 100.43 191.68 100.17 193.10 99.91 C 190.57 102.41 186.54 104.30 185.89 108.01 C 190.12 108.25 193.93 106.18 197.73 104.66 C 196.51 106.68 194.87 109.79 198.09 110.87 C 197.50 111.06 196.33 111.42 195.74 111.60 C 194.05 112.09 192.54 112.98 191.06 113.90 C 187.44 115.21 183.70 115.78 179.87 115.74 C 179.33 112.77 184.84 113.83 183.37 111.39 C 180.95 107.86 185.57 104.92 187.15 102.05 C 187.58 101.73 188.44 101.11 188.86 100.79 Z" />
<path fill="#5e311c" d=" M 131.07 102.15 C 136.42 100.12 141.90 104.54 147.45 103.66 C 148.11 106.14 145.98 110.89 142.99 108.97 C 139.38 106.58 130.29 108.26 131.07 102.15 Z" />
<path fill="#b7826f" d=" M 176.09 108.23 C 178.84 104.77 183.03 103.17 187.15 102.05 C 185.57 104.92 180.95 107.86 183.37 111.39 C 184.84 113.83 179.33 112.77 179.87 115.74 C 177.01 121.63 183.91 124.37 189.05 122.45 L 189.71 122.42 L 190.22 123.02 C 193.21 126.12 198.11 124.16 201.87 123.69 C 202.08 123.99 202.51 124.61 202.72 124.91 C 198.13 124.58 197.03 128.91 197.16 132.65 C 198.95 134.15 203.04 133.98 202.93 136.85 C 200.08 138.49 196.86 137.26 193.84 137.04 C 191.21 135.42 188.64 133.74 186.06 132.07 C 183.00 129.41 180.20 126.45 177.76 123.22 C 177.70 118.16 177.01 113.19 176.09 108.23 Z" />
<path fill="#d8a78a" d=" M 205.24 107.66 C 203.50 104.17 207.69 103.18 209.97 101.93 C 211.23 109.19 222.73 119.11 213.93 124.43 C 213.28 123.78 212.66 123.12 212.07 122.43 C 215.44 120.77 212.59 115.04 213.78 112.40 C 211.05 110.62 208.05 109.28 205.24 107.66 Z" />
<path fill="#a56d56" d=" M 147.17 102.84 C 147.83 102.90 149.13 103.03 149.78 103.09 C 155.56 105.35 158.90 110.85 163.85 114.34 C 162.83 117.49 165.66 123.75 161.04 125.04 C 157.32 126.00 160.66 129.51 161.04 131.85 C 156.68 130.45 151.01 131.40 148.58 135.63 C 147.67 136.33 146.76 137.04 145.89 137.79 C 144.24 139.15 142.66 140.58 140.97 141.87 C 138.61 142.64 136.31 143.65 133.86 144.10 C 136.04 139.46 141.03 137.17 145.44 135.06 C 146.58 132.72 150.89 127.04 146.78 126.57 C 147.76 126.12 148.74 125.68 149.76 125.32 C 153.73 124.98 159.02 122.55 159.95 117.97 C 159.52 114.77 155.82 114.92 153.86 113.20 C 152.57 109.54 150.54 106.08 147.45 103.66 L 147.17 102.84 Z" />
<path fill="#bc7f6e" d=" M 149.78 103.09 C 157.46 102.65 167.85 105.29 170.99 112.87 C 166.42 118.76 163.43 126.09 166.41 133.38 C 165.05 139.93 174.53 142.67 171.63 149.60 C 171.74 155.29 170.24 163.59 178.06 163.95 C 182.14 164.89 190.44 164.47 189.17 171.01 C 188.71 171.26 187.78 171.75 187.32 172.00 C 180.53 170.37 174.39 164.88 166.84 168.05 C 166.43 167.99 165.61 167.89 165.21 167.83 C 162.15 166.46 158.99 165.32 155.70 165.12 C 153.77 161.02 156.69 157.10 159.15 154.04 C 153.27 153.89 149.61 158.36 147.18 163.23 C 145.37 154.87 158.87 153.86 156.14 146.07 C 156.45 143.45 160.17 143.12 162.05 141.75 C 160.33 135.46 154.21 134.58 148.58 135.63 C 151.01 131.40 156.68 130.45 161.04 131.85 C 160.66 129.51 157.32 126.00 161.04 125.04 C 165.66 123.75 162.83 117.49 163.85 114.34 C 158.90 110.85 155.56 105.35 149.78 103.09 Z" />
<path fill="#a9715a" d=" M 114.67 107.40 C 118.70 104.91 122.26 109.22 126.26 106.80 C 131.89 106.83 137.89 109.40 141.56 112.84 C 141.86 118.02 136.65 114.26 133.66 115.63 C 127.37 115.59 120.99 116.48 115.24 119.14 C 112.88 119.10 110.31 120.25 108.15 118.80 C 101.77 115.50 108.76 105.08 114.67 107.40 Z" />
<path fill="#c48f8a" d=" M 234.32 106.13 C 240.94 104.37 243.63 111.47 248.00 114.60 L 248.00 122.02 C 243.80 122.75 239.56 122.88 236.19 119.93 C 230.84 117.89 229.92 109.54 234.32 106.13 Z" />
<path fill="#f9f9f9" d=" M 0.00 108.45 L 0.60 107.90 C 2.13 110.83 5.32 112.71 8.57 113.04 C 11.77 113.64 15.01 114.04 18.27 113.91 C 17.49 115.56 17.59 117.58 18.82 118.98 C 19.88 120.82 20.94 122.70 21.39 124.80 C 21.22 126.69 20.47 128.36 18.82 129.40 C 16.83 130.01 15.07 131.16 13.69 132.72 C 7.39 140.97 9.12 153.95 16.32 161.26 C 10.86 163.08 5.54 158.43 0.00 159.96 L 0.00 108.45 Z" />
<path fill="#9c604e" d=" M 223.18 108.69 C 227.41 112.12 228.60 120.51 236.19 119.93 C 239.56 122.88 243.80 122.75 248.00 122.02 L 248.00 132.34 C 241.03 129.10 233.52 129.28 226.00 129.81 C 225.79 128.30 225.37 125.29 225.16 123.78 C 224.78 121.58 224.20 119.43 223.77 117.24 C 223.53 114.38 223.31 111.54 223.18 108.69 Z" />
<path fill="#642b1e" d=" M 195.74 111.60 C 196.33 111.42 197.50 111.06 198.09 110.87 C 204.33 109.94 215.52 112.41 211.12 121.35 C 210.15 120.87 209.17 120.40 208.19 119.96 C 206.19 117.54 203.71 115.62 200.93 114.18 C 205.95 113.37 197.61 111.37 195.74 111.60 Z" />
<path fill="#280f0c" d=" M 191.06 113.90 C 192.54 112.98 194.05 112.09 195.74 111.60 C 197.61 111.37 205.95 113.37 200.93 114.18 C 199.90 114.40 198.87 114.65 197.85 114.91 C 195.91 115.89 192.00 115.04 191.91 117.87 C 194.66 117.67 197.37 117.30 200.12 117.04 C 200.20 118.94 199.27 120.61 198.06 121.99 C 195.27 122.08 192.48 122.22 189.71 122.42 L 189.05 122.45 C 187.42 121.40 185.78 120.37 184.13 119.36 C 187.22 118.73 189.08 116.09 191.06 113.90 Z" />
<path fill="#c6a4a3" d=" M 8.57 113.04 C 11.83 112.97 15.06 113.40 18.27 113.91 C 15.01 114.04 11.77 113.64 8.57 113.04 Z" />
<path fill="#a29fa2" d=" M 18.27 113.91 L 18.89 113.92 C 19.30 115.59 19.12 117.31 18.82 118.98 C 17.59 117.58 17.49 115.56 18.27 113.91 Z" />
<path fill="#6e3b29" d=" M 179.87 115.74 C 183.70 115.78 187.44 115.21 191.06 113.90 C 189.08 116.09 187.22 118.73 184.13 119.36 C 185.78 120.37 187.42 121.40 189.05 122.45 C 183.91 124.37 177.01 121.63 179.87 115.74 Z" />
<path fill="#cba398" d=" M 197.85 114.91 C 198.87 114.65 199.90 114.40 200.93 114.18 C 203.71 115.62 206.19 117.54 208.19 119.96 L 208.02 120.92 C 206.04 121.99 203.96 122.86 201.87 123.69 C 198.11 124.16 193.21 126.12 190.22 123.02 C 192.80 122.78 196.12 124.14 198.06 121.99 C 199.27 120.61 200.20 118.94 200.12 117.04 C 199.39 116.31 198.63 115.60 197.85 114.91 Z" />
<path fill="#5a575c" d=" M 191.91 117.87 C 192.00 115.04 195.91 115.89 197.85 114.91 C 198.63 115.60 199.39 116.31 200.12 117.04 C 197.37 117.30 194.66 117.67 191.91 117.87 Z" />
<path fill="#381611" d=" M 115.24 119.14 C 120.99 116.48 127.37 115.59 133.66 115.63 C 137.33 116.75 140.98 117.99 144.15 120.20 C 146.72 126.84 136.89 115.73 132.75 118.04 C 134.52 119.98 140.45 120.12 139.10 123.34 C 138.17 122.80 137.23 122.29 136.27 121.81 C 134.53 120.91 132.72 120.15 130.88 119.50 C 127.76 119.47 124.93 122.39 121.64 122.80 C 124.64 122.90 127.72 123.03 130.74 123.12 C 131.01 124.86 130.74 126.59 130.24 128.26 C 126.06 129.41 121.52 129.57 117.83 127.07 C 118.65 123.08 114.55 127.04 112.61 127.14 C 112.35 125.38 111.93 123.65 111.61 121.90 C 112.83 121.00 114.05 120.08 115.24 119.14 Z" />
<path fill="#723726" d=" M 144.15 120.20 C 147.22 119.75 149.47 117.47 152.05 115.97 C 157.08 118.49 151.45 122.40 149.76 125.32 C 148.74 125.68 147.76 126.12 146.78 126.57 C 144.15 127.38 141.39 127.98 138.61 127.86 C 139.92 126.72 143.52 127.77 142.86 125.31 C 141.52 124.77 139.08 125.40 139.10 123.34 C 140.45 120.12 134.52 119.98 132.75 118.04 C 136.89 115.73 146.72 126.84 144.15 120.20 Z" />
<path fill="#dcaca8" d=" M 169.48 127.57 C 164.70 123.10 173.34 110.13 175.93 118.97 C 165.60 117.81 175.50 130.68 178.05 135.18 C 179.57 143.90 181.53 152.66 187.11 159.83 C 186.51 164.64 194.65 166.01 189.17 171.01 C 190.44 164.47 182.14 164.89 178.06 163.95 C 178.85 151.01 170.56 140.25 169.48 127.57 Z" />
<path fill="#52281f" d=" M 61.88 126.34 C 66.48 127.77 63.20 120.21 65.79 117.91 C 66.30 119.37 66.87 120.81 67.38 122.27 C 66.82 125.97 63.07 128.55 63.36 132.39 C 64.30 136.32 62.06 143.16 56.87 141.69 C 60.21 138.35 57.15 129.43 61.88 126.34 Z" />
<path fill="#555257" d=" M 121.64 122.80 C 124.93 122.39 127.76 119.47 130.88 119.50 C 130.59 120.69 130.62 121.91 130.74 123.12 C 127.72 123.03 124.64 122.90 121.64 122.80 Z" />
<path fill="#edcfbe" d=" M 178.05 135.18 C 175.50 130.68 165.60 117.81 175.93 118.97 C 176.16 120.54 176.59 122.08 177.76 123.22 C 180.20 126.45 183.00 129.41 186.06 132.07 C 181.75 133.36 180.87 128.15 177.20 127.85 C 177.50 130.29 177.87 132.72 178.05 135.18 Z" />
<path fill="#a46a54" d=" M 67.96 127.84 C 69.95 120.31 80.15 117.33 85.21 123.37 C 87.95 121.84 94.95 125.38 89.41 126.52 C 85.06 128.96 91.67 131.66 94.10 132.51 C 90.25 131.73 89.65 135.91 87.43 136.75 C 86.70 131.56 80.03 132.66 76.24 131.10 C 73.59 135.86 76.12 141.67 81.37 143.65 C 81.67 148.37 83.31 155.15 89.52 153.74 C 95.01 162.80 106.04 152.09 113.02 157.17 C 111.51 162.20 107.66 166.05 105.93 170.98 C 103.87 174.42 99.04 172.44 96.17 170.88 C 97.43 173.25 97.79 175.84 97.60 178.50 C 102.10 181.98 105.36 188.76 111.75 188.47 C 115.62 190.74 112.07 199.12 117.45 199.42 C 125.20 197.26 124.93 208.24 130.92 208.99 C 138.56 206.62 127.00 194.92 134.58 193.56 C 132.72 185.44 136.08 190.11 138.06 191.30 C 141.29 192.76 147.95 197.53 148.86 191.72 C 152.34 188.74 153.66 194.45 152.84 197.30 C 149.43 197.13 144.27 198.36 144.95 202.90 C 148.57 203.56 152.29 203.62 155.85 202.65 C 158.39 204.03 158.49 209.61 155.00 207.04 C 152.02 203.39 147.23 209.17 151.68 211.35 C 152.89 214.74 159.13 212.05 159.06 215.89 C 152.91 220.28 147.49 210.59 141.88 215.86 C 134.27 223.39 128.26 208.93 120.41 214.74 C 119.60 207.49 106.27 213.34 110.24 217.79 C 115.75 215.67 117.04 222.56 120.67 225.35 C 122.99 233.02 112.92 223.78 110.02 223.06 C 101.02 220.90 102.98 204.56 92.73 206.37 C 88.07 205.63 85.39 200.51 81.16 199.00 C 77.68 204.43 89.39 207.81 88.10 214.10 C 80.74 213.01 78.58 206.07 74.81 201.09 C 75.13 197.50 68.96 195.14 68.87 199.83 C 65.51 197.63 64.82 189.57 60.16 193.97 C 59.89 193.42 59.36 192.30 59.10 191.75 C 57.76 189.18 58.66 186.34 58.28 183.62 C 58.48 181.74 57.26 182.28 56.11 182.88 C 56.27 179.67 57.78 174.34 54.00 172.87 C 51.41 173.94 48.92 180.25 46.01 176.83 C 45.82 172.57 50.62 171.86 53.90 171.66 C 55.33 167.28 49.45 169.59 46.89 168.12 C 43.65 166.42 41.18 163.53 37.89 161.85 C 37.29 160.43 37.84 158.90 37.96 157.45 C 38.70 156.24 39.41 155.01 40.17 153.80 C 39.09 161.95 42.73 158.10 45.87 156.02 C 47.16 158.73 46.33 161.34 45.05 163.84 C 46.87 165.87 49.81 163.83 52.08 163.74 C 47.91 158.83 46.25 152.05 50.18 146.28 C 55.28 145.95 54.09 151.40 54.20 155.01 C 60.25 155.74 57.99 145.42 64.93 144.75 C 60.72 138.82 68.17 133.99 67.96 127.84 Z" />
<path fill="#b3a9a6" d=" M 130.74 123.12 C 130.62 121.91 130.59 120.69 130.88 119.50 C 132.72 120.15 134.53 120.91 136.27 121.81 C 138.08 125.80 133.43 127.78 130.24 128.26 C 130.74 126.59 131.01 124.86 130.74 123.12 Z" />
<path fill="#f1d3be" d=" M 201.87 123.69 C 203.96 122.86 206.04 121.99 208.02 120.92 C 207.80 123.84 206.02 127.80 209.53 129.43 C 212.80 130.78 211.32 134.01 211.24 136.70 C 215.93 142.03 223.88 145.97 223.25 154.10 C 219.56 155.58 215.78 151.95 212.17 151.02 C 218.81 151.19 214.43 142.25 210.09 141.82 C 202.73 140.80 210.84 137.49 208.72 134.39 C 207.87 133.35 204.88 132.10 207.74 131.64 C 206.04 129.42 204.21 127.29 202.72 124.91 C 202.51 124.61 202.08 123.99 201.87 123.69 Z" />
<path fill="#80442b" d=" M 103.10 127.78 C 101.51 122.86 107.56 120.36 111.61 121.90 C 111.93 123.65 112.35 125.38 112.61 127.14 C 114.55 127.04 118.65 123.08 117.83 127.07 C 115.26 127.66 112.70 128.29 110.19 129.10 C 107.79 128.92 105.40 128.52 103.10 127.78 Z" />
<path fill="#a8776f" d=" M 136.27 121.81 C 137.23 122.29 138.17 122.80 139.10 123.34 C 139.08 125.40 141.52 124.77 142.86 125.31 C 143.52 127.77 139.92 126.72 138.61 127.86 C 141.39 127.98 144.15 127.38 146.78 126.57 C 150.89 127.04 146.58 132.72 145.44 135.06 C 135.45 129.48 120.53 136.39 109.67 129.64 L 110.19 129.10 C 112.70 128.29 115.26 127.66 117.83 127.07 C 121.52 129.57 126.06 129.41 130.24 128.26 C 133.43 127.78 138.08 125.80 136.27 121.81 Z" />
<path fill="#734640" d=" M 189.71 122.42 C 192.48 122.22 195.27 122.08 198.06 121.99 C 196.12 124.14 192.80 122.78 190.22 123.02 L 189.71 122.42 Z" />
<path fill="#c1aaa0" d=" M 225.16 123.78 C 225.37 125.29 225.79 128.30 226.00 129.81 C 225.98 135.31 226.12 140.82 225.80 146.31 C 224.29 138.89 225.23 131.28 225.16 123.78 Z" />
<path fill="#d6a894" d=" M 197.16 132.65 C 197.03 128.91 198.13 124.58 202.72 124.91 C 204.21 127.29 206.04 129.42 207.74 131.64 C 204.88 132.10 207.87 133.35 208.72 134.39 C 210.84 137.49 202.73 140.80 210.09 141.82 C 214.43 142.25 218.81 151.19 212.17 151.02 C 206.14 146.25 197.23 144.31 193.84 137.04 C 196.86 137.26 200.08 138.49 202.93 136.85 C 203.04 133.98 198.95 134.15 197.16 132.65 Z" />
<path fill="#f6e3d9" d=" M 177.20 127.85 C 180.87 128.15 181.75 133.36 186.06 132.07 C 188.64 133.74 191.21 135.42 193.84 137.04 C 197.23 144.31 206.14 146.25 212.17 151.02 C 215.78 151.95 219.56 155.58 223.25 154.10 C 223.82 154.79 224.39 155.48 224.96 156.18 L 225.12 156.87 C 225.09 157.62 225.03 159.13 225.00 159.88 C 224.88 165.49 225.03 171.11 225.26 176.73 C 225.13 179.47 224.98 182.21 224.82 184.95 C 223.64 186.02 223.57 187.71 224.16 189.11 C 224.02 190.69 223.88 192.27 223.73 193.85 C 222.82 196.86 221.67 199.80 220.64 202.77 C 220.06 204.00 219.47 205.22 218.87 206.44 C 218.88 198.16 224.91 189.29 220.64 181.38 C 214.16 177.18 211.01 170.18 209.15 162.95 C 208.16 155.87 200.76 152.35 194.63 150.39 C 192.47 148.78 188.01 148.78 188.51 152.20 C 188.86 153.17 189.34 154.06 189.95 154.88 C 192.11 157.54 197.31 159.32 195.83 163.55 C 192.73 163.12 191.65 167.89 194.93 168.18 C 199.61 169.30 201.74 174.10 204.76 177.40 C 206.07 179.66 207.54 181.82 209.04 183.95 C 208.79 186.73 212.07 192.11 207.73 192.42 L 206.86 192.17 C 204.48 186.52 203.12 191.47 200.21 193.21 C 198.18 189.79 194.60 188.14 191.03 186.81 C 189.41 186.02 187.83 185.12 186.39 184.04 C 185.69 182.60 184.94 181.18 184.13 179.80 C 183.03 177.43 184.75 175.13 185.30 172.84 C 185.80 172.63 186.81 172.21 187.32 172.00 C 187.78 171.75 188.71 171.26 189.17 171.01 C 194.65 166.01 186.51 164.64 187.11 159.83 C 181.53 152.66 179.57 143.90 178.05 135.18 C 177.87 132.72 177.50 130.29 177.20 127.85 Z" />
<path fill="#ad7a75" d=" M 13.69 132.72 C 15.07 131.16 16.83 130.01 18.82 129.40 C 23.17 129.06 31.64 131.99 23.78 133.21 C 21.09 133.16 18.35 132.78 15.77 133.69 C 15.25 133.45 14.21 132.96 13.69 132.72 Z" />
<path fill="#ae7e72" d=" M 226.00 129.81 C 233.52 129.28 241.03 129.10 248.00 132.34 L 248.00 174.48 C 246.92 173.78 245.85 173.08 244.81 172.34 C 240.79 164.14 231.66 160.20 226.34 153.03 C 225.87 154.08 225.41 155.13 224.96 156.18 C 225.16 152.88 225.89 149.63 225.80 146.31 C 226.12 140.82 225.98 135.31 226.00 129.81 Z" />
<path fill="#bf8c7f" d=" M 106.65 131.90 C 107.64 131.13 108.66 130.39 109.67 129.64 C 120.53 136.39 135.45 129.48 145.44 135.06 C 141.03 137.17 136.04 139.46 133.86 144.10 C 136.31 143.65 138.61 142.64 140.97 141.87 C 133.27 146.52 128.52 154.20 122.99 161.04 C 125.61 162.13 128.90 160.77 131.23 162.73 C 133.24 165.73 127.58 171.59 132.09 172.99 C 135.49 174.18 135.58 170.12 137.49 168.50 C 143.45 164.99 142.52 156.60 149.66 153.97 C 146.41 149.59 154.56 147.77 154.06 142.88 C 156.67 137.88 149.38 137.34 145.89 137.79 C 146.76 137.04 147.67 136.33 148.58 135.63 C 154.21 134.58 160.33 135.46 162.05 141.75 C 160.17 143.12 156.45 143.45 156.14 146.07 C 158.87 153.86 145.37 154.87 147.18 163.23 C 146.47 166.45 143.91 168.77 142.73 171.80 C 134.64 177.20 129.14 193.13 116.96 186.06 C 111.21 183.86 107.13 166.73 117.05 170.96 C 117.32 168.78 116.25 166.91 115.26 165.08 C 119.42 164.13 121.34 160.16 121.81 156.25 C 119.82 152.53 115.51 155.25 112.31 153.99 C 107.15 152.74 101.46 153.26 97.04 150.00 C 90.56 149.93 85.64 141.17 91.21 136.37 C 94.77 137.37 97.99 134.03 101.40 135.52 C 104.72 136.30 105.34 140.34 108.27 141.75 C 111.35 144.24 115.45 143.14 119.06 143.83 C 116.67 138.06 105.90 139.50 106.65 131.90 Z" />
<path fill="#b47965" d=" M 76.24 131.10 C 80.03 132.66 86.70 131.56 87.43 136.75 C 89.65 135.91 90.25 131.73 94.10 132.51 C 98.41 130.65 102.59 133.49 106.65 131.90 C 105.90 139.50 116.67 138.06 119.06 143.83 C 115.45 143.14 111.35 144.24 108.27 141.75 C 105.34 140.34 104.72 136.30 101.40 135.52 C 97.99 134.03 94.77 137.37 91.21 136.37 C 85.64 141.17 90.56 149.93 97.04 150.00 C 101.46 153.26 107.15 152.74 112.31 153.99 C 115.51 155.25 119.82 152.53 121.81 156.25 C 121.34 160.16 119.42 164.13 115.26 165.08 C 116.25 166.91 117.32 168.78 117.05 170.96 C 107.13 166.73 111.21 183.86 116.96 186.06 C 129.14 193.13 134.64 177.20 142.73 171.80 C 142.09 173.94 141.97 175.79 144.77 174.95 C 144.66 179.81 138.66 182.18 140.92 187.28 C 140.45 188.92 139.31 190.19 138.06 191.30 C 136.08 190.11 132.72 185.44 134.58 193.56 C 127.00 194.92 138.56 206.62 130.92 208.99 C 124.93 208.24 125.20 197.26 117.45 199.42 C 112.07 199.12 115.62 190.74 111.75 188.47 C 105.36 188.76 102.10 181.98 97.60 178.50 C 97.79 175.84 97.43 173.25 96.17 170.88 C 99.04 172.44 103.87 174.42 105.93 170.98 C 107.66 166.05 111.51 162.20 113.02 157.17 C 106.04 152.09 95.01 162.80 89.52 153.74 C 83.31 155.15 81.67 148.37 81.37 143.65 C 76.12 141.67 73.59 135.86 76.24 131.10 Z" />
<path fill="#a15a4d" d=" M 16.32 161.26 C 9.12 153.95 7.39 140.97 13.69 132.72 C 14.21 132.96 15.25 133.45 15.77 133.69 C 14.70 136.81 11.53 141.04 14.19 143.97 C 18.61 142.98 21.11 137.56 25.55 136.56 C 28.33 139.38 32.99 139.58 34.98 143.16 C 31.34 141.90 26.14 139.67 23.13 143.20 C 22.85 146.81 25.81 148.85 28.89 149.80 C 30.33 150.96 28.12 152.89 27.82 154.26 C 26.58 153.39 25.36 152.49 23.99 151.82 C 23.67 157.32 26.83 162.12 29.12 166.88 C 31.52 170.58 42.07 170.20 38.79 175.93 C 33.63 175.63 28.78 165.59 24.80 171.19 C 21.72 168.10 19.05 164.66 16.32 161.26 Z" />
<path fill="#893c2a" d=" M 15.77 133.69 C 18.35 132.78 21.09 133.16 23.78 133.21 C 29.86 135.06 37.84 138.22 38.92 145.21 C 37.58 144.57 36.25 143.91 34.98 143.16 C 32.99 139.58 28.33 139.38 25.55 136.56 C 21.11 137.56 18.61 142.98 14.19 143.97 C 11.53 141.04 14.70 136.81 15.77 133.69 Z" />
<path fill="#cb9a94" d=" M 140.97 141.87 C 142.66 140.58 144.24 139.15 145.89 137.79 C 149.38 137.34 156.67 137.88 154.06 142.88 C 154.56 147.77 146.41 149.59 149.66 153.97 C 142.52 156.60 143.45 164.99 137.49 168.50 C 135.58 170.12 135.49 174.18 132.09 172.99 C 127.58 171.59 133.24 165.73 131.23 162.73 C 128.90 160.77 125.61 162.13 122.99 161.04 C 128.52 154.20 133.27 146.52 140.97 141.87 Z" />
<path fill="#b17767" d=" M 23.13 143.20 C 26.14 139.67 31.34 141.90 34.98 143.16 C 36.25 143.91 37.58 144.57 38.92 145.21 C 38.93 149.45 30.93 145.55 28.89 149.80 C 25.81 148.85 22.85 146.81 23.13 143.20 Z" />
<path fill="#72291d" d=" M 41.26 146.05 C 45.90 147.47 49.32 155.44 42.44 154.96 C 43.39 152.82 41.31 152.16 40.17 153.80 C 39.41 155.01 38.70 156.24 37.96 157.45 C 33.46 155.51 38.59 148.61 41.26 146.05 Z" />
<path fill="#f0d5c3" d=" M 188.51 152.20 C 188.01 148.78 192.47 148.78 194.63 150.39 C 200.76 152.35 208.16 155.87 209.15 162.95 C 211.01 170.18 214.16 177.18 220.64 181.38 C 224.91 189.29 218.88 198.16 218.87 206.44 C 218.92 206.79 219.01 207.50 219.05 207.85 C 218.03 210.66 216.80 213.39 215.52 216.09 C 214.27 218.59 213.05 221.12 212.13 223.77 L 211.84 224.67 C 209.79 230.30 206.52 235.36 203.14 240.27 C 202.84 239.99 202.25 239.43 201.96 239.15 C 203.08 237.62 205.73 233.85 202.05 233.94 C 197.67 233.88 197.41 227.64 191.99 229.92 C 187.58 228.68 181.65 225.49 184.06 219.98 C 185.55 220.31 188.52 220.95 190.01 221.28 C 192.43 221.68 197.61 223.02 197.14 219.09 C 199.91 216.43 205.72 220.58 208.29 216.81 C 212.50 213.91 213.91 207.84 213.95 203.10 C 213.09 198.89 208.82 196.51 207.73 192.42 C 212.07 192.11 208.79 186.73 209.04 183.95 C 211.34 185.80 213.52 188.31 217.07 187.10 C 214.98 184.47 212.56 182.13 210.62 179.40 C 211.51 171.61 205.68 166.10 201.98 160.03 C 199.04 155.47 194.40 151.10 188.51 152.20 Z" />
<path fill="#b47c71" d=" M 23.99 151.82 C 25.36 152.49 26.58 153.39 27.82 154.26 C 28.71 161.11 32.94 169.09 40.74 168.88 C 43.14 166.84 37.56 164.64 37.89 161.85 C 41.18 163.53 43.65 166.42 46.89 168.12 C 49.45 169.59 55.33 167.28 53.90 171.66 C 50.62 171.86 45.82 172.57 46.01 176.83 C 48.92 180.25 51.41 173.94 54.00 172.87 C 57.78 174.34 56.27 179.67 56.11 182.88 C 52.44 184.84 49.29 188.22 44.86 188.26 C 37.71 187.15 37.03 176.76 29.63 177.79 C 27.95 175.65 26.56 173.28 24.80 171.19 C 28.78 165.59 33.63 175.63 38.79 175.93 C 42.07 170.20 31.52 170.58 29.12 166.88 C 26.83 162.12 23.67 157.32 23.99 151.82 Z" />
<path fill="#e8bead" d=" M 188.51 152.20 C 194.40 151.10 199.04 155.47 201.98 160.03 C 205.68 166.10 211.51 171.61 210.62 179.40 C 212.56 182.13 214.98 184.47 217.07 187.10 C 213.52 188.31 211.34 185.80 209.04 183.95 C 207.54 181.82 206.07 179.66 204.76 177.40 C 207.23 173.46 203.46 169.05 202.84 165.09 C 197.41 162.86 196.23 156.62 191.65 153.41 C 190.30 152.69 189.74 153.18 189.95 154.88 C 189.34 154.06 188.86 153.17 188.51 152.20 Z" />
<path fill="#d4a292" d=" M 189.95 154.88 C 189.74 153.18 190.30 152.69 191.65 153.41 C 196.23 156.62 197.41 162.86 202.84 165.09 C 203.46 169.05 207.23 173.46 204.76 177.40 C 201.74 174.10 199.61 169.30 194.93 168.18 C 191.65 167.89 192.73 163.12 195.83 163.55 C 197.31 159.32 192.11 157.54 189.95 154.88 Z" />
<path fill="#8b6156" d=" M 226.34 153.03 C 231.66 160.20 240.79 164.14 244.81 172.34 C 242.17 170.93 240.07 168.33 236.93 168.07 C 234.84 162.88 229.79 159.60 225.12 156.87 L 224.96 156.18 C 225.41 155.13 225.87 154.08 226.34 153.03 Z" />
<path fill="#a4614f" d=" M 147.18 163.23 C 149.61 158.36 153.27 153.89 159.15 154.04 C 156.69 157.10 153.77 161.02 155.70 165.12 C 158.99 165.32 162.15 166.46 165.21 167.83 C 163.41 167.85 161.61 167.90 159.82 168.01 C 156.32 170.33 149.41 164.69 150.96 170.65 C 148.08 170.60 145.43 171.96 144.77 174.95 C 141.97 175.79 142.09 173.94 142.73 171.80 C 143.91 168.77 146.47 166.45 147.18 163.23 Z" />
<path fill="#ae7563" d=" M 69.29 155.27 C 70.99 154.36 72.45 156.71 72.83 158.09 C 73.24 163.99 80.53 167.26 79.67 173.35 C 81.43 180.39 91.92 180.45 94.20 187.91 C 96.06 186.36 101.47 182.23 101.92 187.71 C 94.37 187.72 99.63 192.59 101.03 196.79 C 106.39 194.40 100.66 198.85 102.85 201.79 C 97.84 205.16 87.82 203.49 89.35 196.65 C 84.85 197.35 82.12 192.74 77.03 194.06 C 71.47 197.01 68.11 188.12 68.26 184.13 C 70.55 179.42 64.89 174.71 60.89 175.01 C 57.10 169.89 69.52 171.13 65.67 168.44 C 57.87 166.91 65.26 157.35 69.29 155.27 Z" />
<path fill="#5c3d33" d=" M 225.12 156.87 C 229.79 159.60 234.84 162.88 236.93 168.07 C 231.95 166.98 228.88 160.38 225.00 159.88 C 225.03 159.13 225.09 157.62 225.12 156.87 Z" />
<path fill="#ececf1" d=" M 0.00 159.96 C 5.54 158.43 10.86 163.08 16.32 161.26 C 19.05 164.66 21.72 168.10 24.80 171.19 C 26.56 173.28 27.95 175.65 29.63 177.79 C 33.31 180.95 37.50 185.39 36.13 190.60 C 32.83 194.21 31.63 199.20 30.73 203.88 C 29.66 204.97 29.63 206.53 30.02 207.92 C 28.48 210.03 27.59 212.50 26.71 214.93 C 25.43 217.42 24.94 220.19 24.08 222.85 C 19.12 224.02 16.03 228.41 12.82 232.04 C 11.41 233.75 10.03 235.48 8.61 237.18 C 7.95 237.68 7.29 238.18 6.64 238.70 C 4.34 240.43 2.16 242.32 0.00 244.24 L 0.00 159.96 Z" />
<path fill="#292116" d=" M 225.00 159.88 C 228.88 160.38 231.95 166.98 236.93 168.07 C 238.01 169.66 239.17 171.20 240.37 172.71 C 235.56 175.16 228.90 175.78 226.18 180.98 C 225.87 179.56 225.58 178.14 225.26 176.73 C 225.03 171.11 224.88 165.49 225.00 159.88 Z" />
<path fill="#8c4a35" d=" M 150.96 170.65 C 149.41 164.69 156.32 170.33 159.82 168.01 C 159.13 173.83 167.00 168.87 169.38 172.58 C 171.00 175.88 180.50 176.27 174.79 172.98 C 178.27 172.37 181.94 171.21 185.30 172.84 C 183.26 173.33 181.21 173.77 179.20 174.37 C 170.89 180.30 160.28 175.85 151.83 172.03 C 151.62 171.68 151.18 171.00 150.96 170.65 Z" />
<path fill="#a8624e" d=" M 166.84 168.05 C 174.39 164.88 180.53 170.37 187.32 172.00 C 186.81 172.21 185.80 172.63 185.30 172.84 C 181.94 171.21 178.27 172.37 174.79 172.98 C 172.13 171.34 169.61 169.49 166.84 168.05 Z" />
<path fill="#56190f" d=" M 159.82 168.01 C 161.61 167.90 163.41 167.85 165.21 167.83 C 165.61 167.89 166.43 167.99 166.84 168.05 C 169.61 169.49 172.13 171.34 174.79 172.98 C 180.50 176.27 171.00 175.88 169.38 172.58 C 167.00 168.87 159.13 173.83 159.82 168.01 Z" />
<path fill="#5a493c" d=" M 236.93 168.07 C 240.07 168.33 242.17 170.93 244.81 172.34 C 245.85 173.08 246.92 173.78 248.00 174.48 L 248.00 178.44 C 245.35 176.66 242.88 174.66 240.37 172.71 C 239.17 171.20 238.01 169.66 236.93 168.07 Z" />
<path fill="#b88981" d=" M 144.77 174.95 C 145.43 171.96 148.08 170.60 150.96 170.65 C 151.18 171.00 151.62 171.68 151.83 172.03 C 151.83 175.47 155.56 176.31 157.77 178.15 C 155.50 180.58 154.86 186.30 150.69 185.54 C 147.36 185.48 143.75 185.31 140.92 187.28 C 138.66 182.18 144.66 179.81 144.77 174.95 Z" />
<path fill="#a5796e" d=" M 151.83 172.03 C 160.28 175.85 170.89 180.30 179.20 174.37 C 179.14 175.61 179.11 176.85 179.09 178.09 C 174.25 177.51 171.13 181.79 172.13 186.06 C 172.82 187.58 174.88 187.89 176.18 188.83 C 167.57 186.89 159.96 193.26 152.84 197.30 C 153.66 194.45 152.34 188.74 148.86 191.72 C 147.95 197.53 141.29 192.76 138.06 191.30 C 139.31 190.19 140.45 188.92 140.92 187.28 C 143.75 185.31 147.36 185.48 150.69 185.54 C 154.86 186.30 155.50 180.58 157.77 178.15 C 155.56 176.31 151.83 175.47 151.83 172.03 Z" />
<path fill="#d9b2a7" d=" M 179.20 174.37 C 181.21 173.77 183.26 173.33 185.30 172.84 C 184.75 175.13 183.03 177.43 184.13 179.80 C 182.45 179.22 180.76 178.68 179.09 178.09 C 179.11 176.85 179.14 175.61 179.20 174.37 Z" />
<path fill="#1a3421" d=" M 226.18 180.98 C 228.90 175.78 235.56 175.16 240.37 172.71 C 242.88 174.66 245.35 176.66 248.00 178.44 L 248.00 199.99 C 245.72 199.14 243.31 199.09 241.01 199.89 C 246.49 192.11 234.20 187.86 228.98 185.01 C 226.76 183.07 226.39 186.73 225.20 188.02 C 225.10 187.25 224.91 185.72 224.82 184.95 C 224.98 182.21 225.13 179.47 225.26 176.73 C 225.58 178.14 225.87 179.56 226.18 180.98 Z" />
<path fill="#8f6456" d=" M 29.63 177.79 C 37.03 176.76 37.71 187.15 44.86 188.26 C 46.13 195.18 54.38 195.82 59.85 198.05 C 59.99 196.69 60.09 195.33 60.16 193.97 C 64.82 189.57 65.51 197.63 68.87 199.83 C 69.97 201.17 72.36 203.71 69.76 204.84 C 66.85 204.69 62.03 203.22 62.02 207.77 C 65.82 209.03 67.11 211.20 66.54 214.96 C 66.14 216.80 73.61 222.43 68.98 222.16 C 62.33 215.92 55.40 209.99 48.90 203.59 C 44.25 199.65 41.38 193.79 36.13 190.60 C 37.50 185.39 33.31 180.95 29.63 177.79 Z" />
<path fill="#bb8b81" d=" M 179.09 178.09 C 180.76 178.68 182.45 179.22 184.13 179.80 C 184.94 181.18 185.69 182.60 186.39 184.04 C 185.20 188.93 178.14 189.00 176.31 184.55 C 174.69 181.97 172.33 183.48 172.13 186.06 C 171.13 181.79 174.25 177.51 179.09 178.09 Z" />
<path fill="#814a35" d=" M 56.11 182.88 C 57.26 182.28 58.48 181.74 58.28 183.62 C 55.11 186.00 52.64 190.21 47.89 189.25 C 50.65 192.80 55.10 193.20 59.10 191.75 C 59.36 192.30 59.89 193.42 60.16 193.97 C 60.09 195.33 59.99 196.69 59.85 198.05 C 54.38 195.82 46.13 195.18 44.86 188.26 C 49.29 188.22 52.44 184.84 56.11 182.88 Z" />
<path fill="#e1ada7" d=" M 172.13 186.06 C 172.33 183.48 174.69 181.97 176.31 184.55 C 178.14 189.00 185.20 188.93 186.39 184.04 C 187.83 185.12 189.41 186.02 191.03 186.81 C 186.89 187.40 183.16 189.57 179.02 190.19 C 178.08 189.72 177.13 189.27 176.18 188.83 C 174.88 187.89 172.82 187.58 172.13 186.06 Z" />
<path fill="#541b10" d=" M 47.89 189.25 C 52.64 190.21 55.11 186.00 58.28 183.62 C 58.66 186.34 57.76 189.18 59.10 191.75 C 55.10 193.20 50.65 192.80 47.89 189.25 Z" />
<path fill="#304c39" d=" M 225.20 188.02 C 226.39 186.73 226.76 183.07 228.98 185.01 C 234.20 187.86 246.49 192.11 241.01 199.89 C 236.57 203.47 232.05 207.22 229.08 212.16 C 228.85 215.30 233.36 215.96 235.00 218.10 C 232.61 217.36 230.19 216.77 227.79 216.09 C 227.26 212.48 228.31 208.89 229.41 205.49 C 233.62 204.39 238.62 200.61 238.93 196.22 C 234.64 193.00 227.92 191.39 224.00 195.93 C 223.94 195.41 223.80 194.37 223.73 193.85 C 223.88 192.27 224.02 190.69 224.16 189.11 C 224.42 188.84 224.94 188.29 225.20 188.02 Z" />
<path fill="#899280" d=" M 224.16 189.11 C 223.57 187.71 223.64 186.02 224.82 184.95 C 224.91 185.72 225.10 187.25 225.20 188.02 C 224.94 188.29 224.42 188.84 224.16 189.11 Z" />
<path fill="#985645" d=" M 179.02 190.19 C 183.16 189.57 186.89 187.40 191.03 186.81 C 194.60 188.14 198.18 189.79 200.21 193.21 C 201.40 195.00 207.98 197.51 202.85 198.22 C 197.57 197.53 192.26 196.98 186.94 196.80 C 196.82 194.04 182.18 195.69 178.91 195.94 C 175.42 195.47 183.23 191.01 179.02 190.19 Z" />
<path fill="#6f2c20" d=" M 152.84 197.30 C 159.96 193.26 167.57 186.89 176.18 188.83 C 177.13 189.27 178.08 189.72 179.02 190.19 C 183.23 191.01 175.42 195.47 178.91 195.94 C 182.18 195.69 196.82 194.04 186.94 196.80 C 177.47 197.64 168.02 199.02 158.68 200.80 C 157.48 201.03 156.16 201.25 155.85 202.65 C 152.29 203.62 148.57 203.56 144.95 202.90 C 144.27 198.36 149.43 197.13 152.84 197.30 Z" />
<path fill="#c59986" d=" M 200.21 193.21 C 203.12 191.47 204.48 186.52 206.86 192.17 C 207.56 195.70 209.42 200.43 203.81 199.38 C 203.57 199.09 203.09 198.51 202.85 198.22 C 207.98 197.51 201.40 195.00 200.21 193.21 Z" />
<path fill="#6c645a" d=" M 30.73 203.88 C 31.63 199.20 32.83 194.21 36.13 190.60 C 35.89 195.25 35.46 199.98 33.06 204.09 C 32.48 204.04 31.31 203.93 30.73 203.88 Z" />
<path fill="#211f1a" d=" M 36.13 190.60 C 41.38 193.79 44.25 199.65 48.90 203.59 C 47.25 207.65 47.75 213.82 41.87 213.78 C 39.73 210.83 36.37 210.83 33.17 211.77 C 30.01 209.67 34.34 206.80 33.06 204.09 C 35.46 199.98 35.89 195.25 36.13 190.60 Z" />
<path fill="#e5c0a7" d=" M 206.86 192.17 L 207.73 192.42 C 208.82 196.51 213.09 198.89 213.95 203.10 C 213.91 207.84 212.50 213.91 208.29 216.81 C 206.16 213.25 202.24 211.58 199.45 208.75 C 200.35 205.59 197.00 205.10 194.81 204.12 C 194.58 203.93 194.11 203.54 193.88 203.35 C 195.01 199.39 197.02 203.56 199.37 203.31 C 203.24 202.39 203.57 208.66 207.88 207.13 C 207.52 204.08 205.74 201.64 203.81 199.38 C 209.42 200.43 207.56 195.70 206.86 192.17 Z" />
<path fill="#495d45" d=" M 224.00 195.93 C 227.92 191.39 234.64 193.00 238.93 196.22 C 238.62 200.61 233.62 204.39 229.41 205.49 C 228.31 208.89 227.26 212.48 227.79 216.09 C 224.38 216.34 219.06 212.02 217.09 216.03 C 216.70 216.05 215.91 216.08 215.52 216.09 C 216.80 213.39 218.03 210.66 219.05 207.85 C 219.74 211.06 224.16 213.19 226.82 211.01 C 225.33 207.87 224.23 204.09 220.64 202.77 C 221.67 199.80 222.82 196.86 223.73 193.85 C 223.80 194.37 223.94 195.41 224.00 195.93 Z" />
<path fill="#955e44" d=" M 68.87 199.83 C 68.96 195.14 75.13 197.50 74.81 201.09 C 78.58 206.07 80.74 213.01 88.10 214.10 C 89.39 207.81 77.68 204.43 81.16 199.00 C 85.39 200.51 88.07 205.63 92.73 206.37 C 102.98 204.56 101.02 220.90 110.02 223.06 C 112.92 223.78 122.99 233.02 120.67 225.35 C 117.04 222.56 115.75 215.67 110.24 217.79 C 106.27 213.34 119.60 207.49 120.41 214.74 C 128.26 208.93 134.27 223.39 141.88 215.86 C 147.49 210.59 152.91 220.28 159.06 215.89 C 159.13 212.05 152.89 214.74 151.68 211.35 C 147.23 209.17 152.02 203.39 155.00 207.04 C 158.49 209.61 158.39 204.03 155.85 202.65 C 156.16 201.25 157.48 201.03 158.68 200.80 C 159.74 206.34 168.94 205.56 173.63 205.23 C 177.58 212.74 187.11 205.89 192.94 210.14 C 192.73 215.38 189.18 221.43 182.72 218.90 L 182.69 217.82 C 185.33 215.98 188.51 214.47 189.02 210.91 C 183.08 212.94 177.56 209.09 172.14 212.00 C 168.91 208.29 164.17 209.59 159.84 210.16 C 164.01 214.81 170.41 216.23 175.80 219.00 C 168.06 221.99 156.84 217.55 153.75 227.73 C 151.02 225.12 145.09 222.90 143.64 227.66 C 142.71 231.19 136.81 228.78 136.89 232.85 C 142.08 231.80 146.53 233.14 150.38 236.70 C 152.09 236.04 164.85 239.25 159.16 235.47 C 161.81 233.15 166.31 234.85 169.57 233.06 C 168.23 237.04 171.28 237.01 173.92 235.26 C 176.72 237.49 183.84 243.27 183.41 236.22 C 191.79 231.47 191.08 239.82 194.81 244.26 C 195.32 245.38 195.12 246.27 194.19 246.91 C 190.75 246.98 188.96 245.15 187.92 242.32 C 182.06 246.69 177.34 240.76 171.48 240.62 C 171.46 238.72 169.24 236.72 168.53 239.42 C 167.06 246.30 154.23 235.96 156.68 243.18 C 147.08 240.72 139.00 233.75 129.13 231.71 C 125.39 230.08 123.07 235.47 119.26 234.81 C 116.46 231.60 114.11 227.85 109.40 227.48 C 105.53 223.82 101.41 219.87 97.82 216.18 C 91.30 218.17 105.97 228.63 94.19 224.80 C 88.88 224.54 85.92 219.86 82.05 216.93 C 81.68 228.14 72.76 209.63 66.54 214.96 C 67.11 211.20 65.82 209.03 62.02 207.77 C 62.03 203.22 66.85 204.69 69.76 204.84 C 72.36 203.71 69.97 201.17 68.87 199.83 Z" />
<path fill="#b97a74" d=" M 158.68 200.80 C 168.02 199.02 177.47 197.64 186.94 196.80 C 186.62 197.07 185.99 197.63 185.67 197.91 C 180.07 198.44 174.55 199.63 168.95 200.21 C 172.13 208.12 184.68 202.92 191.03 203.43 C 191.98 203.43 192.93 203.40 193.88 203.35 C 194.11 203.54 194.58 203.93 194.81 204.12 C 195.06 208.11 201.14 214.47 195.14 216.22 C 192.93 217.55 193.43 221.63 190.01 221.28 C 188.52 220.95 185.55 220.31 184.06 219.98 C 183.73 219.71 183.05 219.17 182.72 218.90 C 189.18 221.43 192.73 215.38 192.94 210.14 C 187.11 205.89 177.58 212.74 173.63 205.23 C 168.94 205.56 159.74 206.34 158.68 200.80 Z" />
<path fill="#f0d5d2" d=" M 186.94 196.80 C 192.26 196.98 197.57 197.53 202.85 198.22 C 203.09 198.51 203.57 199.09 203.81 199.38 C 205.74 201.64 207.52 204.08 207.88 207.13 C 203.57 208.66 203.24 202.39 199.37 203.31 C 197.02 203.56 195.01 199.39 193.88 203.35 C 192.93 203.40 191.98 203.43 191.03 203.43 C 190.39 203.02 189.91 200.42 189.05 201.79 C 187.05 204.57 185.46 199.71 185.67 197.91 C 185.99 197.63 186.62 197.07 186.94 196.80 Z" />
<path fill="#d9a1ac" d=" M 168.95 200.21 C 174.55 199.63 180.07 198.44 185.67 197.91 C 185.46 199.71 187.05 204.57 189.05 201.79 C 189.91 200.42 190.39 203.02 191.03 203.43 C 184.68 202.92 172.13 208.12 168.95 200.21 Z" />
<path fill="#141a1f" d=" M 241.01 199.89 C 243.31 199.09 245.72 199.14 248.00 199.99 L 248.00 208.54 C 245.40 211.77 239.30 211.18 239.07 216.01 C 239.30 218.54 236.65 217.86 235.00 218.10 C 233.36 215.96 228.85 215.30 229.08 212.16 C 232.05 207.22 236.57 203.47 241.01 199.89 Z" />
<path fill="#7e785e" d=" M 218.87 206.44 C 219.47 205.22 220.06 204.00 220.64 202.77 C 224.23 204.09 225.33 207.87 226.82 211.01 C 224.16 213.19 219.74 211.06 219.05 207.85 C 219.01 207.50 218.92 206.79 218.87 206.44 Z" />
<path fill="#81807b" d=" M 30.02 207.92 C 29.63 206.53 29.66 204.97 30.73 203.88 C 31.52 205.17 31.58 207.16 30.02 207.92 Z" />
<path fill="#38443f" d=" M 30.73 203.88 C 31.31 203.93 32.48 204.04 33.06 204.09 C 34.34 206.80 30.01 209.67 33.17 211.77 C 36.37 210.83 39.73 210.83 41.87 213.78 C 42.74 214.83 44.93 215.96 42.92 217.12 C 36.61 219.08 33.03 228.55 40.08 231.86 C 39.56 231.94 38.50 232.10 37.98 232.18 C 32.96 229.78 28.64 226.30 23.92 223.53 L 24.08 222.85 C 24.94 220.19 25.43 217.42 26.71 214.93 C 29.59 213.83 29.49 210.46 30.02 207.92 C 31.58 207.16 31.52 205.17 30.73 203.88 Z" />
<path fill="#0e0c0e" d=" M 41.87 213.78 C 47.75 213.82 47.25 207.65 48.90 203.59 C 55.40 209.99 62.33 215.92 68.98 222.16 C 70.24 223.19 71.57 224.14 72.83 225.18 C 73.77 226.17 74.71 227.18 75.76 228.08 C 76.98 230.39 81.64 231.19 81.36 234.22 C 79.11 232.39 76.30 232.93 75.12 235.59 C 77.97 236.33 83.12 241.69 77.19 240.29 C 72.88 245.86 82.14 255.11 88.31 251.30 C 91.13 249.56 94.54 248.73 96.97 246.41 C 93.43 243.82 89.58 241.59 86.53 238.39 C 92.30 238.95 95.82 246.22 101.81 244.27 C 102.84 246.11 102.83 248.90 106.56 247.65 C 114.26 249.14 119.97 254.99 127.17 257.78 C 132.45 259.55 136.98 262.65 140.67 266.76 C 141.01 267.10 141.68 267.79 142.02 268.13 C 141.88 269.86 141.37 271.52 140.55 273.05 C 139.44 269.33 137.55 265.54 133.21 268.06 C 138.11 275.11 129.71 267.22 126.90 272.13 C 126.91 268.32 124.74 265.96 120.87 265.99 C 121.16 269.09 124.44 270.82 126.90 272.13 C 129.79 273.38 130.93 274.38 126.85 274.25 C 125.11 273.24 123.54 271.99 121.95 270.76 C 118.14 268.92 121.23 261.80 117.09 261.99 C 116.94 271.56 115.85 281.06 115.84 290.55 C 111.67 295.80 116.19 294.75 118.45 295.06 C 129.43 297.68 113.88 297.65 110.18 297.71 C 106.62 296.67 105.92 292.65 104.86 289.59 C 102.85 289.57 100.84 289.53 98.84 289.24 C 95.62 286.40 93.24 282.02 88.86 280.89 C 90.71 285.29 93.96 289.05 98.02 291.61 C 95.26 294.56 98.96 295.71 101.05 297.07 C 101.60 299.94 103.42 305.49 98.90 305.50 C 98.13 305.85 97.47 306.37 96.90 307.05 C 95.92 305.85 94.90 304.66 93.84 303.53 C 91.41 300.85 89.03 298.11 86.30 295.73 C 86.15 294.42 85.32 293.37 84.21 292.72 C 81.74 290.48 79.19 288.28 76.14 286.87 C 77.94 290.95 75.02 295.61 70.68 292.44 C 72.70 284.09 65.31 280.80 59.25 277.75 C 57.65 276.20 56.12 274.59 54.57 272.99 C 59.90 270.04 65.56 268.21 70.41 264.55 C 77.98 267.42 75.53 255.04 69.42 259.47 C 65.33 259.59 62.72 254.71 58.24 256.09 C 55.64 259.31 53.72 263.03 51.01 266.17 C 50.48 265.94 49.42 265.47 48.88 265.24 C 54.76 262.38 49.31 252.63 43.87 255.78 C 41.34 256.56 38.65 257.12 36.51 258.79 L 35.79 259.25 C 34.49 255.30 38.51 249.12 33.48 247.36 C 31.52 246.11 31.88 243.73 33.94 242.83 C 39.23 244.22 44.81 243.79 50.19 244.81 C 46.38 238.92 39.01 234.98 32.41 232.59 C 29.98 230.50 26.98 229.32 24.09 228.00 C 23.93 226.52 23.39 224.99 23.92 223.53 C 28.64 226.30 32.96 229.78 37.98 232.18 C 44.07 236.11 46.61 224.87 46.65 220.69 C 47.75 217.79 42.51 220.11 42.92 217.12 C 44.93 215.96 42.74 214.83 41.87 213.78 Z" />
<path fill="#d5a68c" d=" M 194.81 204.12 C 197.00 205.10 200.35 205.59 199.45 208.75 C 202.24 211.58 206.16 213.25 208.29 216.81 C 205.72 220.58 199.91 216.43 197.14 219.09 C 197.61 223.02 192.43 221.68 190.01 221.28 C 193.43 221.63 192.93 217.55 195.14 216.22 C 201.14 214.47 195.06 208.11 194.81 204.12 Z" />
<path fill="#7c7676" d=" M 26.71 214.93 C 27.59 212.50 28.48 210.03 30.02 207.92 C 29.49 210.46 29.59 213.83 26.71 214.93 Z" />
<path fill="#723a1d" d=" M 159.84 210.16 C 164.17 209.59 168.91 208.29 172.14 212.00 C 177.56 209.09 183.08 212.94 189.02 210.91 C 188.51 214.47 185.33 215.98 182.69 217.82 C 180.37 218.09 178.07 218.48 175.80 219.00 C 170.41 216.23 164.01 214.81 159.84 210.16 Z" />
<path fill="#384b3f" d=" M 239.07 216.01 C 239.30 211.18 245.40 211.77 248.00 208.54 L 248.00 219.27 C 245.23 220.15 242.52 218.72 239.83 218.22 C 239.45 221.82 242.70 223.98 244.28 226.82 C 240.81 224.33 237.61 221.48 235.00 218.10 C 236.65 217.86 239.30 218.54 239.07 216.01 Z" />
<path fill="#804c2f" d=" M 66.54 214.96 C 72.76 209.63 81.68 228.14 82.05 216.93 C 85.92 219.86 88.88 224.54 94.19 224.80 C 105.97 228.63 91.30 218.17 97.82 216.18 C 101.41 219.87 105.53 223.82 109.40 227.48 C 114.11 227.85 116.46 231.60 119.26 234.81 C 123.07 235.47 125.39 230.08 129.13 231.71 C 139.00 233.75 147.08 240.72 156.68 243.18 C 154.23 235.96 167.06 246.30 168.53 239.42 C 169.24 236.72 171.46 238.72 171.48 240.62 C 177.34 240.76 182.06 246.69 187.92 242.32 C 188.96 245.15 190.75 246.98 194.19 246.91 C 190.95 248.99 187.46 250.83 184.81 253.69 C 184.36 254.01 183.46 254.64 183.02 254.96 L 182.10 254.89 C 183.94 245.71 170.01 245.18 164.96 249.91 C 160.07 246.84 155.99 244.41 149.91 245.18 L 149.24 244.91 C 142.46 241.58 133.39 231.63 126.10 239.12 C 127.12 240.44 128.33 241.60 129.29 242.96 C 122.48 240.28 117.68 233.71 109.95 232.88 C 110.57 234.63 111.43 236.30 112.05 238.06 C 106.15 238.52 102.22 233.06 96.86 231.52 C 93.82 228.66 90.76 225.66 86.91 223.94 C 87.54 225.97 88.40 227.91 89.10 229.91 C 83.55 226.33 77.47 223.67 71.91 220.08 C 72.15 221.79 72.50 223.48 72.83 225.18 C 71.57 224.14 70.24 223.19 68.98 222.16 C 73.61 222.43 66.14 216.80 66.54 214.96 Z" />
<path fill="#8e8565" d=" M 217.09 216.03 C 219.06 212.02 224.38 216.34 227.79 216.09 C 230.19 216.77 232.61 217.36 235.00 218.10 C 237.61 221.48 240.81 224.33 244.28 226.82 C 245.52 228.35 246.74 229.90 248.00 231.43 L 248.00 246.26 C 245.57 245.07 243.19 243.35 240.22 244.06 C 239.29 247.42 239.52 250.90 239.74 254.33 C 237.22 252.75 236.15 245.82 233.17 251.08 C 231.97 247.20 233.54 239.29 227.91 239.98 C 225.48 240.62 222.96 241.44 220.92 242.92 C 215.51 246.82 213.34 255.96 217.96 261.08 C 220.61 263.40 223.05 260.58 225.01 258.87 C 225.45 261.86 222.80 263.28 221.02 265.11 C 217.13 270.50 217.89 277.44 217.08 283.73 C 216.00 283.57 214.92 283.42 213.84 283.29 C 212.01 282.47 210.09 281.70 208.71 280.18 C 209.01 266.78 210.72 250.47 221.08 241.00 C 224.76 238.61 228.76 237.43 233.05 238.97 C 233.55 229.05 222.55 227.72 215.10 226.90 C 214.01 226.15 212.92 225.42 211.84 224.67 L 212.13 223.77 C 216.73 225.93 221.78 227.00 227.14 226.84 C 233.30 230.53 238.11 237.70 245.83 237.98 C 248.39 229.40 237.72 224.45 232.33 219.67 C 227.66 217.82 222.20 217.13 217.09 216.03 Z" />
<path fill="#aca486" d=" M 212.13 223.77 C 213.05 221.12 214.27 218.59 215.52 216.09 C 215.91 216.08 216.70 216.05 217.09 216.03 C 222.20 217.13 227.66 217.82 232.33 219.67 C 229.19 220.49 225.81 220.57 222.89 222.06 C 223.84 224.02 225.49 225.48 227.14 226.84 C 221.78 227.00 216.73 225.93 212.13 223.77 Z" />
<path fill="#24241d" d=" M 40.08 231.86 C 33.03 228.55 36.61 219.08 42.92 217.12 C 42.51 220.11 47.75 217.79 46.65 220.69 C 46.61 224.87 44.07 236.11 37.98 232.18 C 38.50 232.10 39.56 231.94 40.08 231.86 Z" />
<path fill="#a67863" d=" M 175.80 219.00 C 178.07 218.48 180.37 218.09 182.69 217.82 L 182.72 218.90 C 177.42 219.88 172.39 221.87 167.00 222.40 C 162.22 222.81 161.13 232.35 167.66 230.57 C 171.26 232.88 174.99 228.77 178.86 229.63 C 187.85 228.23 193.51 236.29 200.04 240.99 C 199.29 242.50 196.96 243.68 197.93 245.57 C 194.10 248.93 190.04 252.01 185.97 255.07 C 185.68 254.73 185.10 254.03 184.81 253.69 C 187.46 250.83 190.95 248.99 194.19 246.91 C 195.12 246.27 195.32 245.38 194.81 244.26 C 191.08 239.82 191.79 231.47 183.41 236.22 C 183.84 243.27 176.72 237.49 173.92 235.26 C 171.28 237.01 168.23 237.04 169.57 233.06 C 166.31 234.85 161.81 233.15 159.16 235.47 C 164.85 239.25 152.09 236.04 150.38 236.70 C 146.53 233.14 142.08 231.80 136.89 232.85 C 136.81 228.78 142.71 231.19 143.64 227.66 C 145.09 222.90 151.02 225.12 153.75 227.73 C 156.84 217.55 168.06 221.99 175.80 219.00 Z" />
<path fill="#1c1d1e" d=" M 239.83 218.22 C 242.52 218.72 245.23 220.15 248.00 219.27 L 248.00 231.43 C 246.74 229.90 245.52 228.35 244.28 226.82 C 242.70 223.98 239.45 221.82 239.83 218.22 Z" />
<path fill="#bb9287" d=" M 167.00 222.40 C 172.39 221.87 177.42 219.88 182.72 218.90 C 183.05 219.17 183.73 219.71 184.06 219.98 C 181.65 225.49 187.58 228.68 191.99 229.92 C 194.50 233.86 198.53 236.14 201.96 239.15 C 202.25 239.43 202.84 239.99 203.14 240.27 L 203.04 240.95 C 201.58 242.74 199.79 244.20 197.93 245.57 C 196.96 243.68 199.29 242.50 200.04 240.99 C 193.51 236.29 187.85 228.23 178.86 229.63 C 174.99 228.77 171.26 232.88 167.66 230.57 C 161.13 232.35 162.22 222.81 167.00 222.40 Z" />
<path fill="#66351f" d=" M 71.91 220.08 C 77.47 223.67 83.55 226.33 89.10 229.91 C 88.40 227.91 87.54 225.97 86.91 223.94 C 90.76 225.66 93.82 228.66 96.86 231.52 C 95.96 233.66 96.74 235.92 96.92 238.11 C 88.69 237.11 84.27 224.57 75.76 228.08 C 74.71 227.18 73.77 226.17 72.83 225.18 C 72.50 223.48 72.15 221.79 71.91 220.08 Z" />
<path fill="#c2b693" d=" M 222.89 222.06 C 225.81 220.57 229.19 220.49 232.33 219.67 C 237.72 224.45 248.39 229.40 245.83 237.98 C 238.11 237.70 233.30 230.53 227.14 226.84 C 225.49 225.48 223.84 224.02 222.89 222.06 Z" />
<path fill="#94867d" d=" M 12.82 232.04 C 16.03 228.41 19.12 224.02 24.08 222.85 L 23.92 223.53 C 23.39 224.99 23.93 226.52 24.09 228.00 C 23.76 233.33 16.69 231.74 12.82 232.04 Z" />
<path fill="#4f4732" d=" M 211.84 224.67 C 212.92 225.42 214.01 226.15 215.10 226.90 C 220.05 229.94 221.94 235.29 221.08 241.00 C 210.72 250.47 209.01 266.78 208.71 280.18 C 206.81 278.32 204.96 276.40 203.16 274.45 C 205.34 268.45 209.84 263.32 209.76 256.56 C 215.77 249.80 207.26 244.31 203.04 240.95 L 203.14 240.27 C 206.52 235.36 209.79 230.30 211.84 224.67 Z" />
<path fill="#4a1e0e" d=" M 75.76 228.08 C 84.27 224.57 88.69 237.11 96.92 238.11 C 96.74 235.92 95.96 233.66 96.86 231.52 C 105.88 244.54 121.79 248.55 136.11 252.93 C 139.92 251.47 126.35 247.05 132.99 246.00 C 135.98 246.58 134.23 243.83 134.05 242.21 C 139.20 242.63 144.22 247.00 149.24 244.91 L 149.91 245.18 C 152.97 250.79 162.55 249.00 164.68 254.60 C 159.30 258.41 164.49 258.12 169.11 258.14 C 168.75 263.54 161.36 260.51 158.72 258.27 C 156.59 255.80 153.84 258.68 151.58 259.55 C 148.43 261.80 143.29 258.77 141.01 262.67 C 143.02 264.01 145.23 265.29 147.75 264.77 C 149.41 266.08 157.17 266.34 153.17 268.55 C 155.79 271.12 159.07 272.87 162.02 275.04 C 158.98 276.26 156.00 272.32 152.85 273.93 C 149.52 270.91 145.36 265.88 140.67 266.76 C 136.98 262.65 132.45 259.55 127.17 257.78 C 119.97 254.99 114.26 249.14 106.56 247.65 C 102.83 248.90 102.84 246.11 101.81 244.27 C 95.82 246.22 92.30 238.95 86.53 238.39 C 84.45 237.49 82.90 235.82 81.36 234.22 C 81.64 231.19 76.98 230.39 75.76 228.08 Z" />
<path fill="#796345" d=" M 215.10 226.90 C 222.55 227.72 233.55 229.05 233.05 238.97 C 228.76 237.43 224.76 238.61 221.08 241.00 C 221.94 235.29 220.05 229.94 215.10 226.90 Z" />
<path fill="#6d5f54" d=" M 24.09 228.00 C 26.98 229.32 29.98 230.50 32.41 232.59 C 33.83 235.42 30.97 235.03 28.98 235.26 C 28.64 237.92 30.75 239.77 32.30 241.60 C 28.13 239.89 18.88 241.83 20.09 247.82 C 23.04 248.59 26.10 248.62 29.08 249.16 C 28.61 251.51 25.50 253.02 26.44 255.62 C 28.20 260.33 21.28 258.73 18.21 259.51 C 15.92 257.72 10.35 255.27 14.76 252.38 C 13.40 250.43 10.69 251.69 8.72 251.40 C 7.20 250.74 6.96 249.08 6.47 247.69 C 8.79 245.35 11.79 243.97 15.07 243.61 C 13.63 241.27 11.80 239.11 12.98 236.19 C 11.58 236.79 10.16 238.26 8.61 237.18 C 10.03 235.48 11.41 233.75 12.82 232.04 C 16.69 231.74 23.76 233.33 24.09 228.00 Z" />
<path fill="#d9b6a0" d=" M 191.99 229.92 C 197.41 227.64 197.67 233.88 202.05 233.94 C 205.73 233.85 203.08 237.62 201.96 239.15 C 198.53 236.14 194.50 233.86 191.99 229.92 Z" />
<path fill="#653218" d=" M 96.86 231.52 C 102.22 233.06 106.15 238.52 112.05 238.06 C 111.43 236.30 110.57 234.63 109.95 232.88 C 117.68 233.71 122.48 240.28 129.29 242.96 C 128.33 241.60 127.12 240.44 126.10 239.12 C 133.39 231.63 142.46 241.58 149.24 244.91 C 144.22 247.00 139.20 242.63 134.05 242.21 C 134.23 243.83 135.98 246.58 132.99 246.00 C 126.35 247.05 139.92 251.47 136.11 252.93 C 121.79 248.55 105.88 244.54 96.86 231.52 Z" />
<path fill="#42392e" d=" M 32.41 232.59 C 39.01 234.98 46.38 238.92 50.19 244.81 C 44.81 243.79 39.23 244.22 33.94 242.83 C 33.53 242.53 32.71 241.91 32.30 241.60 C 30.75 239.77 28.64 237.92 28.98 235.26 C 30.97 235.03 33.83 235.42 32.41 232.59 Z" />
<path fill="#383625" d=" M 75.12 235.59 C 76.30 232.93 79.11 232.39 81.36 234.22 C 82.90 235.82 84.45 237.49 86.53 238.39 C 89.58 241.59 93.43 243.82 96.97 246.41 C 94.54 248.73 91.13 249.56 88.31 251.30 C 82.14 255.11 72.88 245.86 77.19 240.29 C 83.12 241.69 77.97 236.33 75.12 235.59 Z" />
<path fill="#99887c" d=" M 8.61 237.18 C 10.16 238.26 11.58 236.79 12.98 236.19 C 11.80 239.11 13.63 241.27 15.07 243.61 C 11.79 243.97 8.79 245.35 6.47 247.69 C 3.83 248.42 1.90 250.42 0.00 252.27 L 0.00 248.17 C 1.61 243.81 13.25 243.50 6.64 238.70 C 7.29 238.18 7.95 237.68 8.61 237.18 Z" />
<path fill="#baaaa2" d=" M 0.00 244.24 C 2.16 242.32 4.34 240.43 6.64 238.70 C 13.25 243.50 1.61 243.81 0.00 248.17 L 0.00 244.24 Z" />
<path fill="#bbb291" d=" M 220.92 242.92 C 222.96 241.44 225.48 240.62 227.91 239.98 C 235.24 245.92 229.79 258.74 220.22 256.95 C 217.87 252.44 219.10 247.33 220.92 242.92 Z" />
<path fill="#a49c7a" d=" M 227.91 239.98 C 233.54 239.29 231.97 247.20 233.17 251.08 C 231.74 254.91 227.72 256.21 225.01 258.87 C 223.05 260.58 220.61 263.40 217.96 261.08 C 213.34 255.96 215.51 246.82 220.92 242.92 C 219.10 247.33 217.87 252.44 220.22 256.95 C 229.79 258.74 235.24 245.92 227.91 239.98 Z" />
<path fill="#282533" d=" M 20.09 247.82 C 18.88 241.83 28.13 239.89 32.30 241.60 C 32.71 241.91 33.53 242.53 33.94 242.83 C 31.88 243.73 31.52 246.11 33.48 247.36 C 38.51 249.12 34.49 255.30 35.79 259.25 L 35.66 259.89 C 26.51 264.67 17.99 271.87 6.75 268.92 C 9.27 267.18 15.06 266.69 11.85 262.70 C 13.93 261.55 16.04 260.48 18.21 259.51 C 21.28 258.73 28.20 260.33 26.44 255.62 C 25.50 253.02 28.61 251.51 29.08 249.16 C 26.10 248.62 23.04 248.59 20.09 247.82 Z" />
<path fill="#30281c" d=" M 197.93 245.57 C 199.79 244.20 201.58 242.74 203.04 240.95 C 207.26 244.31 215.77 249.80 209.76 256.56 C 209.84 263.32 205.34 268.45 203.16 274.45 C 201.11 270.34 197.53 267.17 194.18 264.11 C 191.12 261.42 188.57 258.20 185.97 255.07 C 190.04 252.01 194.10 248.93 197.93 245.57 Z" />
<path fill="#121f1a" d=" M 61.25 246.73 C 56.86 243.09 65.46 243.60 67.77 242.15 C 69.83 246.31 74.77 246.99 77.44 250.49 C 78.44 253.07 81.10 255.00 83.69 255.59 C 88.90 250.39 92.24 259.76 97.08 260.23 C 92.04 262.31 86.17 261.93 81.43 264.75 L 80.89 265.25 C 75.77 259.75 68.70 251.47 61.25 246.73 Z" />
<path fill="#93a787" d=" M 240.22 244.06 C 243.19 243.35 245.57 245.07 248.00 246.26 L 248.00 261.31 C 246.71 260.06 245.41 258.80 244.04 257.64 C 242.68 256.45 241.17 255.44 239.74 254.33 C 239.52 250.90 239.29 247.42 240.22 244.06 Z" />
<path fill="#643718" d=" M 149.91 245.18 C 155.99 244.41 160.07 246.84 164.96 249.91 C 170.01 245.18 183.94 245.71 182.10 254.89 C 178.09 255.41 175.97 259.23 174.43 262.56 C 165.90 267.73 156.49 258.65 147.75 264.77 C 145.23 265.29 143.02 264.01 141.01 262.67 C 143.29 258.77 148.43 261.80 151.58 259.55 C 153.84 258.68 156.59 255.80 158.72 258.27 C 161.36 260.51 168.75 263.54 169.11 258.14 C 164.49 258.12 159.30 258.41 164.68 254.60 C 162.55 249.00 152.97 250.79 149.91 245.18 Z" />
<path fill="#524a5b" d=" M 0.00 252.27 C 1.90 250.42 3.83 248.42 6.47 247.69 C 6.96 249.08 7.20 250.74 8.72 251.40 C 14.08 255.80 3.08 256.89 4.28 261.70 C 5.76 264.90 9.26 262.85 11.85 262.70 C 15.06 266.69 9.27 267.18 6.75 268.92 C 4.46 269.04 2.19 268.62 0.00 268.00 L 0.00 252.27 Z" />
<path fill="#606c4c" d=" M 233.17 251.08 C 236.15 245.82 237.22 252.75 239.74 254.33 C 241.17 255.44 242.68 256.45 244.04 257.64 C 242.98 258.40 239.82 258.70 241.65 260.40 C 244.67 263.76 243.50 269.10 247.02 272.10 C 247.03 272.58 247.05 273.56 247.05 274.05 C 241.58 267.41 239.48 282.43 232.87 279.64 C 232.13 279.68 230.65 279.77 229.91 279.81 C 232.85 277.95 237.82 278.38 238.53 274.33 C 234.94 269.97 233.76 264.44 231.55 259.38 C 229.90 257.23 226.65 258.80 226.25 261.18 C 225.32 264.62 221.23 266.10 220.90 269.87 C 220.16 273.45 219.72 277.16 220.08 280.81 C 222.85 282.76 227.82 284.65 229.18 280.18 L 229.91 279.81 C 230.46 287.60 222.06 284.36 217.08 283.73 C 217.89 277.44 217.13 270.50 221.02 265.11 C 222.80 263.28 225.45 261.86 225.01 258.87 C 227.72 256.21 231.74 254.91 233.17 251.08 Z" />
<path fill="#817266" d=" M 8.72 251.40 C 10.69 251.69 13.40 250.43 14.76 252.38 C 10.35 255.27 15.92 257.72 18.21 259.51 C 16.04 260.48 13.93 261.55 11.85 262.70 C 9.26 262.85 5.76 264.90 4.28 261.70 C 3.08 256.89 14.08 255.80 8.72 251.40 Z" />
<path fill="#504f3b" d=" M 101.82 260.06 C 99.65 256.60 103.50 250.96 107.79 253.14 C 111.38 255.61 112.83 259.62 112.75 263.90 C 108.41 265.64 105.68 269.59 101.68 271.75 C 97.04 272.05 92.38 272.22 87.75 271.81 C 88.92 271.33 90.09 270.87 91.25 270.35 C 86.05 271.99 84.78 266.79 81.43 264.75 C 86.17 261.93 92.04 262.31 97.08 260.23 C 98.52 258.88 100.18 259.40 101.82 260.06 Z" />
<path fill="#d8c4ad" d=" M 183.02 254.96 C 183.46 254.64 184.36 254.01 184.81 253.69 C 185.10 254.03 185.68 254.73 185.97 255.07 C 188.57 258.20 191.12 261.42 194.18 264.11 C 193.90 264.36 193.34 264.85 193.06 265.09 C 189.88 263.37 186.96 260.71 183.32 260.10 C 181.38 265.89 175.30 272.49 181.08 277.74 C 180.80 278.04 180.25 278.62 179.97 278.91 L 179.12 279.06 C 175.34 270.88 173.93 284.78 173.61 288.91 C 172.65 289.23 171.69 289.57 170.74 289.91 C 169.40 289.65 168.06 289.36 166.76 288.96 C 167.96 288.53 170.35 287.67 171.55 287.24 C 170.48 282.19 173.90 278.08 175.33 273.51 C 175.61 268.29 179.78 264.75 181.11 259.92 C 181.75 258.26 182.35 256.60 183.02 254.96 Z" />
<path fill="#747363" d=" M 43.87 255.78 C 49.31 252.63 54.76 262.38 48.88 265.24 L 48.21 265.24 C 44.60 262.59 40.44 260.89 36.51 258.79 C 38.65 257.12 41.34 256.56 43.87 255.78 Z" />
<path fill="#97643e" d=" M 174.43 262.56 C 175.97 259.23 178.09 255.41 182.10 254.89 L 183.02 254.96 C 182.35 256.60 181.75 258.26 181.11 259.92 C 176.92 259.41 177.43 264.73 174.47 266.45 C 172.41 268.93 164.99 268.66 168.68 272.90 C 166.68 274.22 164.25 274.37 162.02 275.04 C 159.07 272.87 155.79 271.12 153.17 268.55 C 157.17 266.34 149.41 266.08 147.75 264.77 C 156.49 258.65 165.90 267.73 174.43 262.56 Z" />
<path fill="#6e6c5c" d=" M 58.24 256.09 C 62.72 254.71 65.33 259.59 69.42 259.47 C 75.53 255.04 77.98 267.42 70.41 264.55 C 65.56 268.21 59.90 270.04 54.57 272.99 C 49.91 272.39 45.82 269.87 51.01 266.17 C 53.72 263.03 55.64 259.31 58.24 256.09 Z" />
<path fill="#4f4b2e" d=" M 226.25 261.18 C 226.65 258.80 229.90 257.23 231.55 259.38 C 233.76 264.44 234.94 269.97 238.53 274.33 C 237.82 278.38 232.85 277.95 229.91 279.81 L 229.18 280.18 C 227.00 276.70 226.49 267.47 220.90 269.87 C 221.23 266.10 225.32 264.62 226.25 261.18 Z" />
<path fill="#264327" d=" M 241.65 260.40 C 239.82 258.70 242.98 258.40 244.04 257.64 C 245.41 258.80 246.71 260.06 248.00 261.31 L 248.00 272.25 L 247.02 272.10 C 243.50 269.10 244.67 263.76 241.65 260.40 Z" />
<path fill="#969384" d=" M 35.79 259.25 L 36.51 258.79 C 40.44 260.89 44.60 262.59 48.21 265.24 C 47.64 268.37 44.80 268.19 42.25 267.77 C 40.05 264.41 35.38 268.62 33.07 265.75 C 32.11 263.12 35.75 262.31 35.66 259.89 L 35.79 259.25 Z" />
<path fill="#afada2" d=" M 6.75 268.92 C 17.99 271.87 26.51 264.67 35.66 259.89 C 35.75 262.31 32.11 263.12 33.07 265.75 C 35.38 268.62 40.05 264.41 42.25 267.77 C 37.57 267.27 33.06 276.22 40.05 276.35 C 44.64 279.48 35.85 283.83 35.53 288.12 C 35.35 288.47 35.00 289.17 34.83 289.52 C 32.85 292.94 31.61 296.71 30.04 300.33 C 29.54 293.99 24.47 301.17 24.03 295.87 C 14.90 291.44 13.69 280.69 6.04 274.63 C 4.33 273.25 2.09 273.03 0.00 272.70 L 0.00 268.00 C 2.19 268.62 4.46 269.04 6.75 268.92 Z" />
<path fill="#bb8c65" d=" M 174.47 266.45 C 177.43 264.73 176.92 259.41 181.11 259.92 C 179.78 264.75 175.61 268.29 175.33 273.51 C 173.90 278.08 170.48 282.19 171.55 287.24 C 170.35 287.67 167.96 288.53 166.76 288.96 C 166.20 288.79 165.07 288.47 164.51 288.31 L 165.21 287.73 C 171.91 283.77 162.45 284.00 158.81 284.65 C 157.90 284.49 156.65 282.80 155.98 283.92 C 154.82 282.63 152.64 282.90 152.90 284.97 C 150.27 285.35 151.57 282.71 151.46 281.15 C 149.98 279.04 147.64 277.76 145.35 276.72 C 148.17 274.20 143.34 270.57 142.02 268.13 C 141.68 267.79 141.01 267.10 140.67 266.76 C 145.36 265.88 149.52 270.91 152.85 273.93 C 156.14 279.53 164.45 280.62 169.34 276.35 C 166.91 275.84 164.47 275.40 162.02 275.04 C 164.25 274.37 166.68 274.22 168.68 272.90 C 164.99 268.66 172.41 268.93 174.47 266.45 Z" />
<path fill="#252016" d=" M 183.32 260.10 C 186.96 260.71 189.88 263.37 193.06 265.09 C 192.74 265.39 192.08 265.97 191.75 266.26 L 191.10 265.78 C 189.08 262.49 186.05 265.94 190.00 266.76 C 188.33 270.09 191.90 273.98 194.42 275.90 C 196.56 276.97 198.69 278.07 200.84 279.13 C 200.85 281.87 202.32 283.58 205.01 284.09 C 202.73 286.97 206.88 287.01 207.28 289.71 C 211.15 291.09 212.88 295.61 217.13 296.12 C 212.87 290.41 219.05 294.43 222.00 296.10 C 226.02 300.18 215.78 298.19 219.35 301.58 C 223.53 305.55 207.05 305.09 212.28 304.07 C 219.42 302.68 213.34 295.50 209.53 300.87 C 204.05 302.84 205.88 295.03 200.03 296.10 C 194.08 292.49 200.65 285.01 197.48 280.61 C 194.71 274.95 187.95 275.51 186.56 280.88 C 189.97 284.61 188.47 291.94 194.66 292.28 C 196.82 293.29 185.16 293.56 188.54 295.48 C 192.26 294.41 195.29 297.33 198.20 299.15 L 198.09 299.88 C 196.70 299.91 195.32 299.93 193.94 299.95 C 186.76 298.06 190.19 303.83 193.05 307.06 C 190.77 307.23 188.40 307.09 186.97 305.07 C 186.75 304.74 186.31 304.10 186.10 303.77 C 185.16 299.22 188.11 293.19 184.00 289.73 L 184.40 289.06 C 184.44 287.76 184.52 285.17 184.56 283.87 C 183.45 281.80 182.37 279.71 181.08 277.74 C 175.30 272.49 181.38 265.89 183.32 260.10 Z" />
<path fill="#3f3d32" d=" M 117.09 261.99 C 121.23 261.80 118.14 268.92 121.95 270.76 C 118.26 272.33 120.11 275.26 121.28 277.99 C 117.16 281.75 117.30 288.00 121.25 291.81 C 127.44 293.10 118.91 288.27 119.78 285.10 C 123.93 285.47 126.53 288.18 127.42 292.10 C 126.25 295.85 131.35 293.77 133.75 294.20 C 136.19 294.66 139.07 294.32 140.99 296.15 C 133.46 297.74 125.57 292.50 118.45 295.06 C 116.19 294.75 111.67 295.80 115.84 290.55 C 115.85 281.06 116.94 271.56 117.09 261.99 Z" />
<path fill="#918064" d=" M 190.00 266.76 C 186.05 265.94 189.08 262.49 191.10 265.78 C 190.83 266.02 190.28 266.52 190.00 266.76 Z" />
<path fill="#74695f" d=" M 194.18 264.11 C 197.53 267.17 201.11 270.34 203.16 274.45 C 199.16 272.01 195.42 269.17 191.75 266.26 C 192.08 265.97 192.74 265.39 193.06 265.09 C 193.34 264.85 193.90 264.36 194.18 264.11 Z" />
<path fill="#1b1720" d=" M 48.21 265.24 L 48.88 265.24 C 49.42 265.47 50.48 265.94 51.01 266.17 C 45.82 269.87 49.91 272.39 54.57 272.99 C 56.12 274.59 57.65 276.20 59.25 277.75 C 53.76 277.97 48.26 278.02 42.76 277.90 C 44.47 274.30 49.30 265.08 43.57 271.47 C 37.45 267.73 44.12 273.45 40.05 276.35 C 33.06 276.22 37.57 267.27 42.25 267.77 C 44.80 268.19 47.64 268.37 48.21 265.24 Z" />
<path fill="#757968" d=" M 81.43 264.75 C 84.78 266.79 86.05 271.99 91.25 270.35 C 90.09 270.87 88.92 271.33 87.75 271.81 C 84.36 271.92 83.05 267.35 80.89 265.25 L 81.43 264.75 Z" />
<path fill="#3d3d2d" d=" M 120.87 265.99 C 124.74 265.96 126.91 268.32 126.90 272.13 C 124.44 270.82 121.16 269.09 120.87 265.99 Z" />
<path fill="#d8cbb2" d=" M 190.00 266.76 C 190.28 266.52 190.83 266.02 191.10 265.78 L 191.75 266.26 C 195.42 269.17 199.16 272.01 203.16 274.45 C 204.96 276.40 206.81 278.32 208.71 280.18 C 210.09 281.70 212.01 282.47 213.84 283.29 L 214.11 284.19 C 210.75 285.62 207.95 280.22 205.01 284.09 C 205.27 281.12 203.83 279.34 200.84 279.13 C 198.69 278.07 196.56 276.97 194.42 275.90 C 194.05 272.48 192.44 269.17 190.00 266.76 Z" />
<path fill="#3b342c" d=" M 133.21 268.06 C 137.55 265.54 139.44 269.33 140.55 273.05 C 141.37 271.52 141.88 269.86 142.02 268.13 C 143.34 270.57 148.17 274.20 145.35 276.72 C 147.64 277.76 149.98 279.04 151.46 281.15 C 151.57 282.71 150.27 285.35 152.90 284.97 C 153.53 286.03 156.76 290.14 153.85 288.14 C 150.21 285.43 153.47 290.47 153.84 292.27 C 152.07 291.30 150.45 290.11 148.74 289.06 C 149.45 290.60 153.82 295.51 149.81 294.20 C 146.23 291.09 148.35 297.99 150.81 298.24 C 150.13 299.23 149.32 300.13 148.48 301.00 C 148.17 300.76 147.55 300.29 147.24 300.06 C 145.70 298.90 143.88 298.22 142.31 297.13 C 144.84 291.62 143.05 285.32 142.57 279.52 C 143.75 271.42 138.58 276.51 134.88 275.14 C 132.19 274.84 129.29 275.56 126.85 274.25 C 130.93 274.38 129.79 273.38 126.90 272.13 C 129.71 267.22 138.11 275.11 133.21 268.06 Z" />
<path fill="#866a4b" d=" M 190.00 266.76 C 192.44 269.17 194.05 272.48 194.42 275.90 C 191.90 273.98 188.33 270.09 190.00 266.76 Z" />
<path fill="#4b3c30" d=" M 43.57 271.47 C 49.30 265.08 44.47 274.30 42.76 277.90 C 48.26 278.02 53.76 277.97 59.25 277.75 C 65.31 280.80 72.70 284.09 70.68 292.44 C 62.99 289.97 57.20 282.37 48.82 282.10 C 50.15 284.63 52.40 286.49 53.93 288.88 C 52.11 291.26 49.96 286.92 48.05 286.11 C 44.22 282.14 39.17 285.92 35.53 288.12 C 35.85 283.83 44.64 279.48 40.05 276.35 C 44.12 273.45 37.45 267.73 43.57 271.47 Z" />
<path fill="#322918" d=" M 220.90 269.87 C 226.49 267.47 227.00 276.70 229.18 280.18 C 227.82 284.65 222.85 282.76 220.08 280.81 C 219.72 277.16 220.16 273.45 220.90 269.87 Z" />
<path fill="#565140" d=" M 121.28 277.99 C 120.11 275.26 118.26 272.33 121.95 270.76 C 123.54 271.99 125.11 273.24 126.85 274.25 C 129.29 275.56 132.19 274.84 134.88 275.14 C 137.63 277.48 142.85 279.88 140.29 284.17 C 139.77 290.52 133.14 294.44 127.42 292.10 C 129.73 288.60 134.51 287.73 135.94 283.03 C 132.42 283.15 129.54 281.62 127.23 279.03 C 127.88 283.33 123.79 284.99 119.78 283.97 C 120.99 277.02 128.88 277.72 134.21 278.93 C 130.98 275.23 125.25 275.74 121.28 277.99 Z" />
<path fill="#8d875f" d=" M 232.87 279.64 C 239.48 282.43 241.58 267.41 247.05 274.05 C 246.30 280.69 250.27 293.28 240.45 294.56 C 241.25 300.92 235.86 304.34 231.88 308.01 C 230.31 308.15 229.61 306.58 228.67 305.65 C 229.63 301.27 230.63 296.90 231.92 292.61 C 235.97 293.04 233.16 300.30 236.83 299.85 C 240.48 293.77 238.35 284.13 232.87 279.64 Z" />
<path fill="#4b5936" d=" M 247.02 272.10 L 248.00 272.25 L 248.00 292.46 C 247.00 298.16 238.25 295.27 240.84 303.02 C 238.98 309.05 242.64 314.52 242.00 320.00 L 236.11 320.00 C 232.72 316.77 233.77 310.15 227.93 309.75 C 228.14 308.38 228.36 307.00 228.67 305.65 C 229.61 306.58 230.31 308.15 231.88 308.01 C 235.86 304.34 241.25 300.92 240.45 294.56 C 250.27 293.28 246.30 280.69 247.05 274.05 C 247.05 273.56 247.03 272.58 247.02 272.10 Z" />
<path fill="#3a3245" d=" M 0.00 272.70 C 2.09 273.03 4.33 273.25 6.04 274.63 C 5.77 275.34 3.10 276.58 4.87 276.97 C 9.68 278.06 11.00 283.00 12.11 287.08 C 7.86 285.49 5.72 279.85 0.00 280.74 L 0.00 272.70 Z" />
<path fill="#955d39" d=" M 152.85 273.93 C 156.00 272.32 158.98 276.26 162.02 275.04 C 164.47 275.40 166.91 275.84 169.34 276.35 C 164.45 280.62 156.14 279.53 152.85 273.93 Z" />
<path fill="#7c755c" d=" M 134.88 275.14 C 138.58 276.51 143.75 271.42 142.57 279.52 C 143.05 285.32 144.84 291.62 142.31 297.13 C 141.98 296.89 141.32 296.39 140.99 296.15 C 139.07 294.32 136.19 294.66 133.75 294.20 C 138.77 293.28 141.34 289.42 140.29 284.17 C 142.85 279.88 137.63 277.48 134.88 275.14 Z" />
<path fill="#26222c" d=" M 4.87 276.97 C 3.10 276.58 5.77 275.34 6.04 274.63 C 13.69 280.69 14.90 291.44 24.03 295.87 C 23.36 299.09 24.76 300.57 28.00 300.30 C 28.21 308.05 20.70 298.14 16.99 302.89 C 20.35 298.81 13.43 301.53 14.54 298.02 C 11.42 299.24 8.25 298.52 6.52 295.49 C 7.14 291.71 5.50 283.54 0.00 286.82 L 0.00 280.74 C 5.72 279.85 7.86 285.49 12.11 287.08 C 11.00 283.00 9.68 278.06 4.87 276.97 Z" />
<path fill="#161112" d=" M 121.28 277.99 C 125.25 275.74 130.98 275.23 134.21 278.93 C 128.88 277.72 120.99 277.02 119.78 283.97 C 123.79 284.99 127.88 283.33 127.23 279.03 C 129.54 281.62 132.42 283.15 135.94 283.03 C 134.51 287.73 129.73 288.60 127.42 292.10 C 126.53 288.18 123.93 285.47 119.78 285.10 C 118.91 288.27 127.44 293.10 121.25 291.81 C 117.30 288.00 117.16 281.75 121.28 277.99 Z" />
<path fill="#422a19" d=" M 173.61 288.91 C 173.93 284.78 175.34 270.88 179.12 279.06 C 179.10 281.71 179.08 284.37 179.05 287.04 C 177.31 287.85 175.44 288.33 173.61 288.91 Z" />
<path fill="#434530" d=" M 186.56 280.88 C 187.95 275.51 194.71 274.95 197.48 280.61 C 189.27 278.72 194.06 287.61 194.66 292.28 C 188.47 291.94 189.97 284.61 186.56 280.88 Z" />
<path fill="#ebe8d8" d=" M 179.97 278.91 C 180.25 278.62 180.80 278.04 181.08 277.74 C 182.37 279.71 183.45 281.80 184.56 283.87 C 183.25 285.30 183.16 287.55 184.40 289.06 L 184.00 289.73 C 183.72 290.20 183.16 291.14 182.87 291.60 C 182.43 291.65 181.54 291.74 181.10 291.79 C 179.68 290.40 177.60 290.63 175.90 291.29 C 174.18 290.83 172.47 290.33 170.74 289.91 C 171.69 289.57 172.65 289.23 173.61 288.91 C 175.44 288.33 177.31 287.85 179.05 287.04 C 181.78 285.05 180.37 281.62 179.97 278.91 Z" />
<path fill="#907a57" d=" M 179.12 279.06 L 179.97 278.91 C 180.37 281.62 181.78 285.05 179.05 287.04 C 179.08 284.37 179.10 281.71 179.12 279.06 Z" />
<path fill="#8b8a70" d=" M 200.84 279.13 C 203.83 279.34 205.27 281.12 205.01 284.09 C 202.32 283.58 200.85 281.87 200.84 279.13 Z" />
<path fill="#a79f79" d=" M 229.91 279.81 C 230.65 279.77 232.13 279.68 232.87 279.64 C 238.35 284.13 240.48 293.77 236.83 299.85 C 233.16 300.30 235.97 293.04 231.92 292.61 C 231.77 290.43 234.86 284.28 230.74 286.81 C 229.07 286.75 225.72 286.62 224.04 286.55 C 220.74 285.72 217.42 284.94 214.11 284.19 L 213.84 283.29 C 214.92 283.42 216.00 283.57 217.08 283.73 C 222.06 284.36 230.46 287.60 229.91 279.81 Z" />
<path fill="#3a352b" d=" M 88.86 280.89 C 93.24 282.02 95.62 286.40 98.84 289.24 C 99.35 290.02 99.84 290.79 100.34 291.58 C 99.76 291.59 98.60 291.60 98.02 291.61 C 93.96 289.05 90.71 285.29 88.86 280.89 Z" />
<path fill="#676956" d=" M 194.66 292.28 C 194.06 287.61 189.27 278.72 197.48 280.61 C 200.65 285.01 194.08 292.49 200.03 296.10 C 199.44 297.12 198.79 298.12 198.20 299.15 C 195.29 297.33 192.26 294.41 188.54 295.48 C 185.16 293.56 196.82 293.29 194.66 292.28 Z" />
<path fill="#685443" d=" M 48.82 282.10 C 57.20 282.37 62.99 289.97 70.68 292.44 C 75.02 295.61 77.94 290.95 76.14 286.87 C 79.19 288.28 81.74 290.48 84.21 292.72 C 78.55 293.95 82.81 299.30 83.92 302.90 C 82.94 304.53 80.74 305.30 79.03 306.07 C 72.50 300.86 65.60 293.62 56.67 293.69 C 51.95 291.49 46.29 291.08 41.98 288.39 C 42.52 288.05 43.60 287.36 44.15 287.02 C 45.45 286.72 46.75 286.42 48.05 286.11 C 49.96 286.92 52.11 291.26 53.93 288.88 C 52.40 286.49 50.15 284.63 48.82 282.10 Z" />
<path fill="#6f7663" d=" M 205.01 284.09 C 207.95 280.22 210.75 285.62 214.11 284.19 C 217.42 284.94 220.74 285.72 224.04 286.55 C 222.26 287.84 224.10 288.97 224.98 290.10 C 211.98 288.84 225.28 293.34 229.82 293.97 C 229.64 294.54 229.30 295.69 229.13 296.26 C 226.76 296.73 224.37 296.30 222.00 296.10 C 219.05 294.43 212.87 290.41 217.13 296.12 C 212.88 295.61 211.15 291.09 207.28 289.71 C 206.88 287.01 202.73 286.97 205.01 284.09 Z" />
<path fill="#54433c" d=" M 152.90 284.97 C 152.64 282.90 154.82 282.63 155.98 283.92 C 156.37 286.17 154.16 285.82 152.90 284.97 Z" />
<path fill="#a29382" d=" M 155.98 283.92 C 156.65 282.80 157.90 284.49 158.81 284.65 C 160.83 285.89 162.98 286.91 165.21 287.73 L 164.51 288.31 C 156.76 284.12 154.43 293.22 150.81 298.24 C 148.35 297.99 146.23 291.09 149.81 294.20 C 153.82 295.51 149.45 290.60 148.74 289.06 C 150.45 290.11 152.07 291.30 153.84 292.27 C 153.47 290.47 150.21 285.43 153.85 288.14 C 156.76 290.14 153.53 286.03 152.90 284.97 C 154.16 285.82 156.37 286.17 155.98 283.92 Z" />
<path fill="#a9a08b" d=" M 35.53 288.12 C 39.17 285.92 44.22 282.14 48.05 286.11 C 46.75 286.42 45.45 286.72 44.15 287.02 C 41.27 287.27 38.41 289.06 35.53 288.12 Z" />
<path fill="#181711" d=" M 127.42 292.10 C 133.14 294.44 139.77 290.52 140.29 284.17 C 141.34 289.42 138.77 293.28 133.75 294.20 C 131.35 293.77 126.25 295.85 127.42 292.10 Z" />
<path fill="#8e642e" d=" M 158.81 284.65 C 162.45 284.00 171.91 283.77 165.21 287.73 C 162.98 286.91 160.83 285.89 158.81 284.65 Z" />
<path fill="#6e746e" d=" M 184.56 283.87 C 184.52 285.17 184.44 287.76 184.40 289.06 C 183.16 287.55 183.25 285.30 184.56 283.87 Z" />
<path fill="#554b40" d=" M 0.00 286.82 C 5.50 283.54 7.14 291.71 6.52 295.49 C 8.25 298.52 11.42 299.24 14.54 298.02 C 13.43 301.53 20.35 298.81 16.99 302.89 C 15.04 303.54 12.87 304.66 12.86 307.04 C 14.73 306.55 16.90 304.37 18.27 306.81 C 12.26 308.33 6.10 309.11 0.00 310.20 L 0.00 306.10 C 4.81 304.80 11.21 307.34 14.24 302.13 C 8.25 299.32 5.94 305.17 0.00 305.06 L 0.00 286.82 Z" />
<path fill="#cac6b1" d=" M 230.74 286.81 C 234.86 284.28 231.77 290.43 231.92 292.61 C 230.63 296.90 229.63 301.27 228.67 305.65 C 228.36 307.00 228.14 308.38 227.93 309.75 L 227.73 310.69 C 227.27 310.78 226.37 310.95 225.91 311.04 C 226.43 308.41 226.95 305.79 227.38 303.14 C 227.91 300.81 228.48 298.54 229.13 296.26 C 229.30 295.69 229.64 294.54 229.82 293.97 C 230.52 291.65 230.54 289.20 230.74 286.81 Z" />
<path fill="#574835" d=" M 35.53 288.12 C 38.41 289.06 41.27 287.27 44.15 287.02 C 43.60 287.36 42.52 288.05 41.98 288.39 C 46.29 291.08 51.95 291.49 56.67 293.69 C 59.81 296.99 64.45 297.57 68.21 299.85 C 66.45 300.12 64.69 300.26 62.93 300.39 C 63.45 303.26 65.75 305.10 67.78 306.95 C 65.00 306.66 64.73 309.66 63.22 311.25 C 61.63 302.79 56.97 294.57 48.07 292.03 C 43.43 288.34 41.44 299.67 48.42 296.46 C 51.36 302.63 56.39 309.17 63.22 311.25 C 61.57 312.45 59.87 313.57 58.22 314.78 C 52.43 307.95 50.10 303.53 42.05 297.93 C 40.94 295.85 32.27 295.47 36.16 292.01 C 37.48 291.19 35.14 290.30 34.83 289.52 C 35.00 289.17 35.35 288.47 35.53 288.12 Z" />
<path fill="#070607" d=" M 150.81 298.24 C 154.43 293.22 156.76 284.12 164.51 288.31 C 165.07 288.47 166.20 288.79 166.76 288.96 C 168.06 289.36 169.40 289.65 170.74 289.91 C 172.47 290.33 174.18 290.83 175.90 291.29 C 177.38 292.51 179.38 292.37 181.10 291.79 C 181.54 291.74 182.43 291.65 182.87 291.60 C 183.18 291.92 183.78 292.55 184.08 292.87 C 184.66 299.24 182.68 306.05 184.76 312.24 C 185.69 314.80 186.63 317.36 187.32 320.00 L 139.39 320.00 C 137.15 316.15 133.12 314.77 131.74 320.00 L 126.30 320.00 C 122.31 315.85 118.33 311.68 114.12 307.74 C 110.97 304.04 108.07 300.14 104.84 296.52 C 103.59 294.66 102.25 292.81 100.34 291.58 C 99.84 290.79 99.35 290.02 98.84 289.24 C 100.84 289.53 102.85 289.57 104.86 289.59 C 105.92 292.65 106.62 296.67 110.18 297.71 C 113.88 297.65 129.43 297.68 118.45 295.06 C 125.57 292.50 133.46 297.74 140.99 296.15 C 141.32 296.39 141.98 296.89 142.31 297.13 C 143.88 298.22 145.70 298.90 147.24 300.06 C 142.35 301.51 140.55 306.83 138.86 311.10 C 142.54 308.67 144.80 303.91 148.48 301.00 C 149.32 300.13 150.13 299.23 150.81 298.24 Z" />
<path fill="#43473a" d=" M 224.98 290.10 C 224.10 288.97 222.26 287.84 224.04 286.55 C 225.72 286.62 229.07 286.75 230.74 286.81 C 230.54 289.20 230.52 291.65 229.82 293.97 C 225.28 293.34 211.98 288.84 224.98 290.10 Z" />
<path fill="#3e3123" d=" M 30.04 300.33 C 31.61 296.71 32.85 292.94 34.83 289.52 C 35.14 290.30 37.48 291.19 36.16 292.01 C 32.27 295.47 40.94 295.85 42.05 297.93 C 50.10 303.53 52.43 307.95 58.22 314.78 C 55.89 321.56 49.65 312.49 45.06 312.87 C 43.34 309.72 39.48 307.90 35.96 307.85 C 37.89 311.39 40.85 313.67 45.06 312.87 C 47.57 315.16 49.16 318.54 52.31 320.00 L 46.35 320.00 C 40.45 315.22 31.01 313.70 27.38 307.05 C 28.29 304.82 29.15 302.56 30.04 300.33 Z" />
<path fill="#a8a59d" d=" M 182.87 291.60 C 183.16 291.14 183.72 290.20 184.00 289.73 C 188.11 293.19 185.16 299.22 186.10 303.77 C 186.12 306.59 185.71 309.54 186.75 312.25 C 187.59 314.82 188.39 317.41 189.18 320.00 L 187.32 320.00 C 186.63 317.36 185.69 314.80 184.76 312.24 C 183.82 306.04 187.07 298.56 184.08 292.87 C 183.78 292.55 183.18 291.92 182.87 291.60 Z" />
<path fill="#3d2f20" d=" M 48.42 296.46 C 41.44 299.67 43.43 288.34 48.07 292.03 C 56.97 294.57 61.63 302.79 63.22 311.25 C 56.39 309.17 51.36 302.63 48.42 296.46 Z" />
<path fill="#717266" d=" M 175.90 291.29 C 177.60 290.63 179.68 290.40 181.10 291.79 C 179.38 292.37 177.38 292.51 175.90 291.29 Z" />
<path fill="#646a56" d=" M 101.05 297.07 C 98.96 295.71 95.26 294.56 98.02 291.61 C 98.60 291.60 99.76 291.59 100.34 291.58 C 102.25 292.81 103.59 294.66 104.84 296.52 C 103.08 300.58 114.27 306.19 106.91 306.31 C 109.05 310.41 114.91 315.73 111.99 320.00 L 110.36 320.00 C 104.14 316.95 104.83 308.99 98.90 305.50 C 103.42 305.49 101.60 299.94 101.05 297.07 Z" />
<path fill="#7f7f6a" d=" M 56.67 293.69 C 65.60 293.62 72.50 300.86 79.03 306.07 C 80.74 305.30 82.94 304.53 83.92 302.90 C 82.81 299.30 78.55 293.95 84.21 292.72 C 83.34 294.24 84.62 295.96 86.30 295.73 C 89.03 298.11 91.41 300.85 93.84 303.53 C 94.46 309.29 100.68 313.89 102.13 320.00 L 93.03 320.00 C 91.02 315.22 89.33 310.31 87.71 305.39 C 93.78 304.43 86.46 296.75 83.06 296.83 C 83.93 298.81 85.01 300.70 85.84 302.71 C 85.56 305.50 85.42 308.36 85.71 311.18 C 83.68 310.43 78.74 305.40 80.76 310.27 C 76.24 307.20 72.86 302.71 68.21 299.85 C 64.45 297.57 59.81 296.99 56.67 293.69 Z" />
<path fill="#634f3b" d=" M 84.21 292.72 C 85.32 293.37 86.15 294.42 86.30 295.73 C 84.62 295.96 83.34 294.24 84.21 292.72 Z" />
<path fill="#403935" d=" M 184.08 292.87 C 187.07 298.56 183.82 306.04 184.76 312.24 C 182.68 306.05 184.66 299.24 184.08 292.87 Z" />
<path fill="#172d17" d=" M 240.84 303.02 C 238.25 295.27 247.00 298.16 248.00 292.46 L 248.00 320.00 L 242.00 320.00 C 242.64 314.52 238.98 309.05 240.84 303.02 Z" />
<path fill="#787066" d=" M 24.03 295.87 C 24.47 301.17 29.54 293.99 30.04 300.33 C 29.15 302.56 28.29 304.82 27.38 307.05 C 26.10 310.90 21.06 307.28 18.27 306.81 C 16.90 304.37 14.73 306.55 12.86 307.04 C 12.87 304.66 15.04 303.54 16.99 302.89 C 20.70 298.14 28.21 308.05 28.00 300.30 C 24.76 300.57 23.36 299.09 24.03 295.87 Z" />
<path fill="#54543f" d=" M 200.03 296.10 C 205.88 295.03 204.05 302.84 209.53 300.87 C 208.71 302.95 210.80 303.37 212.28 304.07 C 207.05 305.09 223.53 305.55 219.35 301.58 C 215.78 298.19 226.02 300.18 222.00 296.10 C 224.37 296.30 226.76 296.73 229.13 296.26 C 228.48 298.54 227.91 300.81 227.38 303.14 C 227.70 300.48 224.64 301.10 223.62 302.59 C 218.42 307.13 211.86 310.24 205.01 311.24 C 208.49 312.70 209.69 316.27 211.87 319.03 C 209.31 318.79 206.84 319.11 204.48 320.00 L 202.27 320.00 C 200.11 315.88 198.11 311.66 195.44 307.83 L 195.53 307.02 C 199.60 308.47 203.71 309.94 208.09 310.13 C 204.75 306.72 201.60 303.11 198.09 299.88 L 198.20 299.15 C 198.79 298.12 199.44 297.12 200.03 296.10 Z" />
<path fill="#725b40" d=" M 83.06 296.83 C 86.46 296.75 93.78 304.43 87.71 305.39 C 87.07 304.50 86.45 303.61 85.84 302.71 C 85.01 300.70 83.93 298.81 83.06 296.83 Z" />
<path fill="#9a9780" d=" M 106.91 306.31 C 114.27 306.19 103.08 300.58 104.84 296.52 C 108.07 300.14 110.97 304.04 114.12 307.74 C 106.26 308.50 118.57 315.22 118.42 320.00 L 111.99 320.00 C 114.91 315.73 109.05 310.41 106.91 306.31 Z" />
<path fill="#ccc6b9" d=" M 209.53 300.87 C 213.34 295.50 219.42 302.68 212.28 304.07 C 210.80 303.37 208.71 302.95 209.53 300.87 Z" />
<path fill="#161c13" d=" M 62.93 300.39 C 64.69 300.26 66.45 300.12 68.21 299.85 C 72.86 302.71 76.24 307.20 80.76 310.27 C 83.47 313.39 86.34 316.45 88.53 320.00 L 75.30 320.00 C 74.96 314.74 70.74 310.96 67.78 306.95 C 65.75 305.10 63.45 303.26 62.93 300.39 Z" />
<path fill="#656a5e" d=" M 147.24 300.06 C 147.55 300.29 148.17 300.76 148.48 301.00 C 144.80 303.91 142.54 308.67 138.86 311.10 C 140.55 306.83 142.35 301.51 147.24 300.06 Z" />
<path fill="#665f41" d=" M 193.05 307.06 C 190.19 303.83 186.76 298.06 193.94 299.95 C 196.87 301.60 196.49 304.33 195.53 307.02 C 194.91 307.03 193.67 307.05 193.05 307.06 Z" />
<path fill="#9a8f75" d=" M 193.94 299.95 C 195.32 299.93 196.70 299.91 198.09 299.88 C 201.60 303.11 204.75 306.72 208.09 310.13 C 203.71 309.94 199.60 308.47 195.53 307.02 C 196.49 304.33 196.87 301.60 193.94 299.95 Z" />
<path fill="#726a5f" d=" M 0.00 305.06 C 5.94 305.17 8.25 299.32 14.24 302.13 C 11.21 307.34 4.81 304.80 0.00 306.10 L 0.00 305.06 Z" />
<path fill="#1b1d18" d=" M 223.62 302.59 C 224.64 301.10 227.70 300.48 227.38 303.14 C 226.95 305.79 226.43 308.41 225.91 311.04 C 225.45 312.99 225.05 314.96 225.01 316.98 C 224.98 317.73 224.93 319.24 224.90 320.00 L 204.48 320.00 C 206.84 319.11 209.31 318.79 211.87 319.03 C 209.69 316.27 208.49 312.70 205.01 311.24 C 211.86 310.24 218.42 307.13 223.62 302.59 Z" />
<path fill="#9bac94" d=" M 85.71 311.18 C 85.42 308.36 85.56 305.50 85.84 302.71 C 86.45 303.61 87.07 304.50 87.71 305.39 C 89.33 310.31 91.02 315.22 93.03 320.00 L 88.53 320.00 C 86.34 316.45 83.47 313.39 80.76 310.27 C 78.74 305.40 83.68 310.43 85.71 311.18 Z" />
<path fill="#a1ad9c" d=" M 102.13 320.00 C 100.68 313.89 94.46 309.29 93.84 303.53 C 94.90 304.66 95.92 305.85 96.90 307.05 C 99.95 311.18 102.48 315.65 105.20 320.00 L 102.13 320.00 Z" />
<path fill="#64615d" d=" M 186.10 303.77 C 186.31 304.10 186.75 304.74 186.97 305.07 C 186.91 306.86 186.80 310.45 186.75 312.25 C 185.71 309.54 186.12 306.59 186.10 303.77 Z" />
<path fill="#2b3527" d=" M 96.90 307.05 C 97.47 306.37 98.13 305.85 98.90 305.50 C 104.83 308.99 104.14 316.95 110.36 320.00 L 105.20 320.00 C 102.48 315.65 99.95 311.18 96.90 307.05 Z" />
<path fill="#090a09" d=" M 186.97 305.07 C 188.40 307.09 190.77 307.23 193.05 307.06 C 193.67 307.05 194.91 307.03 195.53 307.02 L 195.44 307.83 C 194.22 312.32 197.35 316.27 199.36 320.00 L 189.18 320.00 C 188.39 317.41 187.59 314.82 186.75 312.25 C 186.80 310.45 186.91 306.86 186.97 305.07 Z" />
<path fill="#140f0d" d=" M 0.00 310.20 C 6.10 309.11 12.26 308.33 18.27 306.81 C 21.06 307.28 26.10 310.90 27.38 307.05 C 31.01 313.70 40.45 315.22 46.35 320.00 L 42.45 320.00 C 40.73 317.47 36.39 315.40 38.95 320.00 L 30.22 320.00 C 29.97 317.28 29.55 314.57 28.79 311.95 C 24.51 316.97 18.03 313.00 14.14 309.16 C 12.27 313.57 8.27 316.19 5.62 320.00 L 3.11 320.00 C 2.42 318.66 -0.19 317.15 1.71 315.75 C 3.66 312.21 9.63 317.12 9.92 312.09 C 7.11 310.26 1.69 310.91 0.00 314.21 L 0.00 310.20 Z" />
<path fill="#5f6c5a" d=" M 63.22 311.25 C 64.73 309.66 65.00 306.66 67.78 306.95 C 70.74 310.96 74.96 314.74 75.30 320.00 L 52.31 320.00 C 49.16 318.54 47.57 315.16 45.06 312.87 C 49.65 312.49 55.89 321.56 58.22 314.78 C 59.87 313.57 61.57 312.45 63.22 311.25 Z" />
<path fill="#796551" d=" M 35.96 307.85 C 39.48 307.90 43.34 309.72 45.06 312.87 C 40.85 313.67 37.89 311.39 35.96 307.85 Z" />
<path fill="#cdc7ad" d=" M 118.42 320.00 C 118.57 315.22 106.26 308.50 114.12 307.74 C 118.33 311.68 122.31 315.85 126.30 320.00 L 118.42 320.00 Z" />
<path fill="#283122" d=" M 199.36 320.00 C 197.35 316.27 194.22 312.32 195.44 307.83 C 198.11 311.66 200.11 315.88 202.27 320.00 L 199.36 320.00 Z" />
<path fill="#302621" d=" M 14.14 309.16 C 18.03 313.00 24.51 316.97 28.79 311.95 C 29.55 314.57 29.97 317.28 30.22 320.00 L 5.62 320.00 C 8.27 316.19 12.27 313.57 14.14 309.16 Z" />
<path fill="#11150e" d=" M 227.93 309.75 C 233.77 310.15 232.72 316.77 236.11 320.00 L 228.29 320.00 C 227.81 318.97 227.33 317.94 226.85 316.91 C 227.03 314.82 227.30 312.74 227.73 310.69 L 227.93 309.75 Z" />
<path fill="#38322c" d=" M 0.00 314.21 C 1.69 310.91 7.11 310.26 9.92 312.09 C 9.63 317.12 3.66 312.21 1.71 315.75 C -0.19 317.15 2.42 318.66 3.11 320.00 L 0.00 320.00 L 0.00 314.21 Z" />
<path fill="#6a6866" d=" M 225.91 311.04 C 226.37 310.95 227.27 310.78 227.73 310.69 C 227.30 312.74 227.03 314.82 226.85 316.91 C 226.39 316.93 225.47 316.96 225.01 316.98 C 225.05 314.96 225.45 312.99 225.91 311.04 Z" />
<path fill="#4a5044" d=" M 131.74 320.00 C 133.12 314.77 137.15 316.15 139.39 320.00 L 131.74 320.00 Z" />
<path fill="#584d46" d=" M 38.95 320.00 C 36.39 315.40 40.73 317.47 42.45 320.00 L 38.95 320.00 Z" />
<path fill="#c5c0b6" d=" M 225.01 316.98 C 225.47 316.96 226.39 316.93 226.85 316.91 C 227.33 317.94 227.81 318.97 228.29 320.00 L 224.90 320.00 C 224.93 319.24 224.98 317.73 225.01 316.98 Z" />
</svg>
